2026-09-09 21:52:42 [INFO] บัญชี 106516572 (Demo) server FBS-Demo balance 1000.00 USD
2026-09-09 21:52:42 [INFO] โหมด: เฝ้าดูอย่างเดียว ไม่ส่งคำสั่ง
2026-09-09 21:52:42 [INFO] ตลาด: XAUUSD | เข้า M15 | เทรนด์ H1 | ยืนยัน M5
2026-09-09 21:52:42 [INFO] ตัวกรองที่เปิด: เทรนด์ H1, ADX >= 20, RSI 30-70, M5 ไม่สวนทาง, spread <= 50
2026-09-09 21:52:42 [INFO] ความเสี่ยง: 1.0% ต่อไม้ | SL 1.5xATR | TP 3.0xATR
2026-09-09 21:52:42 [INFO] ดูแลไม้: เสมอทุนที่ 1.0R, ไล่ stop จาก 1.5R ห่าง 2.0xATR | ตัวตัดวงจร: ขาดทุน 3.0%/วัน, 5 ไม้/วัน, แพ้ติดกัน 3
2026-09-09 21:52:42 [INFO] เก็บกำไรบางส่วน: 50% ที่ 1.0R | heartbeat ทุก 12 ชั่วโมง
2026-09-09 21:52:42 [INFO] Symbol: 2 หลัก, point 0.01, lot 0.01-500.00 ก้าว 0.01, stops level 0 points
2026-09-09 21:52:42 [INFO] เวลาเซิร์ฟเวอร์ broker = GMT+3 (ใช้ตั้ง SESSION_HOURS)
2026-09-09 21:52:42 [INFO] เริ่มวันใหม่ 2026-09-09 ทุนต้นวัน 1000.00
2026-09-09 21:52:42 [INFO] ส่ง heartbeat: ถืออยู่ 0 ไม้ equity 1000.00
2026-09-09 21:52:42 [DEBUG] รอบตรวจ: แท่งล่าสุด 2026-09-09 17:30:00 close 4418.84 spread 23.0 (แท่งใหม่)
2026-09-09 21:52:42 [INFO] แท่งปิด 2026-09-09 17:30:00 | Close 4418.84 | H1 DOWNTREND | M5 UPTREND | RSI 58.7 | ADX 30.4 | ATR 10.10 | Spread 23.0
2026-09-09 21:52:42 [INFO] คำตัดสิน: HOLD — ยังไม่มีสัญญาณตัดกัน
2026-09-09 21:52:42 [DEBUG]   [ไม่ผ่าน] สัญญาณตัดกัน M15: MA20/MA50 ให้ HOLD
2026-09-09 21:53:12 [DEBUG] รอบตรวจ: แท่งล่าสุด 2026-09-09 17:30:00 close 4418.84 spread 25.0 (ประมวลผลแล้ว)
2026-09-09 21:53:42 [DEBUG] รอบตรวจ: แท่งล่าสุด 2026-09-09 17:30:00 close 4418.84 spread 23.0 (ประมวลผลแล้ว)
2026-09-09 21:54:12 [DEBUG] รอบตรวจ: แท่งล่าสุด 2026-09-09 17:30:00 close 4418.84 spread 27.0 (ประมวลผลแล้ว)
2026-09-09 21:54:42 [DEBUG] รอบตรวจ: แท่งล่าสุด 2026-09-09 17:30:00 close 4418.84 spread 23.0 (ประมวลผลแล้ว)
2026-09-09 21:55:12 [DEBUG] รอบตรวจ: แท่งล่าสุด 2026-09-09 17:30:00 close 4418.84 spread 23.0 (ประมวลผลแล้ว)
2026-09-09 21:55:42 [DEBUG] รอบตรวจ: แท่งล่าสุด 2026-09-09 17:30:00 close 4418.84 spread 28.0 (ประมวลผลแล้ว)
2026-09-09 21:56:12 [DEBUG] รอบตรวจ: แท่งล่าสุด 2026-09-09 17:30:00 close 4418.84 spread 27.0 (ประมวลผลแล้ว)
2026-09-09 21:56:42 [DEBUG] รอบตรวจ: แท่งล่าสุด 2026-09-09 17:30:00 close 4418.84 spread 23.0 (ประมวลผลแล้ว)
2026-09-09 21:57:12 [DEBUG] รอบตรวจ: แท่งล่าสุด 2026-09-09 17:30:00 close 4418.84 spread 23.0 (ประมวลผลแล้ว)
2026-09-09 21:57:42 [DEBUG] รอบตรวจ: แท่งล่าสุด 2026-09-09 17:30:00 close 4418.84 spread 25.0 (ประมวลผลแล้ว)
2026-09-09 21:58:12 [DEBUG] รอบตรวจ: แท่งล่าสุด 2026-09-09 17:30:00 close 4418.84 spread 23.0 (ประมวลผลแล้ว)
2026-09-09 21:58:42 [DEBUG] รอบตรวจ: แท่งล่าสุด 2026-09-09 17:30:00 close 4418.84 spread 23.0 (ประมวลผลแล้ว)
2026-09-09 21:59:12 [DEBUG] รอบตรวจ: แท่งล่าสุด 2026-09-09 17:30:00 close 4418.84 spread 23.0 (ประมวลผลแล้ว)
2026-09-09 21:59:42 [DEBUG] รอบตรวจ: แท่งล่าสุด 2026-09-09 17:30:00 close 4418.84 spread 25.0 (ประมวลผลแล้ว)
2026-09-09 22:00:12 [DEBUG] รอบตรวจ: แท่งล่าสุด 2026-09-09 17:45:00 close 4418.67 spread 23.0 (แท่งใหม่)
2026-09-09 22:00:12 [INFO] แท่งปิด 2026-09-09 17:45:00 | Close 4418.67 | H1 DOWNTREND | M5 UPTREND | RSI 58.6 | ADX 30.5 | ATR 9.97 | Spread 23.0
2026-09-09 22:00:12 [INFO] คำตัดสิน: HOLD — ยังไม่มีสัญญาณตัดกัน
2026-09-09 22:00:12 [DEBUG]   [ไม่ผ่าน] สัญญาณตัดกัน M15: MA20/MA50 ให้ HOLD
2026-09-09 22:00:42 [DEBUG] รอบตรวจ: แท่งล่าสุด 2026-09-09 17:45:00 close 4418.67 spread 23.0 (ประมวลผลแล้ว)
2026-09-09 22:01:12 [DEBUG] รอบตรวจ: แท่งล่าสุด 2026-09-09 17:45:00 close 4418.67 spread 23.0 (ประมวลผลแล้ว)
2026-09-09 22:01:42 [DEBUG] รอบตรวจ: แท่งล่าสุด 2026-09-09 17:45:00 close 4418.67 spread 37.0 (ประมวลผลแล้ว)
2026-09-09 22:02:12 [DEBUG] รอบตรวจ: แท่งล่าสุด 2026-09-09 17:45:00 close 4418.67 spread 33.0 (ประมวลผลแล้ว)
2026-09-09 22:02:42 [DEBUG] รอบตรวจ: แท่งล่าสุด 2026-09-09 17:45:00 close 4418.67 spread 29.0 (ประมวลผลแล้ว)
2026-09-09 22:03:12 [DEBUG] รอบตรวจ: แท่งล่าสุด 2026-09-09 17:45:00 close 4418.67 spread 37.0 (ประมวลผลแล้ว)
2026-09-09 22:03:42 [DEBUG] รอบตรวจ: แท่งล่าสุด 2026-09-09 17:45:00 close 4418.67 spread 26.0 (ประมวลผลแล้ว)
2026-09-09 22:04:12 [DEBUG] รอบตรวจ: แท่งล่าสุด 2026-09-09 17:45:00 close 4418.67 spread 37.0 (ประมวลผลแล้ว)
2026-09-09 22:04:42 [DEBUG] รอบตรวจ: แท่งล่าสุด 2026-09-09 17:45:00 close 4418.67 spread 37.0 (ประมวลผลแล้ว)
2026-09-09 22:05:12 [DEBUG] รอบตรวจ: แท่งล่าสุด 2026-09-09 17:45:00 close 4418.67 spread 31.0 (ประมวลผลแล้ว)
2026-09-09 22:05:42 [DEBUG] รอบตรวจ: แท่งล่าสุด 2026-09-09 17:45:00 close 4418.67 spread 31.0 (ประมวลผลแล้ว)
2026-09-09 22:06:12 [DEBUG] รอบตรวจ: แท่งล่าสุด 2026-09-09 17:45:00 close 4418.67 spread 23.0 (ประมวลผลแล้ว)
2026-09-09 22:06:42 [DEBUG] รอบตรวจ: แท่งล่าสุด 2026-09-09 17:45:00 close 4418.67 spread 23.0 (ประมวลผลแล้ว)
2026-09-09 22:07:12 [DEBUG] รอบตรวจ: แท่งล่าสุด 2026-09-09 17:45:00 close 4418.67 spread 33.0 (ประมวลผลแล้ว)
2026-09-09 22:07:42 [DEBUG] รอบตรวจ: แท่งล่าสุด 2026-09-09 17:45:00 close 4418.67 spread 37.0 (ประมวลผลแล้ว)
2026-09-09 22:08:13 [DEBUG] รอบตรวจ: แท่งล่าสุด 2026-09-09 17:45:00 close 4418.67 spread 37.0 (ประมวลผลแล้ว)
2026-09-09 22:08:43 [DEBUG] รอบตรวจ: แท่งล่าสุด 2026-09-09 17:45:00 close 4418.67 spread 23.0 (ประมวลผลแล้ว)
2026-09-09 22:09:13 [DEBUG] รอบตรวจ: แท่งล่าสุด 2026-09-09 17:45:00 close 4418.67 spread 37.0 (ประมวลผลแล้ว)
2026-09-09 22:09:43 [DEBUG] รอบตรวจ: แท่งล่าสุด 2026-09-09 17:45:00 close 4418.67 spread 35.0 (ประมวลผลแล้ว)
2026-09-09 22:10:13 [DEBUG] รอบตรวจ: แท่งล่าสุด 2026-09-09 17:45:00 close 4418.67 spread 37.0 (ประมวลผลแล้ว)
2026-09-09 22:10:43 [DEBUG] รอบตรวจ: แท่งล่าสุด 2026-09-09 17:45:00 close 4418.67 spread 37.0 (ประมวลผลแล้ว)
2026-09-09 22:11:13 [DEBUG] รอบตรวจ: แท่งล่าสุด 2026-09-09 17:45:00 close 4418.67 spread 37.0 (ประมวลผลแล้ว)
2026-09-09 22:11:43 [DEBUG] รอบตรวจ: แท่งล่าสุด 2026-09-09 17:45:00 close 4418.67 spread 37.0 (ประมวลผลแล้ว)
2026-09-09 22:12:13 [DEBUG] รอบตรวจ: แท่งล่าสุด 2026-09-09 17:45:00 close 4418.67 spread 37.0 (ประมวลผลแล้ว)
2026-09-09 22:12:43 [DEBUG] รอบตรวจ: แท่งล่าสุด 2026-09-09 17:45:00 close 4418.67 spread 37.0 (ประมวลผลแล้ว)
2026-09-09 22:13:13 [DEBUG] รอบตรวจ: แท่งล่าสุด 2026-09-09 17:45:00 close 4418.67 spread 26.0 (ประมวลผลแล้ว)
2026-09-09 22:13:43 [DEBUG] รอบตรวจ: แท่งล่าสุด 2026-09-09 17:45:00 close 4418.67 spread 32.0 (ประมวลผลแล้ว)
2026-09-09 22:14:13 [DEBUG] รอบตรวจ: แท่งล่าสุด 2026-09-09 17:45:00 close 4418.67 spread 30.0 (ประมวลผลแล้ว)
2026-09-09 22:14:43 [DEBUG] รอบตรวจ: แท่งล่าสุด 2026-09-09 17:45:00 close 4418.67 spread 30.0 (ประมวลผลแล้ว)
2026-09-09 22:15:13 [DEBUG] รอบตรวจ: แท่งล่าสุด 2026-09-09 18:00:00 close 4389.72 spread 24.0 (แท่งใหม่)
2026-09-09 22:15:13 [INFO] แท่งปิด 2026-09-09 18:00:00 | Close 4389.72 | H1 DOWNTREND | M5 UPTREND | RSI 40.6 | ADX 29.7 | ATR 12.96 | Spread 24.0
2026-09-09 22:15:13 [INFO] คำตัดสิน: HOLD — ยังไม่มีสัญญาณตัดกัน
2026-09-09 22:15:13 [DEBUG]   [ไม่ผ่าน] สัญญาณตัดกัน M15: MA20/MA50 ให้ HOLD
2026-09-09 22:15:43 [DEBUG] รอบตรวจ: แท่งล่าสุด 2026-09-09 18:00:00 close 4389.72 spread 26.0 (ประมวลผลแล้ว)
2026-09-09 22:16:13 [DEBUG] รอบตรวจ: แท่งล่าสุด 2026-09-09 18:00:00 close 4389.72 spread 26.0 (ประมวลผลแล้ว)
2026-09-09 22:16:43 [DEBUG] รอบตรวจ: แท่งล่าสุด 2026-09-09 18:00:00 close 4389.72 spread 37.0 (ประมวลผลแล้ว)
2026-09-09 22:17:13 [DEBUG] รอบตรวจ: แท่งล่าสุด 2026-09-09 18:00:00 close 4389.72 spread 36.0 (ประมวลผลแล้ว)
2026-09-09 22:17:43 [DEBUG] รอบตรวจ: แท่งล่าสุด 2026-09-09 18:00:00 close 4389.72 spread 37.0 (ประมวลผลแล้ว)
2026-09-09 22:18:13 [DEBUG] รอบตรวจ: แท่งล่าสุด 2026-09-09 18:00:00 close 4389.72 spread 33.0 (ประมวลผลแล้ว)
2026-09-09 22:18:43 [DEBUG] รอบตรวจ: แท่งล่าสุด 2026-09-09 18:00:00 close 4389.72 spread 36.0 (ประมวลผลแล้ว)
2026-09-09 22:19:13 [DEBUG] รอบตรวจ: แท่งล่าสุด 2026-09-09 18:00:00 close 4389.72 spread 37.0 (ประมวลผลแล้ว)
2026-09-09 22:19:43 [DEBUG] รอบตรวจ: แท่งล่าสุด 2026-09-09 18:00:00 close 4389.72 spread 28.0 (ประมวลผลแล้ว)
2026-09-09 22:20:13 [DEBUG] รอบตรวจ: แท่งล่าสุด 2026-09-09 18:00:00 close 4389.72 spread 37.0 (ประมวลผลแล้ว)
2026-09-09 22:20:43 [DEBUG] รอบตรวจ: แท่งล่าสุด 2026-09-09 18:00:00 close 4389.72 spread 23.0 (ประมวลผลแล้ว)
2026-09-09 22:21:13 [DEBUG] รอบตรวจ: แท่งล่าสุด 2026-09-09 18:00:00 close 4389.72 spread 36.0 (ประมวลผลแล้ว)
2026-09-09 22:21:43 [DEBUG] รอบตรวจ: แท่งล่าสุด 2026-09-09 18:00:00 close 4389.72 spread 37.0 (ประมวลผลแล้ว)
2026-09-09 22:22:13 [DEBUG] รอบตรวจ: แท่งล่าสุด 2026-09-09 18:00:00 close 4389.72 spread 36.0 (ประมวลผลแล้ว)
2026-09-09 22:22:43 [DEBUG] รอบตรวจ: แท่งล่าสุด 2026-09-09 18:00:00 close 4389.72 spread 37.0 (ประมวลผลแล้ว)
2026-09-09 22:23:13 [DEBUG] รอบตรวจ: แท่งล่าสุด 2026-09-09 18:00:00 close 4389.72 spread 35.0 (ประมวลผลแล้ว)
2026-09-09 22:23:43 [DEBUG] รอบตรวจ: แท่งล่าสุด 2026-09-09 18:00:00 close 4389.72 spread 37.0 (ประมวลผลแล้ว)
2026-09-09 22:24:13 [DEBUG] รอบตรวจ: แท่งล่าสุด 2026-09-09 18:00:00 close 4389.72 spread 35.0 (ประมวลผลแล้ว)
2026-09-09 22:24:43 [DEBUG] รอบตรวจ: แท่งล่าสุด 2026-09-09 18:00:00 close 4389.72 spread 37.0 (ประมวลผลแล้ว)
2026-09-09 22:25:13 [DEBUG] รอบตรวจ: แท่งล่าสุด 2026-09-09 18:00:00 close 4389.72 spread 37.0 (ประมวลผลแล้ว)
2026-09-09 22:25:43 [DEBUG] รอบตรวจ: แท่งล่าสุด 2026-09-09 18:00:00 close 4389.72 spread 37.0 (ประมวลผลแล้ว)
2026-09-09 22:26:13 [DEBUG] รอบตรวจ: แท่งล่าสุด 2026-09-09 18:00:00 close 4389.72 spread 35.0 (ประมวลผลแล้ว)
2026-09-09 22:26:43 [DEBUG] รอบตรวจ: แท่งล่าสุด 2026-09-09 18:00:00 close 4389.72 spread 33.0 (ประมวลผลแล้ว)
2026-09-09 22:27:13 [DEBUG] รอบตรวจ: แท่งล่าสุด 2026-09-09 18:00:00 close 4389.72 spread 37.0 (ประมวลผลแล้ว)
2026-09-09 22:27:43 [DEBUG] รอบตรวจ: แท่งล่าสุด 2026-09-09 18:00:00 close 4389.72 spread 35.0 (ประมวลผลแล้ว)
2026-09-09 22:28:13 [DEBUG] รอบตรวจ: แท่งล่าสุด 2026-09-09 18:00:00 close 4389.72 spread 37.0 (ประมวลผลแล้ว)
2026-09-09 22:28:43 [DEBUG] รอบตรวจ: แท่งล่าสุด 2026-09-09 18:00:00 close 4389.72 spread 37.0 (ประมวลผลแล้ว)
2026-09-09 22:29:13 [DEBUG] รอบตรวจ: แท่งล่าสุด 2026-09-09 18:00:00 close 4389.72 spread 37.0 (ประมวลผลแล้ว)
2026-09-09 22:29:43 [DEBUG] รอบตรวจ: แท่งล่าสุด 2026-09-09 18:00:00 close 4389.72 spread 33.0 (ประมวลผลแล้ว)
2026-09-09 22:30:13 [DEBUG] รอบตรวจ: แท่งล่าสุด 2026-09-09 18:15:00 close 4394.54 spread 37.0 (แท่งใหม่)
2026-09-09 22:30:13 [INFO] แท่งปิด 2026-09-09 18:15:00 | Close 4394.54 | H1 DOWNTREND | M5 UPTREND | RSI 43.7 | ADX 29.3 | ATR 13.48 | Spread 37.0
2026-09-09 22:30:13 [INFO] คำตัดสิน: HOLD — ยังไม่มีสัญญาณตัดกัน
2026-09-09 22:30:13 [DEBUG]   [ไม่ผ่าน] สัญญาณตัดกัน M15: MA20/MA50 ให้ HOLD
2026-09-09 22:30:43 [DEBUG] รอบตรวจ: แท่งล่าสุด 2026-09-09 18:15:00 close 4394.54 spread 23.0 (ประมวลผลแล้ว)
2026-09-09 22:31:13 [DEBUG] รอบตรวจ: แท่งล่าสุด 2026-09-09 18:15:00 close 4394.54 spread 37.0 (ประมวลผลแล้ว)
2026-09-09 22:31:43 [DEBUG] รอบตรวจ: แท่งล่าสุด 2026-09-09 18:15:00 close 4394.54 spread 26.0 (ประมวลผลแล้ว)
2026-09-09 22:32:13 [DEBUG] รอบตรวจ: แท่งล่าสุด 2026-09-09 18:15:00 close 4394.54 spread 32.0 (ประมวลผลแล้ว)
2026-09-09 22:32:43 [DEBUG] รอบตรวจ: แท่งล่าสุด 2026-09-09 18:15:00 close 4394.54 spread 31.0 (ประมวลผลแล้ว)
2026-09-09 22:33:13 [DEBUG] รอบตรวจ: แท่งล่าสุด 2026-09-09 18:15:00 close 4394.54 spread 35.0 (ประมวลผลแล้ว)
2026-09-09 22:33:43 [DEBUG] รอบตรวจ: แท่งล่าสุด 2026-09-09 18:15:00 close 4394.54 spread 37.0 (ประมวลผลแล้ว)
2026-09-09 22:34:13 [DEBUG] รอบตรวจ: แท่งล่าสุด 2026-09-09 18:15:00 close 4394.54 spread 37.0 (ประมวลผลแล้ว)
2026-09-09 22:34:43 [DEBUG] รอบตรวจ: แท่งล่าสุด 2026-09-09 18:15:00 close 4394.54 spread 37.0 (ประมวลผลแล้ว)
2026-09-09 22:35:13 [DEBUG] รอบตรวจ: แท่งล่าสุด 2026-09-09 18:15:00 close 4394.54 spread 37.0 (ประมวลผลแล้ว)
2026-09-09 22:35:43 [DEBUG] รอบตรวจ: แท่งล่าสุด 2026-09-09 18:15:00 close 4394.54 spread 37.0 (ประมวลผลแล้ว)
2026-09-09 22:36:13 [DEBUG] รอบตรวจ: แท่งล่าสุด 2026-09-09 18:15:00 close 4394.54 spread 26.0 (ประมวลผลแล้ว)
2026-09-09 22:36:43 [DEBUG] รอบตรวจ: แท่งล่าสุด 2026-09-09 18:15:00 close 4394.54 spread 31.0 (ประมวลผลแล้ว)
2026-09-09 22:37:13 [DEBUG] รอบตรวจ: แท่งล่าสุด 2026-09-09 18:15:00 close 4394.54 spread 37.0 (ประมวลผลแล้ว)
2026-09-09 22:37:43 [DEBUG] รอบตรวจ: แท่งล่าสุด 2026-09-09 18:15:00 close 4394.54 spread 37.0 (ประมวลผลแล้ว)
2026-09-09 22:38:13 [DEBUG] รอบตรวจ: แท่งล่าสุด 2026-09-09 18:15:00 close 4394.54 spread 25.0 (ประมวลผลแล้ว)
2026-09-09 22:38:43 [DEBUG] รอบตรวจ: แท่งล่าสุด 2026-09-09 18:15:00 close 4394.54 spread 29.0 (ประมวลผลแล้ว)
2026-09-09 22:39:13 [DEBUG] รอบตรวจ: แท่งล่าสุด 2026-09-09 18:15:00 close 4394.54 spread 30.0 (ประมวลผลแล้ว)
2026-09-09 22:39:43 [DEBUG] รอบตรวจ: แท่งล่าสุด 2026-09-09 18:15:00 close 4394.54 spread 23.0 (ประมวลผลแล้ว)
2026-09-09 22:40:13 [DEBUG] รอบตรวจ: แท่งล่าสุด 2026-09-09 18:15:00 close 4394.54 spread 37.0 (ประมวลผลแล้ว)
2026-09-09 22:40:43 [DEBUG] รอบตรวจ: แท่งล่าสุด 2026-09-09 18:15:00 close 4394.54 spread 37.0 (ประมวลผลแล้ว)
2026-09-09 22:41:13 [DEBUG] รอบตรวจ: แท่งล่าสุด 2026-09-09 18:15:00 close 4394.54 spread 37.0 (ประมวลผลแล้ว)
2026-09-09 22:41:43 [DEBUG] รอบตรวจ: แท่งล่าสุด 2026-09-09 18:15:00 close 4394.54 spread 35.0 (ประมวลผลแล้ว)
2026-09-09 22:42:13 [DEBUG] รอบตรวจ: แท่งล่าสุด 2026-09-09 18:15:00 close 4394.54 spread 31.0 (ประมวลผลแล้ว)
2026-09-09 22:42:43 [DEBUG] รอบตรวจ: แท่งล่าสุด 2026-09-09 18:15:00 close 4394.54 spread 23.0 (ประมวลผลแล้ว)
2026-09-09 22:43:13 [DEBUG] รอบตรวจ: แท่งล่าสุด 2026-09-09 18:15:00 close 4394.54 spread 28.0 (ประมวลผลแล้ว)
2026-09-09 22:43:43 [DEBUG] รอบตรวจ: แท่งล่าสุด 2026-09-09 18:15:00 close 4394.54 spread 26.0 (ประมวลผลแล้ว)
2026-09-09 22:44:13 [DEBUG] รอบตรวจ: แท่งล่าสุด 2026-09-09 18:15:00 close 4394.54 spread 28.0 (ประมวลผลแล้ว)
2026-09-09 22:44:43 [DEBUG] รอบตรวจ: แท่งล่าสุด 2026-09-09 18:15:00 close 4394.54 spread 30.0 (ประมวลผลแล้ว)
2026-09-09 22:45:13 [DEBUG] รอบตรวจ: แท่งล่าสุด 2026-09-09 18:30:00 close 4402.99 spread 27.0 (แท่งใหม่)
2026-09-09 22:45:13 [INFO] แท่งปิด 2026-09-09 18:30:00 | Close 4402.99 | H1 DOWNTREND | M5 DOWNTREND | RSI 48.7 | ADX 27.8 | ATR 13.56 | Spread 27.0
2026-09-09 22:45:13 [INFO] คำตัดสิน: HOLD — ยังไม่มีสัญญาณตัดกัน
2026-09-09 22:45:13 [DEBUG]   [ไม่ผ่าน] สัญญาณตัดกัน M15: MA20/MA50 ให้ HOLD
2026-09-09 22:45:43 [DEBUG] รอบตรวจ: แท่งล่าสุด 2026-09-09 18:30:00 close 4402.99 spread 34.0 (ประมวลผลแล้ว)
2026-09-09 22:46:13 [DEBUG] รอบตรวจ: แท่งล่าสุด 2026-09-09 18:30:00 close 4402.99 spread 26.0 (ประมวลผลแล้ว)
2026-09-09 22:46:43 [DEBUG] รอบตรวจ: แท่งล่าสุด 2026-09-09 18:30:00 close 4402.99 spread 26.0 (ประมวลผลแล้ว)
2026-09-09 22:47:13 [DEBUG] รอบตรวจ: แท่งล่าสุด 2026-09-09 18:30:00 close 4402.99 spread 26.0 (ประมวลผลแล้ว)
2026-09-09 22:47:43 [DEBUG] รอบตรวจ: แท่งล่าสุด 2026-09-09 18:30:00 close 4402.99 spread 26.0 (ประมวลผลแล้ว)
2026-09-09 22:48:13 [DEBUG] รอบตรวจ: แท่งล่าสุด 2026-09-09 18:30:00 close 4402.99 spread 26.0 (ประมวลผลแล้ว)
2026-09-09 22:48:43 [DEBUG] รอบตรวจ: แท่งล่าสุด 2026-09-09 18:30:00 close 4402.99 spread 31.0 (ประมวลผลแล้ว)
2026-09-09 22:49:14 [DEBUG] รอบตรวจ: แท่งล่าสุด 2026-09-09 18:30:00 close 4402.99 spread 27.0 (ประมวลผลแล้ว)
2026-09-09 22:49:44 [DEBUG] รอบตรวจ: แท่งล่าสุด 2026-09-09 18:30:00 close 4402.99 spread 31.0 (ประมวลผลแล้ว)
2026-09-09 22:50:14 [DEBUG] รอบตรวจ: แท่งล่าสุด 2026-09-09 18:30:00 close 4402.99 spread 30.0 (ประมวลผลแล้ว)
2026-09-09 22:50:44 [DEBUG] รอบตรวจ: แท่งล่าสุด 2026-09-09 18:30:00 close 4402.99 spread 26.0 (ประมวลผลแล้ว)
2026-09-09 22:51:14 [DEBUG] รอบตรวจ: แท่งล่าสุด 2026-09-09 18:30:00 close 4402.99 spread 24.0 (ประมวลผลแล้ว)
2026-09-09 22:51:44 [DEBUG] รอบตรวจ: แท่งล่าสุด 2026-09-09 18:30:00 close 4402.99 spread 23.0 (ประมวลผลแล้ว)
2026-09-09 22:52:14 [DEBUG] รอบตรวจ: แท่งล่าสุด 2026-09-09 18:30:00 close 4402.99 spread 30.0 (ประมวลผลแล้ว)
2026-09-09 22:52:44 [DEBUG] รอบตรวจ: แท่งล่าสุด 2026-09-09 18:30:00 close 4402.99 spread 33.0 (ประมวลผลแล้ว)
2026-09-09 22:53:14 [DEBUG] รอบตรวจ: แท่งล่าสุด 2026-09-09 18:30:00 close 4402.99 spread 31.0 (ประมวลผลแล้ว)
2026-09-09 22:53:44 [DEBUG] รอบตรวจ: แท่งล่าสุด 2026-09-09 18:30:00 close 4402.99 spread 30.0 (ประมวลผลแล้ว)
2026-09-09 22:54:14 [DEBUG] รอบตรวจ: แท่งล่าสุด 2026-09-09 18:30:00 close 4402.99 spread 29.0 (ประมวลผลแล้ว)
2026-09-09 22:54:44 [DEBUG] รอบตรวจ: แท่งล่าสุด 2026-09-09 18:30:00 close 4402.99 spread 32.0 (ประมวลผลแล้ว)
2026-09-09 22:55:14 [DEBUG] รอบตรวจ: แท่งล่าสุด 2026-09-09 18:30:00 close 4402.99 spread 37.0 (ประมวลผลแล้ว)
2026-09-09 22:55:44 [DEBUG] รอบตรวจ: แท่งล่าสุด 2026-09-09 18:30:00 close 4402.99 spread 25.0 (ประมวลผลแล้ว)
2026-09-09 22:56:14 [DEBUG] รอบตรวจ: แท่งล่าสุด 2026-09-09 18:30:00 close 4402.99 spread 30.0 (ประมวลผลแล้ว)
2026-09-09 22:56:44 [DEBUG] รอบตรวจ: แท่งล่าสุด 2026-09-09 18:30:00 close 4402.99 spread 34.0 (ประมวลผลแล้ว)
2026-09-09 22:57:14 [DEBUG] รอบตรวจ: แท่งล่าสุด 2026-09-09 18:30:00 close 4402.99 spread 34.0 (ประมวลผลแล้ว)
2026-09-09 22:57:44 [DEBUG] รอบตรวจ: แท่งล่าสุด 2026-09-09 18:30:00 close 4402.99 spread 37.0 (ประมวลผลแล้ว)
2026-09-09 22:58:14 [DEBUG] รอบตรวจ: แท่งล่าสุด 2026-09-09 18:30:00 close 4402.99 spread 36.0 (ประมวลผลแล้ว)
2026-09-09 22:58:44 [DEBUG] รอบตรวจ: แท่งล่าสุด 2026-09-09 18:30:00 close 4402.99 spread 33.0 (ประมวลผลแล้ว)
2026-09-09 22:59:14 [DEBUG] รอบตรวจ: แท่งล่าสุด 2026-09-09 18:30:00 close 4402.99 spread 31.0 (ประมวลผลแล้ว)
2026-09-09 22:59:44 [DEBUG] รอบตรวจ: แท่งล่าสุด 2026-09-09 18:30:00 close 4402.99 spread 36.0 (ประมวลผลแล้ว)
2026-09-09 23:00:14 [DEBUG] รอบตรวจ: แท่งล่าสุด 2026-09-09 18:45:00 close 4398.32 spread 33.0 (แท่งใหม่)
2026-09-09 23:00:14 [INFO] แท่งปิด 2026-09-09 18:45:00 | Close 4398.32 | H1 DOWNTREND | M5 DOWNTREND | RSI 46.3 | ADX 26.3 | ATR 13.23 | Spread 33.0
2026-09-09 23:00:14 [INFO] คำตัดสิน: HOLD — ยังไม่มีสัญญาณตัดกัน
2026-09-09 23:00:14 [DEBUG]   [ไม่ผ่าน] สัญญาณตัดกัน M15: MA20/MA50 ให้ HOLD
2026-09-09 23:00:44 [DEBUG] รอบตรวจ: แท่งล่าสุด 2026-09-09 18:45:00 close 4398.32 spread 31.0 (ประมวลผลแล้ว)
2026-09-09 23:01:14 [DEBUG] รอบตรวจ: แท่งล่าสุด 2026-09-09 18:45:00 close 4398.32 spread 30.0 (ประมวลผลแล้ว)
2026-09-09 23:01:44 [DEBUG] รอบตรวจ: แท่งล่าสุด 2026-09-09 18:45:00 close 4398.32 spread 30.0 (ประมวลผลแล้ว)
2026-09-09 23:02:14 [DEBUG] รอบตรวจ: แท่งล่าสุด 2026-09-09 18:45:00 close 4398.32 spread 28.0 (ประมวลผลแล้ว)
2026-09-09 23:02:44 [DEBUG] รอบตรวจ: แท่งล่าสุด 2026-09-09 18:45:00 close 4398.32 spread 32.0 (ประมวลผลแล้ว)
2026-09-09 23:03:14 [DEBUG] รอบตรวจ: แท่งล่าสุด 2026-09-09 18:45:00 close 4398.32 spread 26.0 (ประมวลผลแล้ว)
2026-09-09 23:03:44 [DEBUG] รอบตรวจ: แท่งล่าสุด 2026-09-09 18:45:00 close 4398.32 spread 27.0 (ประมวลผลแล้ว)
2026-09-09 23:04:14 [DEBUG] รอบตรวจ: แท่งล่าสุด 2026-09-09 18:45:00 close 4398.32 spread 23.0 (ประมวลผลแล้ว)
2026-09-09 23:04:44 [DEBUG] รอบตรวจ: แท่งล่าสุด 2026-09-09 18:45:00 close 4398.32 spread 27.0 (ประมวลผลแล้ว)
2026-09-09 23:05:14 [DEBUG] รอบตรวจ: แท่งล่าสุด 2026-09-09 18:45:00 close 4398.32 spread 29.0 (ประมวลผลแล้ว)
2026-09-09 23:05:44 [DEBUG] รอบตรวจ: แท่งล่าสุด 2026-09-09 18:45:00 close 4398.32 spread 27.0 (ประมวลผลแล้ว)
2026-09-09 23:06:14 [DEBUG] รอบตรวจ: แท่งล่าสุด 2026-09-09 18:45:00 close 4398.32 spread 25.0 (ประมวลผลแล้ว)
2026-09-09 23:06:44 [DEBUG] รอบตรวจ: แท่งล่าสุด 2026-09-09 18:45:00 close 4398.32 spread 32.0 (ประมวลผลแล้ว)
2026-09-09 23:07:14 [DEBUG] รอบตรวจ: แท่งล่าสุด 2026-09-09 18:45:00 close 4398.32 spread 31.0 (ประมวลผลแล้ว)
2026-09-09 23:07:44 [DEBUG] รอบตรวจ: แท่งล่าสุด 2026-09-09 18:45:00 close 4398.32 spread 29.0 (ประมวลผลแล้ว)
2026-09-09 23:08:14 [DEBUG] รอบตรวจ: แท่งล่าสุด 2026-09-09 18:45:00 close 4398.32 spread 37.0 (ประมวลผลแล้ว)
2026-09-09 23:08:44 [DEBUG] รอบตรวจ: แท่งล่าสุด 2026-09-09 18:45:00 close 4398.32 spread 34.0 (ประมวลผลแล้ว)
2026-09-09 23:09:14 [DEBUG] รอบตรวจ: แท่งล่าสุด 2026-09-09 18:45:00 close 4398.32 spread 30.0 (ประมวลผลแล้ว)
2026-09-09 23:09:44 [DEBUG] รอบตรวจ: แท่งล่าสุด 2026-09-09 18:45:00 close 4398.32 spread 36.0 (ประมวลผลแล้ว)
2026-09-09 23:10:14 [DEBUG] รอบตรวจ: แท่งล่าสุด 2026-09-09 18:45:00 close 4398.32 spread 31.0 (ประมวลผลแล้ว)
2026-09-09 23:10:44 [DEBUG] รอบตรวจ: แท่งล่าสุด 2026-09-09 18:45:00 close 4398.32 spread 29.0 (ประมวลผลแล้ว)
2026-09-09 23:11:14 [DEBUG] รอบตรวจ: แท่งล่าสุด 2026-09-09 18:45:00 close 4398.32 spread 30.0 (ประมวลผลแล้ว)
2026-09-09 23:11:44 [DEBUG] รอบตรวจ: แท่งล่าสุด 2026-09-09 18:45:00 close 4398.32 spread 27.0 (ประมวลผลแล้ว)
2026-09-09 23:12:14 [DEBUG] รอบตรวจ: แท่งล่าสุด 2026-09-09 18:45:00 close 4398.32 spread 31.0 (ประมวลผลแล้ว)
2026-09-09 23:12:44 [DEBUG] รอบตรวจ: แท่งล่าสุด 2026-09-09 18:45:00 close 4398.32 spread 32.0 (ประมวลผลแล้ว)
2026-09-09 23:13:14 [DEBUG] รอบตรวจ: แท่งล่าสุด 2026-09-09 18:45:00 close 4398.32 spread 29.0 (ประมวลผลแล้ว)
2026-09-09 23:13:44 [DEBUG] รอบตรวจ: แท่งล่าสุด 2026-09-09 18:45:00 close 4398.32 spread 23.0 (ประมวลผลแล้ว)
2026-09-09 23:14:14 [DEBUG] รอบตรวจ: แท่งล่าสุด 2026-09-09 18:45:00 close 4398.32 spread 33.0 (ประมวลผลแล้ว)
2026-09-09 23:14:44 [DEBUG] รอบตรวจ: แท่งล่าสุด 2026-09-09 18:45:00 close 4398.32 spread 26.0 (ประมวลผลแล้ว)
2026-09-09 23:15:14 [DEBUG] รอบตรวจ: แท่งล่าสุด 2026-09-09 19:00:00 close 4397.88 spread 23.0 (แท่งใหม่)
2026-09-09 23:15:14 [INFO] แท่งปิด 2026-09-09 19:00:00 | Close 4397.88 | H1 DOWNTREND | M5 DOWNTREND | RSI 46.0 | ADX 25.3 | ATR 12.88 | Spread 23.0
2026-09-09 23:15:14 [INFO] คำตัดสิน: HOLD — ยังไม่มีสัญญาณตัดกัน
2026-09-09 23:15:14 [DEBUG]   [ไม่ผ่าน] สัญญาณตัดกัน M15: MA20/MA50 ให้ HOLD
2026-09-09 23:15:44 [DEBUG] รอบตรวจ: แท่งล่าสุด 2026-09-09 19:00:00 close 4397.88 spread 36.0 (ประมวลผลแล้ว)
2026-09-09 23:16:14 [DEBUG] รอบตรวจ: แท่งล่าสุด 2026-09-09 19:00:00 close 4397.88 spread 36.0 (ประมวลผลแล้ว)
2026-09-09 23:16:44 [DEBUG] รอบตรวจ: แท่งล่าสุด 2026-09-09 19:00:00 close 4397.88 spread 37.0 (ประมวลผลแล้ว)
2026-09-09 23:17:14 [DEBUG] รอบตรวจ: แท่งล่าสุด 2026-09-09 19:00:00 close 4397.88 spread 37.0 (ประมวลผลแล้ว)
2026-09-09 23:17:44 [DEBUG] รอบตรวจ: แท่งล่าสุด 2026-09-09 19:00:00 close 4397.88 spread 37.0 (ประมวลผลแล้ว)
2026-09-09 23:18:14 [DEBUG] รอบตรวจ: แท่งล่าสุด 2026-09-09 19:00:00 close 4397.88 spread 27.0 (ประมวลผลแล้ว)
2026-09-09 23:18:44 [DEBUG] รอบตรวจ: แท่งล่าสุด 2026-09-09 19:00:00 close 4397.88 spread 26.0 (ประมวลผลแล้ว)
2026-09-09 23:19:14 [DEBUG] รอบตรวจ: แท่งล่าสุด 2026-09-09 19:00:00 close 4397.88 spread 32.0 (ประมวลผลแล้ว)
2026-09-09 23:19:44 [DEBUG] รอบตรวจ: แท่งล่าสุด 2026-09-09 19:00:00 close 4397.88 spread 29.0 (ประมวลผลแล้ว)
2026-09-09 23:20:14 [DEBUG] รอบตรวจ: แท่งล่าสุด 2026-09-09 19:00:00 close 4397.88 spread 31.0 (ประมวลผลแล้ว)
2026-09-09 23:20:44 [DEBUG] รอบตรวจ: แท่งล่าสุด 2026-09-09 19:00:00 close 4397.88 spread 27.0 (ประมวลผลแล้ว)
2026-09-09 23:21:14 [DEBUG] รอบตรวจ: แท่งล่าสุด 2026-09-09 19:00:00 close 4397.88 spread 25.0 (ประมวลผลแล้ว)
2026-09-09 23:21:44 [DEBUG] รอบตรวจ: แท่งล่าสุด 2026-09-09 19:00:00 close 4397.88 spread 32.0 (ประมวลผลแล้ว)
2026-09-09 23:22:14 [DEBUG] รอบตรวจ: แท่งล่าสุด 2026-09-09 19:00:00 close 4397.88 spread 36.0 (ประมวลผลแล้ว)
2026-09-09 23:22:44 [DEBUG] รอบตรวจ: แท่งล่าสุด 2026-09-09 19:00:00 close 4397.88 spread 30.0 (ประมวลผลแล้ว)
2026-09-09 23:23:14 [DEBUG] รอบตรวจ: แท่งล่าสุด 2026-09-09 19:00:00 close 4397.88 spread 31.0 (ประมวลผลแล้ว)
2026-09-09 23:23:44 [DEBUG] รอบตรวจ: แท่งล่าสุด 2026-09-09 19:00:00 close 4397.88 spread 35.0 (ประมวลผลแล้ว)
2026-09-09 23:24:14 [DEBUG] รอบตรวจ: แท่งล่าสุด 2026-09-09 19:00:00 close 4397.88 spread 32.0 (ประมวลผลแล้ว)
2026-09-09 23:24:44 [DEBUG] รอบตรวจ: แท่งล่าสุด 2026-09-09 19:00:00 close 4397.88 spread 23.0 (ประมวลผลแล้ว)
2026-09-09 23:25:14 [DEBUG] รอบตรวจ: แท่งล่าสุด 2026-09-09 19:00:00 close 4397.88 spread 24.0 (ประมวลผลแล้ว)
2026-09-09 23:25:44 [DEBUG] รอบตรวจ: แท่งล่าสุด 2026-09-09 19:00:00 close 4397.88 spread 27.0 (ประมวลผลแล้ว)
2026-09-09 23:26:14 [DEBUG] รอบตรวจ: แท่งล่าสุด 2026-09-09 19:00:00 close 4397.88 spread 25.0 (ประมวลผลแล้ว)
2026-09-09 23:26:44 [DEBUG] รอบตรวจ: แท่งล่าสุด 2026-09-09 19:00:00 close 4397.88 spread 25.0 (ประมวลผลแล้ว)
2026-09-09 23:27:14 [DEBUG] รอบตรวจ: แท่งล่าสุด 2026-09-09 19:00:00 close 4397.88 spread 25.0 (ประมวลผลแล้ว)
2026-09-09 23:27:44 [DEBUG] รอบตรวจ: แท่งล่าสุด 2026-09-09 19:00:00 close 4397.88 spread 23.0 (ประมวลผลแล้ว)
2026-09-09 23:28:15 [DEBUG] รอบตรวจ: แท่งล่าสุด 2026-09-09 19:00:00 close 4397.88 spread 23.0 (ประมวลผลแล้ว)
2026-09-09 23:28:45 [DEBUG] รอบตรวจ: แท่งล่าสุด 2026-09-09 19:00:00 close 4397.88 spread 26.0 (ประมวลผลแล้ว)
2026-09-09 23:29:15 [DEBUG] รอบตรวจ: แท่งล่าสุด 2026-09-09 19:00:00 close 4397.88 spread 31.0 (ประมวลผลแล้ว)
2026-09-09 23:29:45 [DEBUG] รอบตรวจ: แท่งล่าสุด 2026-09-09 19:00:00 close 4397.88 spread 27.0 (ประมวลผลแล้ว)
2026-09-09 23:30:15 [DEBUG] รอบตรวจ: แท่งล่าสุด 2026-09-09 19:15:00 close 4401.62 spread 34.0 (แท่งใหม่)
2026-09-09 23:30:15 [INFO] แท่งปิด 2026-09-09 19:15:00 | Close 4401.62 | H1 DOWNTREND | M5 DOWNTREND | RSI 48.4 | ADX 24.6 | ATR 12.74 | Spread 34.0
2026-09-09 23:30:15 [INFO] คำตัดสิน: HOLD — ยังไม่มีสัญญาณตัดกัน
2026-09-09 23:30:15 [DEBUG]   [ไม่ผ่าน] สัญญาณตัดกัน M15: MA20/MA50 ให้ HOLD
2026-09-09 23:30:45 [DEBUG] รอบตรวจ: แท่งล่าสุด 2026-09-09 19:15:00 close 4401.62 spread 33.0 (ประมวลผลแล้ว)
2026-09-09 23:31:15 [DEBUG] รอบตรวจ: แท่งล่าสุด 2026-09-09 19:15:00 close 4401.62 spread 37.0 (ประมวลผลแล้ว)
2026-09-09 23:31:45 [DEBUG] รอบตรวจ: แท่งล่าสุด 2026-09-09 19:15:00 close 4401.62 spread 23.0 (ประมวลผลแล้ว)
2026-09-09 23:32:15 [DEBUG] รอบตรวจ: แท่งล่าสุด 2026-09-09 19:15:00 close 4401.62 spread 23.0 (ประมวลผลแล้ว)
2026-09-09 23:32:45 [DEBUG] รอบตรวจ: แท่งล่าสุด 2026-09-09 19:15:00 close 4401.62 spread 23.0 (ประมวลผลแล้ว)
2026-09-09 23:33:15 [DEBUG] รอบตรวจ: แท่งล่าสุด 2026-09-09 19:15:00 close 4401.62 spread 34.0 (ประมวลผลแล้ว)
2026-09-09 23:33:45 [DEBUG] รอบตรวจ: แท่งล่าสุด 2026-09-09 19:15:00 close 4401.62 spread 33.0 (ประมวลผลแล้ว)
2026-09-09 23:34:15 [DEBUG] รอบตรวจ: แท่งล่าสุด 2026-09-09 19:15:00 close 4401.62 spread 37.0 (ประมวลผลแล้ว)
2026-09-09 23:34:45 [DEBUG] รอบตรวจ: แท่งล่าสุด 2026-09-09 19:15:00 close 4401.62 spread 33.0 (ประมวลผลแล้ว)
2026-09-09 23:35:15 [DEBUG] รอบตรวจ: แท่งล่าสุด 2026-09-09 19:15:00 close 4401.62 spread 35.0 (ประมวลผลแล้ว)
2026-09-09 23:35:45 [DEBUG] รอบตรวจ: แท่งล่าสุด 2026-09-09 19:15:00 close 4401.62 spread 31.0 (ประมวลผลแล้ว)
2026-09-09 23:36:15 [DEBUG] รอบตรวจ: แท่งล่าสุด 2026-09-09 19:15:00 close 4401.62 spread 30.0 (ประมวลผลแล้ว)
2026-09-09 23:36:45 [DEBUG] รอบตรวจ: แท่งล่าสุด 2026-09-09 19:15:00 close 4401.62 spread 37.0 (ประมวลผลแล้ว)
2026-09-09 23:37:15 [DEBUG] รอบตรวจ: แท่งล่าสุด 2026-09-09 19:15:00 close 4401.62 spread 33.0 (ประมวลผลแล้ว)
2026-09-09 23:37:45 [DEBUG] รอบตรวจ: แท่งล่าสุด 2026-09-09 19:15:00 close 4401.62 spread 35.0 (ประมวลผลแล้ว)
2026-09-09 23:38:15 [DEBUG] รอบตรวจ: แท่งล่าสุด 2026-09-09 19:15:00 close 4401.62 spread 37.0 (ประมวลผลแล้ว)
2026-09-09 23:38:45 [DEBUG] รอบตรวจ: แท่งล่าสุด 2026-09-09 19:15:00 close 4401.62 spread 36.0 (ประมวลผลแล้ว)
2026-09-09 23:39:15 [DEBUG] รอบตรวจ: แท่งล่าสุด 2026-09-09 19:15:00 close 4401.62 spread 29.0 (ประมวลผลแล้ว)
2026-09-09 23:39:45 [DEBUG] รอบตรวจ: แท่งล่าสุด 2026-09-09 19:15:00 close 4401.62 spread 31.0 (ประมวลผลแล้ว)
2026-09-09 23:40:15 [DEBUG] รอบตรวจ: แท่งล่าสุด 2026-09-09 19:15:00 close 4401.62 spread 29.0 (ประมวลผลแล้ว)
2026-09-09 23:40:45 [DEBUG] รอบตรวจ: แท่งล่าสุด 2026-09-09 19:15:00 close 4401.62 spread 35.0 (ประมวลผลแล้ว)
2026-09-09 23:41:15 [DEBUG] รอบตรวจ: แท่งล่าสุด 2026-09-09 19:15:00 close 4401.62 spread 35.0 (ประมวลผลแล้ว)
2026-09-09 23:41:45 [DEBUG] รอบตรวจ: แท่งล่าสุด 2026-09-09 19:15:00 close 4401.62 spread 37.0 (ประมวลผลแล้ว)
2026-09-09 23:42:15 [DEBUG] รอบตรวจ: แท่งล่าสุด 2026-09-09 19:15:00 close 4401.62 spread 36.0 (ประมวลผลแล้ว)
2026-09-09 23:42:45 [DEBUG] รอบตรวจ: แท่งล่าสุด 2026-09-09 19:15:00 close 4401.62 spread 32.0 (ประมวลผลแล้ว)
2026-09-09 23:43:15 [DEBUG] รอบตรวจ: แท่งล่าสุด 2026-09-09 19:15:00 close 4401.62 spread 32.0 (ประมวลผลแล้ว)
2026-09-09 23:43:45 [DEBUG] รอบตรวจ: แท่งล่าสุด 2026-09-09 19:15:00 close 4401.62 spread 34.0 (ประมวลผลแล้ว)
2026-09-09 23:44:15 [DEBUG] รอบตรวจ: แท่งล่าสุด 2026-09-09 19:15:00 close 4401.62 spread 37.0 (ประมวลผลแล้ว)
2026-09-09 23:44:45 [DEBUG] รอบตรวจ: แท่งล่าสุด 2026-09-09 19:15:00 close 4401.62 spread 37.0 (ประมวลผลแล้ว)
2026-09-09 23:45:15 [DEBUG] รอบตรวจ: แท่งล่าสุด 2026-09-09 19:30:00 close 4407.28 spread 29.0 (แท่งใหม่)
2026-09-09 23:45:15 [INFO] แท่งปิด 2026-09-09 19:30:00 | Close 4407.28 | H1 DOWNTREND | M5 DOWNTREND | RSI 51.9 | ADX 23.4 | ATR 12.47 | Spread 29.0
2026-09-09 23:45:15 [INFO] คำตัดสิน: HOLD — ยังไม่มีสัญญาณตัดกัน
2026-09-09 23:45:15 [DEBUG]   [ไม่ผ่าน] สัญญาณตัดกัน M15: MA20/MA50 ให้ HOLD
2026-09-09 23:45:45 [DEBUG] รอบตรวจ: แท่งล่าสุด 2026-09-09 19:30:00 close 4407.28 spread 30.0 (ประมวลผลแล้ว)
2026-09-09 23:46:15 [DEBUG] รอบตรวจ: แท่งล่าสุด 2026-09-09 19:30:00 close 4407.28 spread 33.0 (ประมวลผลแล้ว)
2026-09-09 23:46:45 [DEBUG] รอบตรวจ: แท่งล่าสุด 2026-09-09 19:30:00 close 4407.28 spread 37.0 (ประมวลผลแล้ว)
2026-09-09 23:47:15 [DEBUG] รอบตรวจ: แท่งล่าสุด 2026-09-09 19:30:00 close 4407.28 spread 36.0 (ประมวลผลแล้ว)
2026-09-09 23:47:45 [DEBUG] รอบตรวจ: แท่งล่าสุด 2026-09-09 19:30:00 close 4407.28 spread 34.0 (ประมวลผลแล้ว)
2026-09-09 23:48:15 [DEBUG] รอบตรวจ: แท่งล่าสุด 2026-09-09 19:30:00 close 4407.28 spread 29.0 (ประมวลผลแล้ว)
2026-09-09 23:48:45 [DEBUG] รอบตรวจ: แท่งล่าสุด 2026-09-09 19:30:00 close 4407.28 spread 27.0 (ประมวลผลแล้ว)
2026-09-09 23:49:15 [DEBUG] รอบตรวจ: แท่งล่าสุด 2026-09-09 19:30:00 close 4407.28 spread 29.0 (ประมวลผลแล้ว)
2026-09-09 23:49:45 [DEBUG] รอบตรวจ: แท่งล่าสุด 2026-09-09 19:30:00 close 4407.28 spread 25.0 (ประมวลผลแล้ว)
2026-09-09 23:50:15 [DEBUG] รอบตรวจ: แท่งล่าสุด 2026-09-09 19:30:00 close 4407.28 spread 34.0 (ประมวลผลแล้ว)
2026-09-09 23:50:45 [DEBUG] รอบตรวจ: แท่งล่าสุด 2026-09-09 19:30:00 close 4407.28 spread 32.0 (ประมวลผลแล้ว)
2026-09-09 23:51:15 [DEBUG] รอบตรวจ: แท่งล่าสุด 2026-09-09 19:30:00 close 4407.28 spread 25.0 (ประมวลผลแล้ว)
2026-09-09 23:51:45 [DEBUG] รอบตรวจ: แท่งล่าสุด 2026-09-09 19:30:00 close 4407.28 spread 24.0 (ประมวลผลแล้ว)
2026-09-09 23:52:15 [DEBUG] รอบตรวจ: แท่งล่าสุด 2026-09-09 19:30:00 close 4407.28 spread 27.0 (ประมวลผลแล้ว)
2026-09-09 23:52:45 [DEBUG] รอบตรวจ: แท่งล่าสุด 2026-09-09 19:30:00 close 4407.28 spread 37.0 (ประมวลผลแล้ว)
2026-09-09 23:53:15 [DEBUG] รอบตรวจ: แท่งล่าสุด 2026-09-09 19:30:00 close 4407.28 spread 29.0 (ประมวลผลแล้ว)
2026-09-09 23:53:45 [DEBUG] รอบตรวจ: แท่งล่าสุด 2026-09-09 19:30:00 close 4407.28 spread 24.0 (ประมวลผลแล้ว)
2026-09-09 23:54:15 [DEBUG] รอบตรวจ: แท่งล่าสุด 2026-09-09 19:30:00 close 4407.28 spread 24.0 (ประมวลผลแล้ว)
2026-09-09 23:54:45 [DEBUG] รอบตรวจ: แท่งล่าสุด 2026-09-09 19:30:00 close 4407.28 spread 35.0 (ประมวลผลแล้ว)
2026-09-09 23:55:15 [DEBUG] รอบตรวจ: แท่งล่าสุด 2026-09-09 19:30:00 close 4407.28 spread 36.0 (ประมวลผลแล้ว)
2026-09-09 23:55:45 [DEBUG] รอบตรวจ: แท่งล่าสุด 2026-09-09 19:30:00 close 4407.28 spread 34.0 (ประมวลผลแล้ว)
2026-09-09 23:56:15 [DEBUG] รอบตรวจ: แท่งล่าสุด 2026-09-09 19:30:00 close 4407.28 spread 32.0 (ประมวลผลแล้ว)
2026-09-09 23:56:45 [DEBUG] รอบตรวจ: แท่งล่าสุด 2026-09-09 19:30:00 close 4407.28 spread 36.0 (ประมวลผลแล้ว)
2026-09-09 23:57:15 [DEBUG] รอบตรวจ: แท่งล่าสุด 2026-09-09 19:30:00 close 4407.28 spread 34.0 (ประมวลผลแล้ว)
2026-09-09 23:57:45 [DEBUG] รอบตรวจ: แท่งล่าสุด 2026-09-09 19:30:00 close 4407.28 spread 33.0 (ประมวลผลแล้ว)
2026-09-09 23:58:15 [DEBUG] รอบตรวจ: แท่งล่าสุด 2026-09-09 19:30:00 close 4407.28 spread 32.0 (ประมวลผลแล้ว)
2026-09-09 23:58:45 [DEBUG] รอบตรวจ: แท่งล่าสุด 2026-09-09 19:30:00 close 4407.28 spread 35.0 (ประมวลผลแล้ว)
2026-09-09 23:59:15 [DEBUG] รอบตรวจ: แท่งล่าสุด 2026-09-09 19:30:00 close 4407.28 spread 37.0 (ประมวลผลแล้ว)
2026-09-09 23:59:45 [DEBUG] รอบตรวจ: แท่งล่าสุด 2026-09-09 19:30:00 close 4407.28 spread 35.0 (ประมวลผลแล้ว)
2026-09-10 00:00:15 [INFO] สรุปวัน 2026-09-09: 0 ไม้ ชนะ 0 แพ้ 0 กำไรสุทธิ 0.00
2026-09-10 00:00:15 [INFO] เริ่มวันใหม่ 2026-09-10 ทุนต้นวัน 1000.00
2026-09-10 00:00:15 [DEBUG] รอบตรวจ: แท่งล่าสุด 2026-09-09 19:45:00 close 4409.54 spread 36.0 (แท่งใหม่)
2026-09-10 00:00:15 [INFO] แท่งปิด 2026-09-09 19:45:00 | Close 4409.54 | H1 DOWNTREND | M5 DOWNTREND | RSI 53.3 | ADX 22.0 | ATR 11.92 | Spread 36.0
2026-09-10 00:00:15 [INFO] คำตัดสิน: HOLD — ยังไม่มีสัญญาณตัดกัน
2026-09-10 00:00:15 [DEBUG]   [ไม่ผ่าน] สัญญาณตัดกัน M15: MA20/MA50 ให้ HOLD
2026-09-10 00:00:45 [DEBUG] รอบตรวจ: แท่งล่าสุด 2026-09-09 19:45:00 close 4409.54 spread 28.0 (ประมวลผลแล้ว)
2026-09-10 00:01:15 [DEBUG] รอบตรวจ: แท่งล่าสุด 2026-09-09 19:45:00 close 4409.54 spread 35.0 (ประมวลผลแล้ว)
2026-09-10 00:01:45 [DEBUG] รอบตรวจ: แท่งล่าสุด 2026-09-09 19:45:00 close 4409.54 spread 37.0 (ประมวลผลแล้ว)
2026-09-10 00:02:15 [DEBUG] รอบตรวจ: แท่งล่าสุด 2026-09-09 19:45:00 close 4409.54 spread 36.0 (ประมวลผลแล้ว)
2026-09-10 00:02:45 [DEBUG] รอบตรวจ: แท่งล่าสุด 2026-09-09 19:45:00 close 4409.54 spread 23.0 (ประมวลผลแล้ว)
2026-09-10 00:03:15 [DEBUG] รอบตรวจ: แท่งล่าสุด 2026-09-09 19:45:00 close 4409.54 spread 29.0 (ประมวลผลแล้ว)
2026-09-10 00:03:45 [DEBUG] รอบตรวจ: แท่งล่าสุด 2026-09-09 19:45:00 close 4409.54 spread 33.0 (ประมวลผลแล้ว)
2026-09-10 00:04:15 [DEBUG] รอบตรวจ: แท่งล่าสุด 2026-09-09 19:45:00 close 4409.54 spread 31.0 (ประมวลผลแล้ว)
2026-09-10 00:04:45 [DEBUG] รอบตรวจ: แท่งล่าสุด 2026-09-09 19:45:00 close 4409.54 spread 27.0 (ประมวลผลแล้ว)
2026-09-10 00:05:15 [DEBUG] รอบตรวจ: แท่งล่าสุด 2026-09-09 19:45:00 close 4409.54 spread 28.0 (ประมวลผลแล้ว)
2026-09-10 00:05:45 [DEBUG] รอบตรวจ: แท่งล่าสุด 2026-09-09 19:45:00 close 4409.54 spread 31.0 (ประมวลผลแล้ว)
2026-09-10 00:06:15 [DEBUG] รอบตรวจ: แท่งล่าสุด 2026-09-09 19:45:00 close 4409.54 spread 23.0 (ประมวลผลแล้ว)
2026-09-10 00:06:45 [DEBUG] รอบตรวจ: แท่งล่าสุด 2026-09-09 19:45:00 close 4409.54 spread 33.0 (ประมวลผลแล้ว)
2026-09-10 00:07:15 [DEBUG] รอบตรวจ: แท่งล่าสุด 2026-09-09 19:45:00 close 4409.54 spread 37.0 (ประมวลผลแล้ว)
2026-09-10 00:07:45 [DEBUG] รอบตรวจ: แท่งล่าสุด 2026-09-09 19:45:00 close 4409.54 spread 37.0 (ประมวลผลแล้ว)
2026-09-10 00:08:15 [DEBUG] รอบตรวจ: แท่งล่าสุด 2026-09-09 19:45:00 close 4409.54 spread 25.0 (ประมวลผลแล้ว)
2026-09-10 00:08:45 [DEBUG] รอบตรวจ: แท่งล่าสุด 2026-09-09 19:45:00 close 4409.54 spread 26.0 (ประมวลผลแล้ว)
2026-09-10 00:09:34 [INFO] บัญชี 106516572 (Demo) server FBS-Demo balance 1000.00 USD
2026-09-10 00:09:34 [INFO] โหมด: เฝ้าดูอย่างเดียว ไม่ส่งคำสั่ง
2026-09-10 00:09:34 [INFO] ตลาด: XAUUSD | เข้า M15 | เทรนด์ H1 | ยืนยัน M5
2026-09-10 00:09:34 [INFO] ตัวกรองที่เปิด: เทรนด์ H1, ADX >= 20, RSI 30-70, M5 ไม่สวนทาง, spread <= 50
2026-09-10 00:09:34 [INFO] ความเสี่ยง: 1.0% ต่อไม้ | SL 1.5xATR | TP 3.0xATR
2026-09-10 00:09:34 [INFO] ดูแลไม้: เสมอทุนที่ 1.0R, ไล่ stop จาก 1.5R ห่าง 2.0xATR | ตัวตัดวงจร: ขาดทุน 3.0%/วัน, 5 ไม้/วัน, แพ้ติดกัน 3
2026-09-10 00:09:34 [INFO] เก็บกำไรบางส่วน: 50% ที่ 1.0R | heartbeat ทุก 12 ชั่วโมง
2026-09-10 00:09:34 [INFO] Symbol: 2 หลัก, point 0.01, lot 0.01-500.00 ก้าว 0.01, stops level 0 points
2026-09-10 00:09:34 [INFO] เวลาเซิร์ฟเวอร์ broker = GMT+3 (ใช้ตั้ง SESSION_HOURS)
2026-09-10 00:09:34 [DEBUG] รอบตรวจ: แท่งล่าสุด 2026-09-09 19:45:00 close 4409.54 spread 29.0 (ประมวลผลแล้ว)
2026-09-10 00:10:04 [DEBUG] รอบตรวจ: แท่งล่าสุด 2026-09-09 19:45:00 close 4409.54 spread 34.0 (ประมวลผลแล้ว)
2026-09-10 00:10:34 [DEBUG] รอบตรวจ: แท่งล่าสุด 2026-09-09 19:45:00 close 4409.54 spread 37.0 (ประมวลผลแล้ว)
2026-09-10 00:10:52 [INFO] บัญชี 106516572 (Demo) server FBS-Demo balance 1000.00 USD
2026-09-10 00:10:52 [INFO] โหมด: เฝ้าดูอย่างเดียว ไม่ส่งคำสั่ง
2026-09-10 00:10:52 [INFO] ตลาด: XAUUSD | เข้า M15 | เทรนด์ H1 | ยืนยัน M5
2026-09-10 00:10:52 [INFO] ตัวกรองที่เปิด: เทรนด์ H1, ADX >= 20, RSI 30-70, M5 ไม่สวนทาง, spread <= 50
2026-09-10 00:10:52 [INFO] ความเสี่ยง: 1.0% ต่อไม้ | SL 1.5xATR | TP 3.0xATR
2026-09-10 00:10:52 [INFO] ดูแลไม้: เสมอทุนที่ 1.0R, ไล่ stop จาก 1.5R ห่าง 2.0xATR | ตัวตัดวงจร: ขาดทุน 3.0%/วัน, 5 ไม้/วัน, แพ้ติดกัน 3
2026-09-10 00:10:52 [INFO] เก็บกำไรบางส่วน: 50% ที่ 1.0R | heartbeat ทุก 12 ชั่วโมง
2026-09-10 00:10:52 [INFO] Symbol: 2 หลัก, point 0.01, lot 0.01-500.00 ก้าว 0.01, stops level 0 points
2026-09-10 00:10:52 [INFO] เวลาเซิร์ฟเวอร์ broker = GMT+3 (ใช้ตั้ง SESSION_HOURS)
2026-09-10 00:10:52 [DEBUG] รอบตรวจ: แท่งล่าสุด 2026-09-09 19:45:00 close 4409.54 spread 37.0 (ประมวลผลแล้ว)
2026-09-10 00:11:22 [DEBUG] รอบตรวจ: แท่งล่าสุด 2026-09-09 19:45:00 close 4409.54 spread 37.0 (ประมวลผลแล้ว)
2026-09-10 00:11:52 [WARNING] ขาดการเชื่อมต่อ MT5 กำลังเชื่อมใหม่
2026-09-10 00:12:05 [INFO] เชื่อมต่อใหม่สำเร็จ
2026-09-10 00:12:05 [DEBUG] รอบตรวจ: แท่งล่าสุด 2026-09-09 19:45:00 close 4409.54 spread 37.0 (ประมวลผลแล้ว)
2026-09-10 00:12:51 [INFO] บัญชี 106516572 (Demo) server FBS-Demo balance 1000.00 USD
2026-09-10 00:12:51 [INFO] โหมด: เฝ้าดูอย่างเดียว ไม่ส่งคำสั่ง
2026-09-10 00:12:51 [INFO] ตลาด: XAUUSD | เข้า M15 | เทรนด์ H1 | ยืนยัน M5
2026-09-10 00:12:51 [INFO] ตัวกรองที่เปิด: เทรนด์ H1, ADX >= 20, RSI 30-70, M5 ไม่สวนทาง, spread <= 50
2026-09-10 00:12:51 [INFO] ความเสี่ยง: 1.0% ต่อไม้ | SL 1.5xATR | TP 3.0xATR
2026-09-10 00:12:51 [INFO] ดูแลไม้: เสมอทุนที่ 1.0R, ไล่ stop จาก 1.5R ห่าง 2.0xATR | ตัวตัดวงจร: ขาดทุน 3.0%/วัน, 5 ไม้/วัน, แพ้ติดกัน 3
2026-09-10 00:12:51 [INFO] เก็บกำไรบางส่วน: 50% ที่ 1.0R | heartbeat ทุก 12 ชั่วโมง
2026-09-10 00:12:51 [INFO] Symbol: 2 หลัก, point 0.01, lot 0.01-500.00 ก้าว 0.01, stops level 0 points
2026-09-10 00:12:51 [INFO] เวลาเซิร์ฟเวอร์ broker = GMT+3 (ใช้ตั้ง SESSION_HOURS)
2026-09-10 00:12:52 [DEBUG] รอบตรวจ: แท่งล่าสุด 2026-09-09 19:45:00 close 4409.54 spread 37.0 (ประมวลผลแล้ว)
2026-09-10 00:13:22 [DEBUG] รอบตรวจ: แท่งล่าสุด 2026-09-09 19:45:00 close 4409.54 spread 30.0 (ประมวลผลแล้ว)
2026-09-10 00:13:52 [DEBUG] รอบตรวจ: แท่งล่าสุด 2026-09-09 19:45:00 close 4409.54 spread 37.0 (ประมวลผลแล้ว)
2026-09-10 00:14:06 [INFO] บัญชี 106516572 (Demo) server FBS-Demo balance 1000.00 USD
2026-09-10 00:14:06 [INFO] โหมด: เฝ้าดูอย่างเดียว ไม่ส่งคำสั่ง
2026-09-10 00:14:06 [INFO] ตลาด: XAUUSD | เข้า M15 | เทรนด์ H1 | ยืนยัน M5
2026-09-10 00:14:06 [INFO] ตัวกรองที่เปิด: เทรนด์ H1, ADX >= 20, RSI 30-70, M5 ไม่สวนทาง, spread <= 50
2026-09-10 00:14:06 [INFO] ความเสี่ยง: 1.0% ต่อไม้ | SL 1.5xATR | TP 3.0xATR
2026-09-10 00:14:06 [INFO] ดูแลไม้: เสมอทุนที่ 1.0R, ไล่ stop จาก 1.5R ห่าง 2.0xATR | ตัวตัดวงจร: ขาดทุน 3.0%/วัน, 5 ไม้/วัน, แพ้ติดกัน 3
2026-09-10 00:14:06 [INFO] เก็บกำไรบางส่วน: 50% ที่ 1.0R | heartbeat ทุก 12 ชั่วโมง
2026-09-10 00:14:06 [INFO] Symbol: 2 หลัก, point 0.01, lot 0.01-500.00 ก้าว 0.01, stops level 0 points
2026-09-10 00:14:06 [INFO] เวลาเซิร์ฟเวอร์ broker = GMT+3 (ใช้ตั้ง SESSION_HOURS)
2026-09-10 00:14:06 [DEBUG] รอบตรวจ: แท่งล่าสุด 2026-09-09 19:45:00 close 4409.54 spread 30.0 (ประมวลผลแล้ว)
2026-09-10 00:14:36 [DEBUG] รอบตรวจ: แท่งล่าสุด 2026-09-09 19:45:00 close 4409.54 spread 33.0 (ประมวลผลแล้ว)
2026-09-10 00:15:06 [DEBUG] รอบตรวจ: แท่งล่าสุด 2026-09-09 20:00:00 close 4416.74 spread 23.0 (แท่งใหม่)
2026-09-10 00:15:06 [INFO] แท่งปิด 2026-09-09 20:00:00 | Close 4416.74 | H1 DOWNTREND | M5 DOWNTREND | RSI 57.5 | ADX 21.0 | ATR 11.90 | Spread 23.0
2026-09-10 00:15:06 [INFO] คำตัดสิน: HOLD — ยังไม่มีสัญญาณตัดกัน
2026-09-10 00:15:06 [DEBUG]   [ไม่ผ่าน] สัญญาณตัดกัน M15: MA20/MA50 ให้ HOLD
2026-09-10 00:15:36 [DEBUG] รอบตรวจ: แท่งล่าสุด 2026-09-09 20:00:00 close 4416.74 spread 27.0 (ประมวลผลแล้ว)
2026-09-10 00:16:06 [DEBUG] รอบตรวจ: แท่งล่าสุด 2026-09-09 20:00:00 close 4416.74 spread 27.0 (ประมวลผลแล้ว)
2026-09-10 00:16:43 [INFO] บัญชี 106516572 (Demo) server FBS-Demo balance 1000.00 USD
2026-09-10 00:16:43 [INFO] โหมด: เฝ้าดูอย่างเดียว ไม่ส่งคำสั่ง
2026-09-10 00:16:43 [INFO] ตลาด: XAUUSD | เข้า M15 | เทรนด์ H1 | ยืนยัน M5
2026-09-10 00:16:43 [INFO] ตัวกรองที่เปิด: เทรนด์ H1, ADX >= 20, RSI 30-70, M5 ไม่สวนทาง, spread <= 50
2026-09-10 00:16:43 [INFO] ความเสี่ยง: 1.0% ต่อไม้ | SL 1.5xATR | TP 3.0xATR
2026-09-10 00:16:43 [INFO] ดูแลไม้: เสมอทุนที่ 1.0R, ไล่ stop จาก 1.5R ห่าง 2.0xATR | ตัวตัดวงจร: ขาดทุน 3.0%/วัน, 5 ไม้/วัน, แพ้ติดกัน 3
2026-09-10 00:16:43 [INFO] เก็บกำไรบางส่วน: 50% ที่ 1.0R | heartbeat ทุก 12 ชั่วโมง
2026-09-10 00:16:43 [INFO] Symbol: 2 หลัก, point 0.01, lot 0.01-500.00 ก้าว 0.01, stops level 0 points
2026-09-10 00:16:43 [INFO] เวลาเซิร์ฟเวอร์ broker = GMT+3 (ใช้ตั้ง SESSION_HOURS)
2026-09-10 00:16:43 [DEBUG] รอบตรวจ: แท่งล่าสุด 2026-09-09 20:00:00 close 4416.74 spread 29.0 (ประมวลผลแล้ว)
2026-09-10 00:17:13 [DEBUG] รอบตรวจ: แท่งล่าสุด 2026-09-09 20:00:00 close 4416.74 spread 30.0 (ประมวลผลแล้ว)
2026-09-10 00:17:43 [DEBUG] รอบตรวจ: แท่งล่าสุด 2026-09-09 20:00:00 close 4416.74 spread 32.0 (ประมวลผลแล้ว)
2026-09-10 00:18:13 [DEBUG] รอบตรวจ: แท่งล่าสุด 2026-09-09 20:00:00 close 4416.74 spread 29.0 (ประมวลผลแล้ว)
2026-09-10 00:18:43 [DEBUG] รอบตรวจ: แท่งล่าสุด 2026-09-09 20:00:00 close 4416.74 spread 29.0 (ประมวลผลแล้ว)
2026-09-10 00:19:13 [DEBUG] รอบตรวจ: แท่งล่าสุด 2026-09-09 20:00:00 close 4416.74 spread 31.0 (ประมวลผลแล้ว)
2026-09-10 00:19:43 [DEBUG] รอบตรวจ: แท่งล่าสุด 2026-09-09 20:00:00 close 4416.74 spread 37.0 (ประมวลผลแล้ว)
2026-09-10 00:20:13 [DEBUG] รอบตรวจ: แท่งล่าสุด 2026-09-09 20:00:00 close 4416.74 spread 37.0 (ประมวลผลแล้ว)
2026-09-10 00:20:43 [DEBUG] รอบตรวจ: แท่งล่าสุด 2026-09-09 20:00:00 close 4416.74 spread 37.0 (ประมวลผลแล้ว)
2026-09-10 00:21:13 [DEBUG] รอบตรวจ: แท่งล่าสุด 2026-09-09 20:00:00 close 4416.74 spread 34.0 (ประมวลผลแล้ว)
2026-09-10 00:21:43 [DEBUG] รอบตรวจ: แท่งล่าสุด 2026-09-09 20:00:00 close 4416.74 spread 34.0 (ประมวลผลแล้ว)
2026-09-10 00:22:13 [DEBUG] รอบตรวจ: แท่งล่าสุด 2026-09-09 20:00:00 close 4416.74 spread 31.0 (ประมวลผลแล้ว)
2026-09-10 00:22:43 [DEBUG] รอบตรวจ: แท่งล่าสุด 2026-09-09 20:00:00 close 4416.74 spread 31.0 (ประมวลผลแล้ว)
2026-09-10 00:23:13 [DEBUG] รอบตรวจ: แท่งล่าสุด 2026-09-09 20:00:00 close 4416.74 spread 33.0 (ประมวลผลแล้ว)
2026-09-10 00:23:43 [DEBUG] รอบตรวจ: แท่งล่าสุด 2026-09-09 20:00:00 close 4416.74 spread 31.0 (ประมวลผลแล้ว)
2026-09-10 00:24:13 [DEBUG] รอบตรวจ: แท่งล่าสุด 2026-09-09 20:00:00 close 4416.74 spread 32.0 (ประมวลผลแล้ว)
2026-09-10 00:24:43 [DEBUG] รอบตรวจ: แท่งล่าสุด 2026-09-09 20:00:00 close 4416.74 spread 30.0 (ประมวลผลแล้ว)
2026-09-10 00:25:13 [DEBUG] รอบตรวจ: แท่งล่าสุด 2026-09-09 20:00:00 close 4416.74 spread 33.0 (ประมวลผลแล้ว)
2026-09-10 00:25:37 [INFO] บัญชี 106516572 (Demo) server FBS-Demo balance 1000.00 USD
2026-09-10 00:25:37 [INFO] โหมด: เฝ้าดูอย่างเดียว ไม่ส่งคำสั่ง
2026-09-10 00:25:37 [INFO] ตลาด: XAUUSD | เข้า M15 | เทรนด์ H1 | ยืนยัน M5
2026-09-10 00:25:37 [INFO] ตัวกรองที่เปิด: เทรนด์ H1, ADX >= 20, RSI 30-70, M5 ไม่สวนทาง, spread <= 50
2026-09-10 00:25:37 [INFO] ความเสี่ยง: 1.0% ต่อไม้ | SL 1.5xATR | TP 3.0xATR
2026-09-10 00:25:37 [INFO] ดูแลไม้: เสมอทุนที่ 1.0R, ไล่ stop จาก 1.5R ห่าง 2.0xATR | ตัวตัดวงจร: ขาดทุน 3.0%/วัน, 5 ไม้/วัน, แพ้ติดกัน 3
2026-09-10 00:25:37 [INFO] เก็บกำไรบางส่วน: 50% ที่ 1.0R | heartbeat ทุก 12 ชั่วโมง
2026-09-10 00:25:37 [INFO] Symbol: 2 หลัก, point 0.01, lot 0.01-500.00 ก้าว 0.01, stops level 0 points
2026-09-10 00:25:37 [INFO] เวลาเซิร์ฟเวอร์ broker = GMT+3 (ใช้ตั้ง SESSION_HOURS)
2026-09-10 00:25:37 [DEBUG] รอบตรวจ: แท่งล่าสุด 2026-09-09 20:00:00 close 4416.74 spread 32.0 (ประมวลผลแล้ว)
2026-09-10 00:26:07 [DEBUG] รอบตรวจ: แท่งล่าสุด 2026-09-09 20:00:00 close 4416.74 spread 25.0 (ประมวลผลแล้ว)
2026-09-10 00:26:37 [DEBUG] รอบตรวจ: แท่งล่าสุด 2026-09-09 20:00:00 close 4416.74 spread 28.0 (ประมวลผลแล้ว)
2026-09-10 00:27:07 [DEBUG] รอบตรวจ: แท่งล่าสุด 2026-09-09 20:00:00 close 4416.74 spread 31.0 (ประมวลผลแล้ว)
2026-09-10 00:27:37 [DEBUG] รอบตรวจ: แท่งล่าสุด 2026-09-09 20:00:00 close 4416.74 spread 35.0 (ประมวลผลแล้ว)
2026-09-10 00:28:07 [DEBUG] รอบตรวจ: แท่งล่าสุด 2026-09-09 20:00:00 close 4416.74 spread 36.0 (ประมวลผลแล้ว)
2026-09-10 00:28:25 [INFO] บัญชี 106516572 (Demo) server FBS-Demo balance 1000.00 USD
2026-09-10 00:28:25 [INFO] โหมด: เฝ้าดูอย่างเดียว ไม่ส่งคำสั่ง
2026-09-10 00:28:25 [INFO] ตลาด: XAUUSD | เข้า M15 | เทรนด์ H1 | ยืนยัน M5
2026-09-10 00:28:25 [INFO] ตัวกรองที่เปิด: เทรนด์ H1, ADX >= 20, RSI 30-70, M5 ไม่สวนทาง, spread <= 50
2026-09-10 00:28:25 [INFO] ความเสี่ยง: 1.0% ต่อไม้ | SL 1.5xATR | TP 3.0xATR
2026-09-10 00:28:25 [INFO] ดูแลไม้: เสมอทุนที่ 1.0R, ไล่ stop จาก 1.5R ห่าง 2.0xATR | ตัวตัดวงจร: ขาดทุน 3.0%/วัน, 5 ไม้/วัน, แพ้ติดกัน 3
2026-09-10 00:28:25 [INFO] เก็บกำไรบางส่วน: 50% ที่ 1.0R | heartbeat ทุก 12 ชั่วโมง
2026-09-10 00:28:25 [INFO] Symbol: 2 หลัก, point 0.01, lot 0.01-500.00 ก้าว 0.01, stops level 0 points
2026-09-10 00:28:25 [INFO] เวลาเซิร์ฟเวอร์ broker = GMT+3 (ใช้ตั้ง SESSION_HOURS)
2026-09-10 00:28:25 [DEBUG] รอบตรวจ: แท่งล่าสุด 2026-09-09 20:00:00 close 4416.74 spread 37.0 (ประมวลผลแล้ว)
2026-09-10 00:28:55 [DEBUG] รอบตรวจ: แท่งล่าสุด 2026-09-09 20:00:00 close 4416.74 spread 37.0 (ประมวลผลแล้ว)
2026-09-10 00:29:25 [DEBUG] รอบตรวจ: แท่งล่าสุด 2026-09-09 20:00:00 close 4416.74 spread 24.0 (ประมวลผลแล้ว)
2026-09-10 00:29:55 [DEBUG] รอบตรวจ: แท่งล่าสุด 2026-09-09 20:00:00 close 4416.74 spread 31.0 (ประมวลผลแล้ว)
2026-09-10 00:30:21 [INFO] บัญชี 106516572 (Demo) server FBS-Demo balance 1000.00 USD
2026-09-10 00:30:21 [INFO] โหมด: เฝ้าดูอย่างเดียว ไม่ส่งคำสั่ง
2026-09-10 00:30:21 [INFO] ตลาด: XAUUSD | เข้า M15 | เทรนด์ H1 | ยืนยัน M5
2026-09-10 00:30:21 [INFO] ตัวกรองที่เปิด: เทรนด์ H1, ADX >= 20, RSI 30-70, M5 ไม่สวนทาง, spread <= 50
2026-09-10 00:30:21 [INFO] ความเสี่ยง: 1.0% ต่อไม้ | SL 1.5xATR | TP 3.0xATR
2026-09-10 00:30:21 [INFO] ดูแลไม้: เสมอทุนที่ 1.0R, ไล่ stop จาก 1.5R ห่าง 2.0xATR | ตัวตัดวงจร: ขาดทุน 3.0%/วัน, 5 ไม้/วัน, แพ้ติดกัน 3
2026-09-10 00:30:21 [INFO] เก็บกำไรบางส่วน: 50% ที่ 1.0R | heartbeat ทุก 12 ชั่วโมง
2026-09-10 00:30:21 [INFO] Symbol: 2 หลัก, point 0.01, lot 0.01-500.00 ก้าว 0.01, stops level 0 points
2026-09-10 00:30:21 [INFO] เวลาเซิร์ฟเวอร์ broker = GMT+3 (ใช้ตั้ง SESSION_HOURS)
2026-09-10 00:30:21 [DEBUG] รอบตรวจ: แท่งล่าสุด 2026-09-09 20:15:00 close 4414.76 spread 28.0 (แท่งใหม่)
2026-09-10 00:30:21 [INFO] แท่งปิด 2026-09-09 20:15:00 | Close 4414.76 | H1 DOWNTREND | M5 DOWNTREND | RSI 56.0 | ADX 20.1 | ATR 11.48 | Spread 28.0
2026-09-10 00:30:21 [INFO] คำตัดสิน: HOLD — ยังไม่มีสัญญาณตัดกัน
2026-09-10 00:30:21 [DEBUG]   [ไม่ผ่าน] สัญญาณตัดกัน M15: MA20/MA50 ให้ HOLD
2026-09-10 00:30:51 [DEBUG] รอบตรวจ: แท่งล่าสุด 2026-09-09 20:15:00 close 4414.76 spread 26.0 (ประมวลผลแล้ว)
2026-09-10 00:31:21 [DEBUG] รอบตรวจ: แท่งล่าสุด 2026-09-09 20:15:00 close 4414.76 spread 27.0 (ประมวลผลแล้ว)
2026-09-10 00:31:51 [DEBUG] รอบตรวจ: แท่งล่าสุด 2026-09-09 20:15:00 close 4414.76 spread 31.0 (ประมวลผลแล้ว)
2026-09-10 00:32:21 [DEBUG] รอบตรวจ: แท่งล่าสุด 2026-09-09 20:15:00 close 4414.76 spread 24.0 (ประมวลผลแล้ว)
2026-09-10 00:34:13 [INFO] บัญชี 106516572 (Demo) server FBS-Demo balance 1000.00 USD
2026-09-10 00:34:13 [INFO] โหมด: เฝ้าดูอย่างเดียว ไม่ส่งคำสั่ง
2026-09-10 00:34:13 [INFO] ตลาด: XAUUSD | เข้า M15 | เทรนด์ H1 | ยืนยัน M5
2026-09-10 00:34:13 [INFO] ตัวกรองที่เปิด: เทรนด์ H1, ADX >= 20, RSI 30-70, M5 ไม่สวนทาง, spread <= 50
2026-09-10 00:34:13 [INFO] ความเสี่ยง: 1.0% ต่อไม้ | SL 1.5xATR | TP 3.0xATR
2026-09-10 00:34:13 [INFO] ดูแลไม้: เสมอทุนที่ 1.0R, ไล่ stop จาก 1.5R ห่าง 2.0xATR | ตัวตัดวงจร: ขาดทุน 3.0%/วัน, 5 ไม้/วัน, แพ้ติดกัน 3
2026-09-10 00:34:13 [INFO] เก็บกำไรบางส่วน: 50% ที่ 1.0R | heartbeat ทุก 12 ชั่วโมง
2026-09-10 00:34:13 [INFO] Symbol: 2 หลัก, point 0.01, lot 0.01-500.00 ก้าว 0.01, stops level 0 points
2026-09-10 00:34:13 [INFO] เวลาเซิร์ฟเวอร์ broker = GMT+3 (ใช้ตั้ง SESSION_HOURS)
2026-09-10 00:34:13 [INFO] แจ้งเตือน Telegram: 🤖 ระบบ, 🕒 ตลาด, 📊 สัญญาณ, 🚀 เข้าไม้, 🛡️ ดูแลไม้, 🏁 ปิดไม้, ⚠️ ความเสี่ยง, 📅 สรุป
2026-09-10 00:34:13 [DEBUG] Starting new HTTPS connection (1): api.telegram.org:443
2026-09-10 00:34:24 [DEBUG] https://api.telegram.org:443 "POST /bot8624918359:AAGleKax3bKKXX_pdgTMX49IIYtUJVqWf48/sendMessage HTTP/1.1" 200 1948
2026-09-10 00:34:24 [DEBUG] รอบตรวจ: แท่งล่าสุด 2026-09-09 20:15:00 close 4414.76 spread 27.0 (ประมวลผลแล้ว)
2026-09-10 00:34:54 [DEBUG] รอบตรวจ: แท่งล่าสุด 2026-09-09 20:15:00 close 4414.76 spread 25.0 (ประมวลผลแล้ว)
2026-09-10 00:35:24 [DEBUG] รอบตรวจ: แท่งล่าสุด 2026-09-09 20:15:00 close 4414.76 spread 37.0 (ประมวลผลแล้ว)
2026-09-10 00:35:54 [DEBUG] รอบตรวจ: แท่งล่าสุด 2026-09-09 20:15:00 close 4414.76 spread 24.0 (ประมวลผลแล้ว)
2026-09-10 00:36:24 [DEBUG] รอบตรวจ: แท่งล่าสุด 2026-09-09 20:15:00 close 4414.76 spread 29.0 (ประมวลผลแล้ว)
2026-09-10 00:36:30 [DEBUG] Starting new HTTPS connection (1): api.telegram.org:443
2026-09-10 00:36:33 [INFO] บัญชี 106516572 (Demo) server FBS-Demo balance 1000.00 USD
2026-09-10 00:36:33 [INFO] โหมด: เทรดจริง
2026-09-10 00:36:33 [INFO] ตลาด: XAUUSD | เข้า M15 | เทรนด์ H1 | ยืนยัน M5
2026-09-10 00:36:33 [INFO] ตัวกรองที่เปิด: เทรนด์ H1, ADX >= 20, RSI 30-70, M5 ไม่สวนทาง, spread <= 50
2026-09-10 00:36:33 [INFO] ความเสี่ยง: 1.0% ต่อไม้ | SL 1.5xATR | TP 3.0xATR
2026-09-10 00:36:33 [INFO] ดูแลไม้: เสมอทุนที่ 1.0R, ไล่ stop จาก 1.5R ห่าง 2.0xATR | ตัวตัดวงจร: ขาดทุน 3.0%/วัน, 5 ไม้/วัน, แพ้ติดกัน 3
2026-09-10 00:36:33 [INFO] เก็บกำไรบางส่วน: 50% ที่ 1.0R | heartbeat ทุก 12 ชั่วโมง
2026-09-10 00:36:33 [INFO] Symbol: 2 หลัก, point 0.01, lot 0.01-500.00 ก้าว 0.01, stops level 0 points
2026-09-10 00:36:33 [INFO] เวลาเซิร์ฟเวอร์ broker = GMT+3 (ใช้ตั้ง SESSION_HOURS)
2026-09-10 00:36:33 [INFO] แจ้งเตือน Telegram: 🤖 ระบบ, 🕒 ตลาด, 📊 สัญญาณ, 🚀 เข้าไม้, 🛡️ ดูแลไม้, 🏁 ปิดไม้, ⚠️ ความเสี่ยง, 📅 สรุป
2026-09-10 00:36:33 [DEBUG] Starting new HTTPS connection (1): api.telegram.org:443
2026-09-10 00:36:35 [DEBUG] https://api.telegram.org:443 "POST /bot8624918359:AAGleKax3bKKXX_pdgTMX49IIYtUJVqWf48/sendMessage HTTP/1.1" 200 1826
2026-09-10 00:36:35 [DEBUG] รอบตรวจ: แท่งล่าสุด 2026-09-09 20:15:00 close 4414.76 spread 33.0 (ประมวลผลแล้ว)
2026-09-10 00:37:05 [DEBUG] รอบตรวจ: แท่งล่าสุด 2026-09-09 20:15:00 close 4414.76 spread 23.0 (ประมวลผลแล้ว)
2026-09-10 00:37:35 [DEBUG] รอบตรวจ: แท่งล่าสุด 2026-09-09 20:15:00 close 4414.76 spread 28.0 (ประมวลผลแล้ว)
2026-09-10 00:38:05 [DEBUG] รอบตรวจ: แท่งล่าสุด 2026-09-09 20:15:00 close 4414.76 spread 28.0 (ประมวลผลแล้ว)
2026-09-10 00:38:35 [DEBUG] รอบตรวจ: แท่งล่าสุด 2026-09-09 20:15:00 close 4414.76 spread 30.0 (ประมวลผลแล้ว)
2026-09-10 00:39:05 [DEBUG] รอบตรวจ: แท่งล่าสุด 2026-09-09 20:15:00 close 4414.76 spread 25.0 (ประมวลผลแล้ว)
2026-09-10 00:39:35 [DEBUG] รอบตรวจ: แท่งล่าสุด 2026-09-09 20:15:00 close 4414.76 spread 27.0 (ประมวลผลแล้ว)
2026-09-10 00:39:38 [DEBUG] Starting new HTTPS connection (1): api.telegram.org:443
2026-09-10 00:39:39 [DEBUG] https://api.telegram.org:443 "POST /bot8624918359:AAGleKax3bKKXX_pdgTMX49IIYtUJVqWf48/sendMessage HTTP/1.1" 200 894
2026-09-10 00:39:44 [INFO] บัญชี 106516572 (Demo) server FBS-Demo balance 1000.00 USD
2026-09-10 00:39:44 [INFO] โหมด: เฝ้าดูอย่างเดียว ไม่ส่งคำสั่ง
2026-09-10 00:39:44 [INFO] ตลาด: XAUUSD | เข้า M15 | เทรนด์ H1 | ยืนยัน M5
2026-09-10 00:39:44 [INFO] ตัวกรองที่เปิด: เทรนด์ H1, ADX >= 20, RSI 30-70, M5 ไม่สวนทาง, spread <= 50
2026-09-10 00:39:44 [INFO] ความเสี่ยง: 1.0% ต่อไม้ | SL 1.5xATR | TP 3.0xATR
2026-09-10 00:39:44 [INFO] ดูแลไม้: เสมอทุนที่ 1.0R, ไล่ stop จาก 1.5R ห่าง 2.0xATR | ตัวตัดวงจร: ขาดทุน 3.0%/วัน, 5 ไม้/วัน, แพ้ติดกัน 3
2026-09-10 00:39:44 [INFO] เก็บกำไรบางส่วน: 50% ที่ 1.0R | heartbeat ทุก 12 ชั่วโมง
2026-09-10 00:39:44 [INFO] Symbol: 2 หลัก, point 0.01, lot 0.01-500.00 ก้าว 0.01, stops level 0 points
2026-09-10 00:39:44 [INFO] เวลาเซิร์ฟเวอร์ broker = GMT+3 (ใช้ตั้ง SESSION_HOURS)
2026-09-10 00:39:44 [INFO] แจ้งเตือน Telegram: 🤖 ระบบ, 🕒 ตลาด, 📊 สัญญาณ, 🚀 เข้าไม้, 🛡️ ดูแลไม้, 🏁 ปิดไม้, ⚠️ ความเสี่ยง, 📅 สรุป
2026-09-10 00:39:44 [DEBUG] Starting new HTTPS connection (1): api.telegram.org:443
2026-09-10 00:39:46 [DEBUG] https://api.telegram.org:443 "POST /bot8624918359:AAGleKax3bKKXX_pdgTMX49IIYtUJVqWf48/sendMessage HTTP/1.1" 200 1948
2026-09-10 00:39:46 [DEBUG] รอบตรวจ: แท่งล่าสุด 2026-09-09 20:15:00 close 4414.76 spread 27.0 (ประมวลผลแล้ว)
2026-09-10 00:40:16 [DEBUG] รอบตรวจ: แท่งล่าสุด 2026-09-09 20:15:00 close 4414.76 spread 28.0 (ประมวลผลแล้ว)
2026-09-10 00:40:16 [DEBUG] Starting new HTTPS connection (1): api.telegram.org:443
2026-09-10 00:40:23 [INFO] บัญชี 106516572 (Demo) server FBS-Demo balance 1000.00 USD
2026-09-10 00:40:23 [INFO] โหมด: เฝ้าดูอย่างเดียว ไม่ส่งคำสั่ง
2026-09-10 00:40:23 [INFO] ตลาด: XAUUSD | เข้า M15 | เทรนด์ H1 | ยืนยัน M5
2026-09-10 00:40:23 [INFO] ตัวกรองที่เปิด: เทรนด์ H1, ADX >= 20, RSI 30-70, M5 ไม่สวนทาง, spread <= 50
2026-09-10 00:40:23 [INFO] ความเสี่ยง: 1.0% ต่อไม้ | SL 1.5xATR | TP 3.0xATR
2026-09-10 00:40:23 [INFO] ดูแลไม้: เสมอทุนที่ 1.0R, ไล่ stop จาก 1.5R ห่าง 2.0xATR | ตัวตัดวงจร: ขาดทุน 3.0%/วัน, 5 ไม้/วัน, แพ้ติดกัน 3
2026-09-10 00:40:23 [INFO] เก็บกำไรบางส่วน: 50% ที่ 1.0R | heartbeat ทุก 12 ชั่วโมง
2026-09-10 00:40:23 [INFO] Symbol: 2 หลัก, point 0.01, lot 0.01-500.00 ก้าว 0.01, stops level 0 points
2026-09-10 00:40:23 [INFO] เวลาเซิร์ฟเวอร์ broker = GMT+3 (ใช้ตั้ง SESSION_HOURS)
2026-09-10 00:40:23 [INFO] แจ้งเตือน Telegram: 🤖 ระบบ, 🕒 ตลาด, 📊 สัญญาณ, 🚀 เข้าไม้, 🛡️ ดูแลไม้, 🏁 ปิดไม้, ⚠️ ความเสี่ยง, 📅 สรุป
2026-09-10 00:40:23 [DEBUG] Starting new HTTPS connection (1): api.telegram.org:443
2026-09-10 00:40:24 [DEBUG] https://api.telegram.org:443 "POST /bot8624918359:AAGleKax3bKKXX_pdgTMX49IIYtUJVqWf48/sendMessage HTTP/1.1" 200 1948
2026-09-10 00:40:24 [DEBUG] รอบตรวจ: แท่งล่าสุด 2026-09-09 20:15:00 close 4414.76 spread 28.0 (ประมวลผลแล้ว)
2026-09-10 00:40:54 [DEBUG] รอบตรวจ: แท่งล่าสุด 2026-09-09 20:15:00 close 4414.76 spread 24.0 (ประมวลผลแล้ว)
2026-09-10 00:41:24 [DEBUG] รอบตรวจ: แท่งล่าสุด 2026-09-09 20:15:00 close 4414.76 spread 28.0 (ประมวลผลแล้ว)
2026-09-10 00:41:54 [DEBUG] รอบตรวจ: แท่งล่าสุด 2026-09-09 20:15:00 close 4414.76 spread 23.0 (ประมวลผลแล้ว)
2026-09-10 00:42:24 [DEBUG] รอบตรวจ: แท่งล่าสุด 2026-09-09 20:15:00 close 4414.76 spread 28.0 (ประมวลผลแล้ว)
2026-09-10 00:42:54 [DEBUG] รอบตรวจ: แท่งล่าสุด 2026-09-09 20:15:00 close 4414.76 spread 29.0 (ประมวลผลแล้ว)
2026-09-10 00:43:24 [DEBUG] รอบตรวจ: แท่งล่าสุด 2026-09-09 20:15:00 close 4414.76 spread 33.0 (ประมวลผลแล้ว)
2026-09-10 00:43:54 [DEBUG] รอบตรวจ: แท่งล่าสุด 2026-09-09 20:15:00 close 4414.76 spread 26.0 (ประมวลผลแล้ว)
2026-09-10 00:44:24 [DEBUG] รอบตรวจ: แท่งล่าสุด 2026-09-09 20:15:00 close 4414.76 spread 25.0 (ประมวลผลแล้ว)
2026-09-10 00:44:54 [DEBUG] รอบตรวจ: แท่งล่าสุด 2026-09-09 20:15:00 close 4414.76 spread 32.0 (ประมวลผลแล้ว)
2026-09-10 00:45:24 [DEBUG] รอบตรวจ: แท่งล่าสุด 2026-09-09 20:30:00 close 4413.62 spread 26.0 (แท่งใหม่)
2026-09-10 00:45:24 [INFO] แท่งปิด 2026-09-09 20:30:00 | Close 4413.62 | H1 DOWNTREND | M5 DOWNTREND | RSI 55.1 | ADX 19.1 | ATR 11.05 | Spread 26.0
2026-09-10 00:45:24 [INFO] คำตัดสิน: HOLD — ยังไม่มีสัญญาณตัดกัน
2026-09-10 00:45:24 [DEBUG]   [ไม่ผ่าน] สัญญาณตัดกัน M15: MA20/MA50 ให้ HOLD
2026-09-10 00:45:24 [DEBUG] Starting new HTTPS connection (1): api.telegram.org:443
2026-09-10 00:45:25 [DEBUG] https://api.telegram.org:443 "POST /bot8624918359:AAGleKax3bKKXX_pdgTMX49IIYtUJVqWf48/sendMessage HTTP/1.1" 200 1398
2026-09-10 00:45:55 [DEBUG] รอบตรวจ: แท่งล่าสุด 2026-09-09 20:30:00 close 4413.62 spread 26.0 (ประมวลผลแล้ว)
2026-09-10 00:46:25 [DEBUG] รอบตรวจ: แท่งล่าสุด 2026-09-09 20:30:00 close 4413.62 spread 26.0 (ประมวลผลแล้ว)
2026-09-10 00:46:55 [DEBUG] รอบตรวจ: แท่งล่าสุด 2026-09-09 20:30:00 close 4413.62 spread 33.0 (ประมวลผลแล้ว)
2026-09-10 00:47:25 [DEBUG] รอบตรวจ: แท่งล่าสุด 2026-09-09 20:30:00 close 4413.62 spread 37.0 (ประมวลผลแล้ว)
2026-09-10 00:47:55 [DEBUG] รอบตรวจ: แท่งล่าสุด 2026-09-09 20:30:00 close 4413.62 spread 29.0 (ประมวลผลแล้ว)
2026-09-10 00:48:25 [DEBUG] รอบตรวจ: แท่งล่าสุด 2026-09-09 20:30:00 close 4413.62 spread 34.0 (ประมวลผลแล้ว)
2026-09-10 00:48:55 [DEBUG] รอบตรวจ: แท่งล่าสุด 2026-09-09 20:30:00 close 4413.62 spread 29.0 (ประมวลผลแล้ว)
2026-09-10 00:49:25 [DEBUG] รอบตรวจ: แท่งล่าสุด 2026-09-09 20:30:00 close 4413.62 spread 29.0 (ประมวลผลแล้ว)
2026-09-10 00:49:55 [DEBUG] รอบตรวจ: แท่งล่าสุด 2026-09-09 20:30:00 close 4413.62 spread 28.0 (ประมวลผลแล้ว)
2026-09-10 00:50:25 [DEBUG] รอบตรวจ: แท่งล่าสุด 2026-09-09 20:30:00 close 4413.62 spread 26.0 (ประมวลผลแล้ว)
2026-09-10 00:50:55 [DEBUG] รอบตรวจ: แท่งล่าสุด 2026-09-09 20:30:00 close 4413.62 spread 29.0 (ประมวลผลแล้ว)
2026-09-10 00:51:25 [DEBUG] รอบตรวจ: แท่งล่าสุด 2026-09-09 20:30:00 close 4413.62 spread 29.0 (ประมวลผลแล้ว)
2026-09-10 00:51:55 [DEBUG] รอบตรวจ: แท่งล่าสุด 2026-09-09 20:30:00 close 4413.62 spread 24.0 (ประมวลผลแล้ว)
2026-09-10 00:52:25 [DEBUG] รอบตรวจ: แท่งล่าสุด 2026-09-09 20:30:00 close 4413.62 spread 27.0 (ประมวลผลแล้ว)
2026-09-10 00:52:55 [DEBUG] รอบตรวจ: แท่งล่าสุด 2026-09-09 20:30:00 close 4413.62 spread 31.0 (ประมวลผลแล้ว)
2026-09-10 00:53:25 [DEBUG] รอบตรวจ: แท่งล่าสุด 2026-09-09 20:30:00 close 4413.62 spread 28.0 (ประมวลผลแล้ว)
2026-09-10 00:53:55 [DEBUG] รอบตรวจ: แท่งล่าสุด 2026-09-09 20:30:00 close 4413.62 spread 23.0 (ประมวลผลแล้ว)
2026-09-10 00:54:25 [DEBUG] รอบตรวจ: แท่งล่าสุด 2026-09-09 20:30:00 close 4413.62 spread 24.0 (ประมวลผลแล้ว)
2026-09-10 00:54:55 [DEBUG] รอบตรวจ: แท่งล่าสุด 2026-09-09 20:30:00 close 4413.62 spread 28.0 (ประมวลผลแล้ว)
2026-09-10 00:55:25 [DEBUG] รอบตรวจ: แท่งล่าสุด 2026-09-09 20:30:00 close 4413.62 spread 28.0 (ประมวลผลแล้ว)
2026-09-10 00:55:55 [DEBUG] รอบตรวจ: แท่งล่าสุด 2026-09-09 20:30:00 close 4413.62 spread 32.0 (ประมวลผลแล้ว)
2026-09-10 00:56:25 [DEBUG] รอบตรวจ: แท่งล่าสุด 2026-09-09 20:30:00 close 4413.62 spread 31.0 (ประมวลผลแล้ว)
2026-09-10 00:56:55 [DEBUG] รอบตรวจ: แท่งล่าสุด 2026-09-09 20:30:00 close 4413.62 spread 31.0 (ประมวลผลแล้ว)
2026-09-10 00:57:25 [DEBUG] รอบตรวจ: แท่งล่าสุด 2026-09-09 20:30:00 close 4413.62 spread 25.0 (ประมวลผลแล้ว)
2026-09-10 00:57:55 [DEBUG] รอบตรวจ: แท่งล่าสุด 2026-09-09 20:30:00 close 4413.62 spread 31.0 (ประมวลผลแล้ว)
2026-09-10 00:58:25 [DEBUG] รอบตรวจ: แท่งล่าสุด 2026-09-09 20:30:00 close 4413.62 spread 33.0 (ประมวลผลแล้ว)
2026-09-10 00:58:55 [DEBUG] รอบตรวจ: แท่งล่าสุด 2026-09-09 20:30:00 close 4413.62 spread 31.0 (ประมวลผลแล้ว)
2026-09-10 00:59:25 [DEBUG] รอบตรวจ: แท่งล่าสุด 2026-09-09 20:30:00 close 4413.62 spread 29.0 (ประมวลผลแล้ว)
2026-09-10 00:59:55 [DEBUG] รอบตรวจ: แท่งล่าสุด 2026-09-09 20:30:00 close 4413.62 spread 31.0 (ประมวลผลแล้ว)
2026-09-10 01:00:25 [DEBUG] รอบตรวจ: แท่งล่าสุด 2026-09-09 20:45:00 close 4415.95 spread 29.0 (แท่งใหม่)
2026-09-10 01:00:25 [INFO] แท่งปิด 2026-09-09 20:45:00 | Close 4415.95 | H1 DOWNTREND | M5 UPTREND | RSI 56.6 | ADX 18.0 | ATR 10.51 | Spread 29.0
2026-09-10 01:00:25 [INFO] คำตัดสิน: HOLD — ยังไม่มีสัญญาณตัดกัน
2026-09-10 01:00:25 [DEBUG]   [ไม่ผ่าน] สัญญาณตัดกัน M15: MA20/MA50 ให้ HOLD
2026-09-10 01:00:25 [DEBUG] Starting new HTTPS connection (1): api.telegram.org:443
2026-09-10 01:00:27 [DEBUG] https://api.telegram.org:443 "POST /bot8624918359:AAGleKax3bKKXX_pdgTMX49IIYtUJVqWf48/sendMessage HTTP/1.1" 200 1395
2026-09-10 01:00:57 [DEBUG] รอบตรวจ: แท่งล่าสุด 2026-09-09 20:45:00 close 4415.95 spread 35.0 (ประมวลผลแล้ว)
2026-09-10 01:01:27 [DEBUG] รอบตรวจ: แท่งล่าสุด 2026-09-09 20:45:00 close 4415.95 spread 35.0 (ประมวลผลแล้ว)
2026-09-10 01:01:57 [DEBUG] รอบตรวจ: แท่งล่าสุด 2026-09-09 20:45:00 close 4415.95 spread 35.0 (ประมวลผลแล้ว)
2026-09-10 01:02:27 [DEBUG] รอบตรวจ: แท่งล่าสุด 2026-09-09 20:45:00 close 4415.95 spread 34.0 (ประมวลผลแล้ว)
2026-09-10 01:02:57 [DEBUG] รอบตรวจ: แท่งล่าสุด 2026-09-09 20:45:00 close 4415.95 spread 32.0 (ประมวลผลแล้ว)
2026-09-10 01:03:27 [DEBUG] รอบตรวจ: แท่งล่าสุด 2026-09-09 20:45:00 close 4415.95 spread 29.0 (ประมวลผลแล้ว)
2026-09-10 01:03:57 [DEBUG] รอบตรวจ: แท่งล่าสุด 2026-09-09 20:45:00 close 4415.95 spread 23.0 (ประมวลผลแล้ว)
2026-09-10 01:04:27 [DEBUG] รอบตรวจ: แท่งล่าสุด 2026-09-09 20:45:00 close 4415.95 spread 23.0 (ประมวลผลแล้ว)
2026-09-10 01:04:57 [DEBUG] รอบตรวจ: แท่งล่าสุด 2026-09-09 20:45:00 close 4415.95 spread 27.0 (ประมวลผลแล้ว)
2026-09-10 01:05:27 [DEBUG] รอบตรวจ: แท่งล่าสุด 2026-09-09 20:45:00 close 4415.95 spread 24.0 (ประมวลผลแล้ว)
2026-09-10 01:05:57 [DEBUG] รอบตรวจ: แท่งล่าสุด 2026-09-09 20:45:00 close 4415.95 spread 23.0 (ประมวลผลแล้ว)
2026-09-10 01:06:27 [DEBUG] รอบตรวจ: แท่งล่าสุด 2026-09-09 20:45:00 close 4415.95 spread 23.0 (ประมวลผลแล้ว)
2026-09-10 01:06:57 [DEBUG] รอบตรวจ: แท่งล่าสุด 2026-09-09 20:45:00 close 4415.95 spread 23.0 (ประมวลผลแล้ว)
2026-09-10 01:07:27 [DEBUG] รอบตรวจ: แท่งล่าสุด 2026-09-09 20:45:00 close 4415.95 spread 28.0 (ประมวลผลแล้ว)
2026-09-10 01:07:57 [DEBUG] รอบตรวจ: แท่งล่าสุด 2026-09-09 20:45:00 close 4415.95 spread 24.0 (ประมวลผลแล้ว)
2026-09-10 01:08:27 [DEBUG] รอบตรวจ: แท่งล่าสุด 2026-09-09 20:45:00 close 4415.95 spread 23.0 (ประมวลผลแล้ว)
2026-09-10 01:08:57 [DEBUG] รอบตรวจ: แท่งล่าสุด 2026-09-09 20:45:00 close 4415.95 spread 23.0 (ประมวลผลแล้ว)
2026-09-10 01:09:27 [DEBUG] รอบตรวจ: แท่งล่าสุด 2026-09-09 20:45:00 close 4415.95 spread 25.0 (ประมวลผลแล้ว)
2026-09-10 01:09:57 [DEBUG] รอบตรวจ: แท่งล่าสุด 2026-09-09 20:45:00 close 4415.95 spread 23.0 (ประมวลผลแล้ว)
2026-09-10 01:10:27 [DEBUG] รอบตรวจ: แท่งล่าสุด 2026-09-09 20:45:00 close 4415.95 spread 27.0 (ประมวลผลแล้ว)
2026-09-10 01:10:57 [DEBUG] รอบตรวจ: แท่งล่าสุด 2026-09-09 20:45:00 close 4415.95 spread 27.0 (ประมวลผลแล้ว)
2026-09-10 01:11:27 [DEBUG] รอบตรวจ: แท่งล่าสุด 2026-09-09 20:45:00 close 4415.95 spread 23.0 (ประมวลผลแล้ว)
2026-09-10 01:11:57 [DEBUG] รอบตรวจ: แท่งล่าสุด 2026-09-09 20:45:00 close 4415.95 spread 28.0 (ประมวลผลแล้ว)
2026-09-10 01:12:27 [DEBUG] รอบตรวจ: แท่งล่าสุด 2026-09-09 20:45:00 close 4415.95 spread 26.0 (ประมวลผลแล้ว)
2026-09-10 01:12:57 [DEBUG] รอบตรวจ: แท่งล่าสุด 2026-09-09 20:45:00 close 4415.95 spread 25.0 (ประมวลผลแล้ว)
2026-09-10 01:13:27 [DEBUG] รอบตรวจ: แท่งล่าสุด 2026-09-09 20:45:00 close 4415.95 spread 23.0 (ประมวลผลแล้ว)
2026-09-10 01:13:57 [DEBUG] รอบตรวจ: แท่งล่าสุด 2026-09-09 20:45:00 close 4415.95 spread 33.0 (ประมวลผลแล้ว)
2026-09-10 01:14:27 [DEBUG] รอบตรวจ: แท่งล่าสุด 2026-09-09 20:45:00 close 4415.95 spread 36.0 (ประมวลผลแล้ว)
2026-09-10 01:14:57 [DEBUG] รอบตรวจ: แท่งล่าสุด 2026-09-09 20:45:00 close 4415.95 spread 25.0 (ประมวลผลแล้ว)
2026-09-10 01:15:27 [DEBUG] รอบตรวจ: แท่งล่าสุด 2026-09-09 21:00:00 close 4420.34 spread 36.0 (แท่งใหม่)
2026-09-10 01:15:27 [INFO] แท่งปิด 2026-09-09 21:00:00 | Close 4420.34 | H1 DOWNTREND | M5 UPTREND | RSI 59.4 | ADX 17.6 | ATR 10.17 | Spread 36.0
2026-09-10 01:15:27 [INFO] คำตัดสิน: HOLD — ยังไม่มีสัญญาณตัดกัน
2026-09-10 01:15:27 [DEBUG]   [ไม่ผ่าน] สัญญาณตัดกัน M15: MA20/MA50 ให้ HOLD
2026-09-10 01:15:27 [DEBUG] Starting new HTTPS connection (1): api.telegram.org:443
2026-09-10 01:15:28 [DEBUG] https://api.telegram.org:443 "POST /bot8624918359:AAGleKax3bKKXX_pdgTMX49IIYtUJVqWf48/sendMessage HTTP/1.1" 200 1395
2026-09-10 01:15:58 [DEBUG] รอบตรวจ: แท่งล่าสุด 2026-09-09 21:00:00 close 4420.34 spread 37.0 (ประมวลผลแล้ว)
2026-09-10 01:16:28 [DEBUG] รอบตรวจ: แท่งล่าสุด 2026-09-09 21:00:00 close 4420.34 spread 34.0 (ประมวลผลแล้ว)
2026-09-10 01:16:58 [DEBUG] รอบตรวจ: แท่งล่าสุด 2026-09-09 21:00:00 close 4420.34 spread 37.0 (ประมวลผลแล้ว)
2026-09-10 01:17:28 [DEBUG] รอบตรวจ: แท่งล่าสุด 2026-09-09 21:00:00 close 4420.34 spread 35.0 (ประมวลผลแล้ว)
2026-09-10 01:17:58 [DEBUG] รอบตรวจ: แท่งล่าสุด 2026-09-09 21:00:00 close 4420.34 spread 33.0 (ประมวลผลแล้ว)
2026-09-10 01:18:28 [DEBUG] รอบตรวจ: แท่งล่าสุด 2026-09-09 21:00:00 close 4420.34 spread 33.0 (ประมวลผลแล้ว)
2026-09-10 01:18:58 [DEBUG] รอบตรวจ: แท่งล่าสุด 2026-09-09 21:00:00 close 4420.34 spread 37.0 (ประมวลผลแล้ว)
2026-09-10 01:19:28 [DEBUG] รอบตรวจ: แท่งล่าสุด 2026-09-09 21:00:00 close 4420.34 spread 31.0 (ประมวลผลแล้ว)
2026-09-10 01:19:58 [DEBUG] รอบตรวจ: แท่งล่าสุด 2026-09-09 21:00:00 close 4420.34 spread 28.0 (ประมวลผลแล้ว)
2026-09-10 01:20:28 [DEBUG] รอบตรวจ: แท่งล่าสุด 2026-09-09 21:00:00 close 4420.34 spread 27.0 (ประมวลผลแล้ว)
2026-09-10 01:20:58 [DEBUG] รอบตรวจ: แท่งล่าสุด 2026-09-09 21:00:00 close 4420.34 spread 28.0 (ประมวลผลแล้ว)
2026-09-10 01:21:28 [DEBUG] รอบตรวจ: แท่งล่าสุด 2026-09-09 21:00:00 close 4420.34 spread 24.0 (ประมวลผลแล้ว)
2026-09-10 01:21:58 [DEBUG] รอบตรวจ: แท่งล่าสุด 2026-09-09 21:00:00 close 4420.34 spread 32.0 (ประมวลผลแล้ว)
2026-09-10 01:22:28 [DEBUG] รอบตรวจ: แท่งล่าสุด 2026-09-09 21:00:00 close 4420.34 spread 30.0 (ประมวลผลแล้ว)
2026-09-10 01:22:58 [DEBUG] รอบตรวจ: แท่งล่าสุด 2026-09-09 21:00:00 close 4420.34 spread 27.0 (ประมวลผลแล้ว)
2026-09-10 01:23:28 [DEBUG] รอบตรวจ: แท่งล่าสุด 2026-09-09 21:00:00 close 4420.34 spread 27.0 (ประมวลผลแล้ว)
2026-09-10 01:23:58 [DEBUG] รอบตรวจ: แท่งล่าสุด 2026-09-09 21:00:00 close 4420.34 spread 28.0 (ประมวลผลแล้ว)
2026-09-10 01:24:28 [DEBUG] รอบตรวจ: แท่งล่าสุด 2026-09-09 21:00:00 close 4420.34 spread 27.0 (ประมวลผลแล้ว)
2026-09-10 01:24:58 [DEBUG] รอบตรวจ: แท่งล่าสุด 2026-09-09 21:00:00 close 4420.34 spread 23.0 (ประมวลผลแล้ว)
2026-09-10 01:25:28 [DEBUG] รอบตรวจ: แท่งล่าสุด 2026-09-09 21:00:00 close 4420.34 spread 27.0 (ประมวลผลแล้ว)
2026-09-10 01:25:58 [DEBUG] รอบตรวจ: แท่งล่าสุด 2026-09-09 21:00:00 close 4420.34 spread 28.0 (ประมวลผลแล้ว)
2026-09-10 01:26:28 [DEBUG] รอบตรวจ: แท่งล่าสุด 2026-09-09 21:00:00 close 4420.34 spread 29.0 (ประมวลผลแล้ว)
2026-09-10 01:26:58 [DEBUG] รอบตรวจ: แท่งล่าสุด 2026-09-09 21:00:00 close 4420.34 spread 30.0 (ประมวลผลแล้ว)
2026-09-10 01:27:28 [DEBUG] รอบตรวจ: แท่งล่าสุด 2026-09-09 21:00:00 close 4420.34 spread 30.0 (ประมวลผลแล้ว)
2026-09-10 01:27:58 [DEBUG] รอบตรวจ: แท่งล่าสุด 2026-09-09 21:00:00 close 4420.34 spread 32.0 (ประมวลผลแล้ว)
2026-09-10 01:28:28 [DEBUG] รอบตรวจ: แท่งล่าสุด 2026-09-09 21:00:00 close 4420.34 spread 30.0 (ประมวลผลแล้ว)
2026-09-10 01:28:58 [DEBUG] รอบตรวจ: แท่งล่าสุด 2026-09-09 21:00:00 close 4420.34 spread 24.0 (ประมวลผลแล้ว)
2026-09-10 01:29:28 [DEBUG] รอบตรวจ: แท่งล่าสุด 2026-09-09 21:00:00 close 4420.34 spread 23.0 (ประมวลผลแล้ว)
2026-09-10 01:29:58 [DEBUG] รอบตรวจ: แท่งล่าสุด 2026-09-09 21:00:00 close 4420.34 spread 30.0 (ประมวลผลแล้ว)
2026-09-10 01:30:28 [DEBUG] รอบตรวจ: แท่งล่าสุด 2026-09-09 21:15:00 close 4417.91 spread 27.0 (แท่งใหม่)
2026-09-10 01:30:28 [INFO] แท่งปิด 2026-09-09 21:15:00 | Close 4417.91 | H1 DOWNTREND | M5 UPTREND | RSI 57.2 | ADX 17.1 | ATR 9.72 | Spread 27.0
2026-09-10 01:30:28 [INFO] คำตัดสิน: HOLD — ยังไม่มีสัญญาณตัดกัน
2026-09-10 01:30:28 [DEBUG]   [ไม่ผ่าน] สัญญาณตัดกัน M15: MA20/MA50 ให้ HOLD
2026-09-10 01:30:28 [DEBUG] Starting new HTTPS connection (1): api.telegram.org:443
2026-09-10 01:30:40 [DEBUG] https://api.telegram.org:443 "POST /bot8624918359:AAGleKax3bKKXX_pdgTMX49IIYtUJVqWf48/sendMessage HTTP/1.1" 200 1395
2026-09-10 01:31:10 [DEBUG] รอบตรวจ: แท่งล่าสุด 2026-09-09 21:15:00 close 4417.91 spread 23.0 (ประมวลผลแล้ว)
2026-09-10 01:31:40 [DEBUG] รอบตรวจ: แท่งล่าสุด 2026-09-09 21:15:00 close 4417.91 spread 25.0 (ประมวลผลแล้ว)
2026-09-10 01:32:10 [DEBUG] รอบตรวจ: แท่งล่าสุด 2026-09-09 21:15:00 close 4417.91 spread 24.0 (ประมวลผลแล้ว)
2026-09-10 01:32:40 [DEBUG] รอบตรวจ: แท่งล่าสุด 2026-09-09 21:15:00 close 4417.91 spread 25.0 (ประมวลผลแล้ว)
2026-09-10 01:33:10 [DEBUG] รอบตรวจ: แท่งล่าสุด 2026-09-09 21:15:00 close 4417.91 spread 28.0 (ประมวลผลแล้ว)
2026-09-10 01:33:40 [DEBUG] รอบตรวจ: แท่งล่าสุด 2026-09-09 21:15:00 close 4417.91 spread 24.0 (ประมวลผลแล้ว)
2026-09-10 01:34:10 [DEBUG] รอบตรวจ: แท่งล่าสุด 2026-09-09 21:15:00 close 4417.91 spread 24.0 (ประมวลผลแล้ว)
2026-09-10 01:34:40 [DEBUG] รอบตรวจ: แท่งล่าสุด 2026-09-09 21:15:00 close 4417.91 spread 30.0 (ประมวลผลแล้ว)
2026-09-10 01:35:10 [DEBUG] รอบตรวจ: แท่งล่าสุด 2026-09-09 21:15:00 close 4417.91 spread 27.0 (ประมวลผลแล้ว)
2026-09-10 01:35:40 [DEBUG] รอบตรวจ: แท่งล่าสุด 2026-09-09 21:15:00 close 4417.91 spread 28.0 (ประมวลผลแล้ว)
2026-09-10 01:36:10 [DEBUG] รอบตรวจ: แท่งล่าสุด 2026-09-09 21:15:00 close 4417.91 spread 30.0 (ประมวลผลแล้ว)
2026-09-10 01:36:40 [DEBUG] รอบตรวจ: แท่งล่าสุด 2026-09-09 21:15:00 close 4417.91 spread 25.0 (ประมวลผลแล้ว)
2026-09-10 01:37:10 [DEBUG] รอบตรวจ: แท่งล่าสุด 2026-09-09 21:15:00 close 4417.91 spread 32.0 (ประมวลผลแล้ว)
2026-09-10 01:37:40 [DEBUG] รอบตรวจ: แท่งล่าสุด 2026-09-09 21:15:00 close 4417.91 spread 27.0 (ประมวลผลแล้ว)
2026-09-10 01:38:10 [DEBUG] รอบตรวจ: แท่งล่าสุด 2026-09-09 21:15:00 close 4417.91 spread 29.0 (ประมวลผลแล้ว)
2026-09-10 01:38:40 [DEBUG] รอบตรวจ: แท่งล่าสุด 2026-09-09 21:15:00 close 4417.91 spread 34.0 (ประมวลผลแล้ว)
2026-09-10 01:39:10 [DEBUG] รอบตรวจ: แท่งล่าสุด 2026-09-09 21:15:00 close 4417.91 spread 28.0 (ประมวลผลแล้ว)
2026-09-10 01:39:40 [DEBUG] รอบตรวจ: แท่งล่าสุด 2026-09-09 21:15:00 close 4417.91 spread 34.0 (ประมวลผลแล้ว)
2026-09-10 01:40:10 [DEBUG] รอบตรวจ: แท่งล่าสุด 2026-09-09 21:15:00 close 4417.91 spread 28.0 (ประมวลผลแล้ว)
2026-09-10 01:40:40 [DEBUG] รอบตรวจ: แท่งล่าสุด 2026-09-09 21:15:00 close 4417.91 spread 32.0 (ประมวลผลแล้ว)
2026-09-10 01:41:10 [DEBUG] รอบตรวจ: แท่งล่าสุด 2026-09-09 21:15:00 close 4417.91 spread 33.0 (ประมวลผลแล้ว)
2026-09-10 01:41:40 [DEBUG] รอบตรวจ: แท่งล่าสุด 2026-09-09 21:15:00 close 4417.91 spread 31.0 (ประมวลผลแล้ว)
2026-09-10 01:42:10 [DEBUG] รอบตรวจ: แท่งล่าสุด 2026-09-09 21:15:00 close 4417.91 spread 37.0 (ประมวลผลแล้ว)
2026-09-10 01:42:40 [DEBUG] รอบตรวจ: แท่งล่าสุด 2026-09-09 21:15:00 close 4417.91 spread 24.0 (ประมวลผลแล้ว)
2026-09-10 01:43:10 [DEBUG] รอบตรวจ: แท่งล่าสุด 2026-09-09 21:15:00 close 4417.91 spread 31.0 (ประมวลผลแล้ว)
2026-09-10 01:43:40 [DEBUG] รอบตรวจ: แท่งล่าสุด 2026-09-09 21:15:00 close 4417.91 spread 26.0 (ประมวลผลแล้ว)
2026-09-10 01:44:10 [DEBUG] รอบตรวจ: แท่งล่าสุด 2026-09-09 21:15:00 close 4417.91 spread 35.0 (ประมวลผลแล้ว)
2026-09-10 01:44:40 [DEBUG] รอบตรวจ: แท่งล่าสุด 2026-09-09 21:15:00 close 4417.91 spread 30.0 (ประมวลผลแล้ว)
2026-09-10 01:45:10 [DEBUG] รอบตรวจ: แท่งล่าสุด 2026-09-09 21:30:00 close 4409.80 spread 23.0 (แท่งใหม่)
2026-09-10 01:45:10 [INFO] แท่งปิด 2026-09-09 21:30:00 | Close 4409.80 | H1 DOWNTREND | M5 UPTREND | RSI 50.6 | ADX 15.9 | ATR 9.66 | Spread 23.0
2026-09-10 01:45:10 [INFO] คำตัดสิน: HOLD — ยังไม่มีสัญญาณตัดกัน
2026-09-10 01:45:10 [DEBUG]   [ไม่ผ่าน] สัญญาณตัดกัน M15: MA20/MA50 ให้ HOLD
2026-09-10 01:45:10 [DEBUG] Starting new HTTPS connection (1): api.telegram.org:443
2026-09-10 01:45:11 [DEBUG] https://api.telegram.org:443 "POST /bot8624918359:AAGleKax3bKKXX_pdgTMX49IIYtUJVqWf48/sendMessage HTTP/1.1" 200 1395
2026-09-10 01:45:41 [DEBUG] รอบตรวจ: แท่งล่าสุด 2026-09-09 21:30:00 close 4409.80 spread 36.0 (ประมวลผลแล้ว)
2026-09-10 01:46:11 [DEBUG] รอบตรวจ: แท่งล่าสุด 2026-09-09 21:30:00 close 4409.80 spread 23.0 (ประมวลผลแล้ว)
2026-09-10 01:46:41 [DEBUG] รอบตรวจ: แท่งล่าสุด 2026-09-09 21:30:00 close 4409.80 spread 28.0 (ประมวลผลแล้ว)
2026-09-10 01:47:11 [DEBUG] รอบตรวจ: แท่งล่าสุด 2026-09-09 21:30:00 close 4409.80 spread 31.0 (ประมวลผลแล้ว)
2026-09-10 01:47:41 [DEBUG] รอบตรวจ: แท่งล่าสุด 2026-09-09 21:30:00 close 4409.80 spread 30.0 (ประมวลผลแล้ว)
2026-09-10 01:48:11 [DEBUG] รอบตรวจ: แท่งล่าสุด 2026-09-09 21:30:00 close 4409.80 spread 27.0 (ประมวลผลแล้ว)
2026-09-10 01:48:41 [DEBUG] รอบตรวจ: แท่งล่าสุด 2026-09-09 21:30:00 close 4409.80 spread 34.0 (ประมวลผลแล้ว)
2026-09-10 01:49:11 [DEBUG] รอบตรวจ: แท่งล่าสุด 2026-09-09 21:30:00 close 4409.80 spread 31.0 (ประมวลผลแล้ว)
2026-09-10 01:49:41 [DEBUG] รอบตรวจ: แท่งล่าสุด 2026-09-09 21:30:00 close 4409.80 spread 31.0 (ประมวลผลแล้ว)
2026-09-10 01:50:11 [DEBUG] รอบตรวจ: แท่งล่าสุด 2026-09-09 21:30:00 close 4409.80 spread 32.0 (ประมวลผลแล้ว)
2026-09-10 01:50:41 [DEBUG] รอบตรวจ: แท่งล่าสุด 2026-09-09 21:30:00 close 4409.80 spread 34.0 (ประมวลผลแล้ว)
2026-09-10 01:51:11 [DEBUG] รอบตรวจ: แท่งล่าสุด 2026-09-09 21:30:00 close 4409.80 spread 32.0 (ประมวลผลแล้ว)
2026-09-10 01:51:41 [DEBUG] รอบตรวจ: แท่งล่าสุด 2026-09-09 21:30:00 close 4409.80 spread 29.0 (ประมวลผลแล้ว)
2026-09-10 01:52:11 [DEBUG] รอบตรวจ: แท่งล่าสุด 2026-09-09 21:30:00 close 4409.80 spread 35.0 (ประมวลผลแล้ว)
2026-09-10 01:52:41 [DEBUG] รอบตรวจ: แท่งล่าสุด 2026-09-09 21:30:00 close 4409.80 spread 32.0 (ประมวลผลแล้ว)
2026-09-10 01:53:11 [DEBUG] รอบตรวจ: แท่งล่าสุด 2026-09-09 21:30:00 close 4409.80 spread 35.0 (ประมวลผลแล้ว)
2026-09-10 01:53:41 [DEBUG] รอบตรวจ: แท่งล่าสุด 2026-09-09 21:30:00 close 4409.80 spread 29.0 (ประมวลผลแล้ว)
2026-09-10 01:54:11 [DEBUG] รอบตรวจ: แท่งล่าสุด 2026-09-09 21:30:00 close 4409.80 spread 36.0 (ประมวลผลแล้ว)
2026-09-10 01:54:41 [DEBUG] รอบตรวจ: แท่งล่าสุด 2026-09-09 21:30:00 close 4409.80 spread 30.0 (ประมวลผลแล้ว)
2026-09-10 01:55:11 [DEBUG] รอบตรวจ: แท่งล่าสุด 2026-09-09 21:30:00 close 4409.80 spread 35.0 (ประมวลผลแล้ว)
2026-09-10 01:55:41 [DEBUG] รอบตรวจ: แท่งล่าสุด 2026-09-09 21:30:00 close 4409.80 spread 31.0 (ประมวลผลแล้ว)
2026-09-10 01:56:11 [DEBUG] รอบตรวจ: แท่งล่าสุด 2026-09-09 21:30:00 close 4409.80 spread 35.0 (ประมวลผลแล้ว)
2026-09-10 01:56:41 [DEBUG] รอบตรวจ: แท่งล่าสุด 2026-09-09 21:30:00 close 4409.80 spread 37.0 (ประมวลผลแล้ว)
2026-09-10 01:57:11 [DEBUG] รอบตรวจ: แท่งล่าสุด 2026-09-09 21:30:00 close 4409.80 spread 32.0 (ประมวลผลแล้ว)
2026-09-10 01:57:41 [DEBUG] รอบตรวจ: แท่งล่าสุด 2026-09-09 21:30:00 close 4409.80 spread 34.0 (ประมวลผลแล้ว)
2026-09-10 01:58:11 [DEBUG] รอบตรวจ: แท่งล่าสุด 2026-09-09 21:30:00 close 4409.80 spread 37.0 (ประมวลผลแล้ว)
2026-09-10 01:58:41 [DEBUG] รอบตรวจ: แท่งล่าสุด 2026-09-09 21:30:00 close 4409.80 spread 34.0 (ประมวลผลแล้ว)
2026-09-10 01:59:12 [DEBUG] รอบตรวจ: แท่งล่าสุด 2026-09-09 21:30:00 close 4409.80 spread 29.0 (ประมวลผลแล้ว)
2026-09-10 01:59:42 [DEBUG] รอบตรวจ: แท่งล่าสุด 2026-09-09 21:30:00 close 4409.80 spread 35.0 (ประมวลผลแล้ว)
2026-09-10 02:00:12 [DEBUG] รอบตรวจ: แท่งล่าสุด 2026-09-09 21:45:00 close 4403.07 spread 35.0 (แท่งใหม่)
2026-09-10 02:00:12 [INFO] แท่งปิด 2026-09-09 21:45:00 | Close 4403.07 | H1 DOWNTREND | M5 UPTREND | RSI 45.9 | ADX 15.7 | ATR 9.57 | Spread 35.0
2026-09-10 02:00:12 [INFO] คำตัดสิน: HOLD — ยังไม่มีสัญญาณตัดกัน
2026-09-10 02:00:12 [DEBUG]   [ไม่ผ่าน] สัญญาณตัดกัน M15: MA20/MA50 ให้ HOLD
2026-09-10 02:00:12 [DEBUG] Starting new HTTPS connection (1): api.telegram.org:443
2026-09-10 02:00:13 [DEBUG] https://api.telegram.org:443 "POST /bot8624918359:AAGleKax3bKKXX_pdgTMX49IIYtUJVqWf48/sendMessage HTTP/1.1" 200 1395
2026-09-10 02:00:43 [DEBUG] รอบตรวจ: แท่งล่าสุด 2026-09-09 21:45:00 close 4403.07 spread 33.0 (ประมวลผลแล้ว)
2026-09-10 02:01:13 [DEBUG] รอบตรวจ: แท่งล่าสุด 2026-09-09 21:45:00 close 4403.07 spread 30.0 (ประมวลผลแล้ว)
2026-09-10 02:01:43 [DEBUG] รอบตรวจ: แท่งล่าสุด 2026-09-09 21:45:00 close 4403.07 spread 30.0 (ประมวลผลแล้ว)
2026-09-10 02:02:13 [DEBUG] รอบตรวจ: แท่งล่าสุด 2026-09-09 21:45:00 close 4403.07 spread 28.0 (ประมวลผลแล้ว)
2026-09-10 02:02:43 [DEBUG] รอบตรวจ: แท่งล่าสุด 2026-09-09 21:45:00 close 4403.07 spread 33.0 (ประมวลผลแล้ว)
2026-09-10 02:03:13 [DEBUG] รอบตรวจ: แท่งล่าสุด 2026-09-09 21:45:00 close 4403.07 spread 31.0 (ประมวลผลแล้ว)
2026-09-10 02:03:43 [DEBUG] รอบตรวจ: แท่งล่าสุด 2026-09-09 21:45:00 close 4403.07 spread 37.0 (ประมวลผลแล้ว)
2026-09-10 02:04:13 [DEBUG] รอบตรวจ: แท่งล่าสุด 2026-09-09 21:45:00 close 4403.07 spread 34.0 (ประมวลผลแล้ว)
2026-09-10 02:04:43 [DEBUG] รอบตรวจ: แท่งล่าสุด 2026-09-09 21:45:00 close 4403.07 spread 32.0 (ประมวลผลแล้ว)
2026-09-10 02:05:13 [DEBUG] รอบตรวจ: แท่งล่าสุด 2026-09-09 21:45:00 close 4403.07 spread 31.0 (ประมวลผลแล้ว)
2026-09-10 02:05:43 [DEBUG] รอบตรวจ: แท่งล่าสุด 2026-09-09 21:45:00 close 4403.07 spread 34.0 (ประมวลผลแล้ว)
2026-09-10 02:06:13 [DEBUG] รอบตรวจ: แท่งล่าสุด 2026-09-09 21:45:00 close 4403.07 spread 37.0 (ประมวลผลแล้ว)
2026-09-10 02:06:43 [DEBUG] รอบตรวจ: แท่งล่าสุด 2026-09-09 21:45:00 close 4403.07 spread 35.0 (ประมวลผลแล้ว)
2026-09-10 02:07:13 [DEBUG] รอบตรวจ: แท่งล่าสุด 2026-09-09 21:45:00 close 4403.07 spread 35.0 (ประมวลผลแล้ว)
2026-09-10 02:07:43 [DEBUG] รอบตรวจ: แท่งล่าสุด 2026-09-09 21:45:00 close 4403.07 spread 31.0 (ประมวลผลแล้ว)
2026-09-10 02:08:13 [DEBUG] รอบตรวจ: แท่งล่าสุด 2026-09-09 21:45:00 close 4403.07 spread 29.0 (ประมวลผลแล้ว)
2026-09-10 02:08:43 [DEBUG] รอบตรวจ: แท่งล่าสุด 2026-09-09 21:45:00 close 4403.07 spread 32.0 (ประมวลผลแล้ว)
2026-09-10 02:09:13 [DEBUG] รอบตรวจ: แท่งล่าสุด 2026-09-09 21:45:00 close 4403.07 spread 33.0 (ประมวลผลแล้ว)
2026-09-10 02:09:43 [DEBUG] รอบตรวจ: แท่งล่าสุด 2026-09-09 21:45:00 close 4403.07 spread 31.0 (ประมวลผลแล้ว)
2026-09-10 02:10:13 [DEBUG] รอบตรวจ: แท่งล่าสุด 2026-09-09 21:45:00 close 4403.07 spread 33.0 (ประมวลผลแล้ว)
2026-09-10 02:10:43 [DEBUG] รอบตรวจ: แท่งล่าสุด 2026-09-09 21:45:00 close 4403.07 spread 36.0 (ประมวลผลแล้ว)
2026-09-10 02:11:13 [DEBUG] รอบตรวจ: แท่งล่าสุด 2026-09-09 21:45:00 close 4403.07 spread 33.0 (ประมวลผลแล้ว)
2026-09-10 02:11:43 [DEBUG] รอบตรวจ: แท่งล่าสุด 2026-09-09 21:45:00 close 4403.07 spread 37.0 (ประมวลผลแล้ว)
2026-09-10 02:12:13 [DEBUG] รอบตรวจ: แท่งล่าสุด 2026-09-09 21:45:00 close 4403.07 spread 36.0 (ประมวลผลแล้ว)
2026-09-10 02:12:43 [DEBUG] รอบตรวจ: แท่งล่าสุด 2026-09-09 21:45:00 close 4403.07 spread 32.0 (ประมวลผลแล้ว)
2026-09-10 02:13:13 [DEBUG] รอบตรวจ: แท่งล่าสุด 2026-09-09 21:45:00 close 4403.07 spread 24.0 (ประมวลผลแล้ว)
2026-09-10 02:13:43 [DEBUG] รอบตรวจ: แท่งล่าสุด 2026-09-09 21:45:00 close 4403.07 spread 33.0 (ประมวลผลแล้ว)
2026-09-10 02:14:13 [DEBUG] รอบตรวจ: แท่งล่าสุด 2026-09-09 21:45:00 close 4403.07 spread 31.0 (ประมวลผลแล้ว)
2026-09-10 02:14:43 [DEBUG] รอบตรวจ: แท่งล่าสุด 2026-09-09 21:45:00 close 4403.07 spread 35.0 (ประมวลผลแล้ว)
2026-09-10 02:15:13 [DEBUG] รอบตรวจ: แท่งล่าสุด 2026-09-09 22:00:00 close 4400.19 spread 30.0 (แท่งใหม่)
2026-09-10 02:15:13 [INFO] แท่งปิด 2026-09-09 22:00:00 | Close 4400.19 | H1 DOWNTREND | M5 UPTREND | RSI 44.0 | ADX 15.8 | ATR 9.40 | Spread 30.0
2026-09-10 02:15:13 [INFO] คำตัดสิน: HOLD — ยังไม่มีสัญญาณตัดกัน
2026-09-10 02:15:13 [DEBUG]   [ไม่ผ่าน] สัญญาณตัดกัน M15: MA20/MA50 ให้ HOLD
2026-09-10 02:15:13 [DEBUG] Starting new HTTPS connection (1): api.telegram.org:443
2026-09-10 02:15:14 [DEBUG] https://api.telegram.org:443 "POST /bot8624918359:AAGleKax3bKKXX_pdgTMX49IIYtUJVqWf48/sendMessage HTTP/1.1" 200 1395
2026-09-10 02:15:44 [DEBUG] รอบตรวจ: แท่งล่าสุด 2026-09-09 22:00:00 close 4400.19 spread 30.0 (ประมวลผลแล้ว)
2026-09-10 02:16:14 [DEBUG] รอบตรวจ: แท่งล่าสุด 2026-09-09 22:00:00 close 4400.19 spread 33.0 (ประมวลผลแล้ว)
2026-09-10 02:16:44 [DEBUG] รอบตรวจ: แท่งล่าสุด 2026-09-09 22:00:00 close 4400.19 spread 32.0 (ประมวลผลแล้ว)
2026-09-10 02:17:14 [DEBUG] รอบตรวจ: แท่งล่าสุด 2026-09-09 22:00:00 close 4400.19 spread 31.0 (ประมวลผลแล้ว)
2026-09-10 02:17:44 [DEBUG] รอบตรวจ: แท่งล่าสุด 2026-09-09 22:00:00 close 4400.19 spread 30.0 (ประมวลผลแล้ว)
2026-09-10 02:18:14 [DEBUG] รอบตรวจ: แท่งล่าสุด 2026-09-09 22:00:00 close 4400.19 spread 31.0 (ประมวลผลแล้ว)
2026-09-10 02:18:44 [DEBUG] รอบตรวจ: แท่งล่าสุด 2026-09-09 22:00:00 close 4400.19 spread 31.0 (ประมวลผลแล้ว)
2026-09-10 02:19:14 [DEBUG] รอบตรวจ: แท่งล่าสุด 2026-09-09 22:00:00 close 4400.19 spread 35.0 (ประมวลผลแล้ว)
2026-09-10 02:19:44 [DEBUG] รอบตรวจ: แท่งล่าสุด 2026-09-09 22:00:00 close 4400.19 spread 35.0 (ประมวลผลแล้ว)
2026-09-10 02:20:14 [DEBUG] รอบตรวจ: แท่งล่าสุด 2026-09-09 22:00:00 close 4400.19 spread 31.0 (ประมวลผลแล้ว)
2026-09-10 02:20:44 [DEBUG] รอบตรวจ: แท่งล่าสุด 2026-09-09 22:00:00 close 4400.19 spread 33.0 (ประมวลผลแล้ว)
2026-09-10 02:21:14 [DEBUG] รอบตรวจ: แท่งล่าสุด 2026-09-09 22:00:00 close 4400.19 spread 31.0 (ประมวลผลแล้ว)
2026-09-10 02:21:44 [DEBUG] รอบตรวจ: แท่งล่าสุด 2026-09-09 22:00:00 close 4400.19 spread 35.0 (ประมวลผลแล้ว)
2026-09-10 02:22:14 [DEBUG] รอบตรวจ: แท่งล่าสุด 2026-09-09 22:00:00 close 4400.19 spread 34.0 (ประมวลผลแล้ว)
2026-09-10 02:22:44 [DEBUG] รอบตรวจ: แท่งล่าสุด 2026-09-09 22:00:00 close 4400.19 spread 32.0 (ประมวลผลแล้ว)
2026-09-10 02:23:14 [DEBUG] รอบตรวจ: แท่งล่าสุด 2026-09-09 22:00:00 close 4400.19 spread 34.0 (ประมวลผลแล้ว)
2026-09-10 02:23:44 [DEBUG] รอบตรวจ: แท่งล่าสุด 2026-09-09 22:00:00 close 4400.19 spread 28.0 (ประมวลผลแล้ว)
2026-09-10 02:24:14 [DEBUG] รอบตรวจ: แท่งล่าสุด 2026-09-09 22:00:00 close 4400.19 spread 36.0 (ประมวลผลแล้ว)
2026-09-10 02:24:44 [DEBUG] รอบตรวจ: แท่งล่าสุด 2026-09-09 22:00:00 close 4400.19 spread 29.0 (ประมวลผลแล้ว)
2026-09-10 02:25:14 [DEBUG] รอบตรวจ: แท่งล่าสุด 2026-09-09 22:00:00 close 4400.19 spread 36.0 (ประมวลผลแล้ว)
2026-09-10 02:25:44 [DEBUG] รอบตรวจ: แท่งล่าสุด 2026-09-09 22:00:00 close 4400.19 spread 31.0 (ประมวลผลแล้ว)
2026-09-10 02:26:14 [DEBUG] รอบตรวจ: แท่งล่าสุด 2026-09-09 22:00:00 close 4400.19 spread 32.0 (ประมวลผลแล้ว)
2026-09-10 02:26:44 [DEBUG] รอบตรวจ: แท่งล่าสุด 2026-09-09 22:00:00 close 4400.19 spread 33.0 (ประมวลผลแล้ว)
2026-09-10 02:27:14 [DEBUG] รอบตรวจ: แท่งล่าสุด 2026-09-09 22:00:00 close 4400.19 spread 31.0 (ประมวลผลแล้ว)
2026-09-10 02:27:44 [DEBUG] รอบตรวจ: แท่งล่าสุด 2026-09-09 22:00:00 close 4400.19 spread 33.0 (ประมวลผลแล้ว)
2026-09-10 02:28:15 [DEBUG] รอบตรวจ: แท่งล่าสุด 2026-09-09 22:00:00 close 4400.19 spread 32.0 (ประมวลผลแล้ว)
2026-09-10 02:28:45 [DEBUG] รอบตรวจ: แท่งล่าสุด 2026-09-09 22:00:00 close 4400.19 spread 33.0 (ประมวลผลแล้ว)
2026-09-10 02:29:15 [DEBUG] รอบตรวจ: แท่งล่าสุด 2026-09-09 22:00:00 close 4400.19 spread 30.0 (ประมวลผลแล้ว)
2026-09-10 02:29:45 [DEBUG] รอบตรวจ: แท่งล่าสุด 2026-09-09 22:00:00 close 4400.19 spread 30.0 (ประมวลผลแล้ว)
2026-09-10 02:30:15 [DEBUG] รอบตรวจ: แท่งล่าสุด 2026-09-09 22:15:00 close 4399.54 spread 38.0 (แท่งใหม่)
2026-09-10 02:30:15 [INFO] แท่งปิด 2026-09-09 22:15:00 | Close 4399.54 | H1 DOWNTREND | M5 UPTREND | RSI 43.5 | ADX 15.9 | ATR 9.18 | Spread 38.0
2026-09-10 02:30:15 [INFO] คำตัดสิน: HOLD — ยังไม่มีสัญญาณตัดกัน
2026-09-10 02:30:15 [DEBUG]   [ไม่ผ่าน] สัญญาณตัดกัน M15: MA20/MA50 ให้ HOLD
2026-09-10 02:30:15 [DEBUG] Starting new HTTPS connection (1): api.telegram.org:443
2026-09-10 02:30:16 [DEBUG] https://api.telegram.org:443 "POST /bot8624918359:AAGleKax3bKKXX_pdgTMX49IIYtUJVqWf48/sendMessage HTTP/1.1" 200 1395
2026-09-10 02:30:46 [DEBUG] รอบตรวจ: แท่งล่าสุด 2026-09-09 22:15:00 close 4399.54 spread 34.0 (ประมวลผลแล้ว)
2026-09-10 02:31:16 [DEBUG] รอบตรวจ: แท่งล่าสุด 2026-09-09 22:15:00 close 4399.54 spread 29.0 (ประมวลผลแล้ว)
2026-09-10 02:31:46 [DEBUG] รอบตรวจ: แท่งล่าสุด 2026-09-09 22:15:00 close 4399.54 spread 36.0 (ประมวลผลแล้ว)
2026-09-10 02:32:16 [DEBUG] รอบตรวจ: แท่งล่าสุด 2026-09-09 22:15:00 close 4399.54 spread 35.0 (ประมวลผลแล้ว)
2026-09-10 02:32:46 [DEBUG] รอบตรวจ: แท่งล่าสุด 2026-09-09 22:15:00 close 4399.54 spread 35.0 (ประมวลผลแล้ว)
2026-09-10 02:33:16 [DEBUG] รอบตรวจ: แท่งล่าสุด 2026-09-09 22:15:00 close 4399.54 spread 39.0 (ประมวลผลแล้ว)
2026-09-10 02:33:46 [DEBUG] รอบตรวจ: แท่งล่าสุด 2026-09-09 22:15:00 close 4399.54 spread 35.0 (ประมวลผลแล้ว)
2026-09-10 02:34:16 [DEBUG] รอบตรวจ: แท่งล่าสุด 2026-09-09 22:15:00 close 4399.54 spread 39.0 (ประมวลผลแล้ว)
2026-09-10 02:34:46 [DEBUG] รอบตรวจ: แท่งล่าสุด 2026-09-09 22:15:00 close 4399.54 spread 35.0 (ประมวลผลแล้ว)
2026-09-10 02:35:16 [DEBUG] รอบตรวจ: แท่งล่าสุด 2026-09-09 22:15:00 close 4399.54 spread 38.0 (ประมวลผลแล้ว)
2026-09-10 02:35:46 [DEBUG] รอบตรวจ: แท่งล่าสุด 2026-09-09 22:15:00 close 4399.54 spread 33.0 (ประมวลผลแล้ว)
2026-09-10 02:36:16 [DEBUG] รอบตรวจ: แท่งล่าสุด 2026-09-09 22:15:00 close 4399.54 spread 36.0 (ประมวลผลแล้ว)
2026-09-10 02:36:46 [DEBUG] รอบตรวจ: แท่งล่าสุด 2026-09-09 22:15:00 close 4399.54 spread 30.0 (ประมวลผลแล้ว)
2026-09-10 02:37:16 [DEBUG] รอบตรวจ: แท่งล่าสุด 2026-09-09 22:15:00 close 4399.54 spread 38.0 (ประมวลผลแล้ว)
2026-09-10 02:37:46 [DEBUG] รอบตรวจ: แท่งล่าสุด 2026-09-09 22:15:00 close 4399.54 spread 34.0 (ประมวลผลแล้ว)
2026-09-10 02:38:16 [DEBUG] รอบตรวจ: แท่งล่าสุด 2026-09-09 22:15:00 close 4399.54 spread 34.0 (ประมวลผลแล้ว)
2026-09-10 02:38:46 [DEBUG] รอบตรวจ: แท่งล่าสุด 2026-09-09 22:15:00 close 4399.54 spread 33.0 (ประมวลผลแล้ว)
2026-09-10 02:39:16 [DEBUG] รอบตรวจ: แท่งล่าสุด 2026-09-09 22:15:00 close 4399.54 spread 32.0 (ประมวลผลแล้ว)
2026-09-10 02:39:46 [DEBUG] รอบตรวจ: แท่งล่าสุด 2026-09-09 22:15:00 close 4399.54 spread 35.0 (ประมวลผลแล้ว)
2026-09-10 02:40:16 [DEBUG] รอบตรวจ: แท่งล่าสุด 2026-09-09 22:15:00 close 4399.54 spread 32.0 (ประมวลผลแล้ว)
2026-09-10 02:40:46 [DEBUG] รอบตรวจ: แท่งล่าสุด 2026-09-09 22:15:00 close 4399.54 spread 39.0 (ประมวลผลแล้ว)
2026-09-10 02:41:16 [DEBUG] รอบตรวจ: แท่งล่าสุด 2026-09-09 22:15:00 close 4399.54 spread 37.0 (ประมวลผลแล้ว)
2026-09-10 02:41:46 [DEBUG] รอบตรวจ: แท่งล่าสุด 2026-09-09 22:15:00 close 4399.54 spread 38.0 (ประมวลผลแล้ว)
2026-09-10 02:42:16 [DEBUG] รอบตรวจ: แท่งล่าสุด 2026-09-09 22:15:00 close 4399.54 spread 28.0 (ประมวลผลแล้ว)
2026-09-10 02:42:46 [DEBUG] รอบตรวจ: แท่งล่าสุด 2026-09-09 22:15:00 close 4399.54 spread 25.0 (ประมวลผลแล้ว)
2026-09-10 02:43:16 [DEBUG] รอบตรวจ: แท่งล่าสุด 2026-09-09 22:15:00 close 4399.54 spread 32.0 (ประมวลผลแล้ว)
2026-09-10 02:43:46 [DEBUG] รอบตรวจ: แท่งล่าสุด 2026-09-09 22:15:00 close 4399.54 spread 35.0 (ประมวลผลแล้ว)
2026-09-10 02:44:16 [DEBUG] รอบตรวจ: แท่งล่าสุด 2026-09-09 22:15:00 close 4399.54 spread 32.0 (ประมวลผลแล้ว)
2026-09-10 02:44:46 [DEBUG] รอบตรวจ: แท่งล่าสุด 2026-09-09 22:15:00 close 4399.54 spread 33.0 (ประมวลผลแล้ว)
2026-09-10 02:45:16 [DEBUG] รอบตรวจ: แท่งล่าสุด 2026-09-09 22:30:00 close 4399.82 spread 32.0 (แท่งใหม่)
2026-09-10 02:45:16 [INFO] แท่งปิด 2026-09-09 22:30:00 | Close 4399.82 | H1 DOWNTREND | M5 DOWNTREND | RSI 43.8 | ADX 16.3 | ATR 8.90 | Spread 32.0
2026-09-10 02:45:16 [INFO] คำตัดสิน: HOLD — ยังไม่มีสัญญาณตัดกัน
2026-09-10 02:45:16 [DEBUG]   [ไม่ผ่าน] สัญญาณตัดกัน M15: MA20/MA50 ให้ HOLD
2026-09-10 02:45:16 [DEBUG] Starting new HTTPS connection (1): api.telegram.org:443
2026-09-10 02:45:17 [DEBUG] https://api.telegram.org:443 "POST /bot8624918359:AAGleKax3bKKXX_pdgTMX49IIYtUJVqWf48/sendMessage HTTP/1.1" 200 1398
2026-09-10 02:45:47 [DEBUG] รอบตรวจ: แท่งล่าสุด 2026-09-09 22:30:00 close 4399.82 spread 33.0 (ประมวลผลแล้ว)
2026-09-10 02:46:17 [DEBUG] รอบตรวจ: แท่งล่าสุด 2026-09-09 22:30:00 close 4399.82 spread 38.0 (ประมวลผลแล้ว)
2026-09-10 02:46:47 [DEBUG] รอบตรวจ: แท่งล่าสุด 2026-09-09 22:30:00 close 4399.82 spread 25.0 (ประมวลผลแล้ว)
2026-09-10 02:47:17 [DEBUG] รอบตรวจ: แท่งล่าสุด 2026-09-09 22:30:00 close 4399.82 spread 27.0 (ประมวลผลแล้ว)
2026-09-10 02:47:47 [DEBUG] รอบตรวจ: แท่งล่าสุด 2026-09-09 22:30:00 close 4399.82 spread 25.0 (ประมวลผลแล้ว)
2026-09-10 02:48:17 [DEBUG] รอบตรวจ: แท่งล่าสุด 2026-09-09 22:30:00 close 4399.82 spread 29.0 (ประมวลผลแล้ว)
2026-09-10 02:48:47 [DEBUG] รอบตรวจ: แท่งล่าสุด 2026-09-09 22:30:00 close 4399.82 spread 26.0 (ประมวลผลแล้ว)
2026-09-10 02:49:17 [DEBUG] รอบตรวจ: แท่งล่าสุด 2026-09-09 22:30:00 close 4399.82 spread 31.0 (ประมวลผลแล้ว)
2026-09-10 02:49:47 [DEBUG] รอบตรวจ: แท่งล่าสุด 2026-09-09 22:30:00 close 4399.82 spread 33.0 (ประมวลผลแล้ว)
2026-09-10 02:50:17 [DEBUG] รอบตรวจ: แท่งล่าสุด 2026-09-09 22:30:00 close 4399.82 spread 34.0 (ประมวลผลแล้ว)
2026-09-10 02:50:47 [DEBUG] รอบตรวจ: แท่งล่าสุด 2026-09-09 22:30:00 close 4399.82 spread 34.0 (ประมวลผลแล้ว)
2026-09-10 02:51:17 [DEBUG] รอบตรวจ: แท่งล่าสุด 2026-09-09 22:30:00 close 4399.82 spread 33.0 (ประมวลผลแล้ว)
2026-09-10 02:51:47 [DEBUG] รอบตรวจ: แท่งล่าสุด 2026-09-09 22:30:00 close 4399.82 spread 35.0 (ประมวลผลแล้ว)
2026-09-10 02:52:17 [DEBUG] รอบตรวจ: แท่งล่าสุด 2026-09-09 22:30:00 close 4399.82 spread 37.0 (ประมวลผลแล้ว)
2026-09-10 02:52:47 [DEBUG] รอบตรวจ: แท่งล่าสุด 2026-09-09 22:30:00 close 4399.82 spread 25.0 (ประมวลผลแล้ว)
2026-09-10 02:53:17 [DEBUG] รอบตรวจ: แท่งล่าสุด 2026-09-09 22:30:00 close 4399.82 spread 31.0 (ประมวลผลแล้ว)
2026-09-10 02:53:47 [DEBUG] รอบตรวจ: แท่งล่าสุด 2026-09-09 22:30:00 close 4399.82 spread 35.0 (ประมวลผลแล้ว)
2026-09-10 02:54:17 [DEBUG] รอบตรวจ: แท่งล่าสุด 2026-09-09 22:30:00 close 4399.82 spread 39.0 (ประมวลผลแล้ว)
2026-09-10 02:54:47 [DEBUG] รอบตรวจ: แท่งล่าสุด 2026-09-09 22:30:00 close 4399.82 spread 29.0 (ประมวลผลแล้ว)
2026-09-10 02:55:17 [DEBUG] รอบตรวจ: แท่งล่าสุด 2026-09-09 22:30:00 close 4399.82 spread 25.0 (ประมวลผลแล้ว)
2026-09-10 02:55:47 [DEBUG] รอบตรวจ: แท่งล่าสุด 2026-09-09 22:30:00 close 4399.82 spread 33.0 (ประมวลผลแล้ว)
2026-09-10 02:56:17 [DEBUG] รอบตรวจ: แท่งล่าสุด 2026-09-09 22:30:00 close 4399.82 spread 32.0 (ประมวลผลแล้ว)
2026-09-10 02:56:47 [DEBUG] รอบตรวจ: แท่งล่าสุด 2026-09-09 22:30:00 close 4399.82 spread 34.0 (ประมวลผลแล้ว)
2026-09-10 02:57:17 [DEBUG] รอบตรวจ: แท่งล่าสุด 2026-09-09 22:30:00 close 4399.82 spread 32.0 (ประมวลผลแล้ว)
2026-09-10 02:57:48 [DEBUG] รอบตรวจ: แท่งล่าสุด 2026-09-09 22:30:00 close 4399.82 spread 30.0 (ประมวลผลแล้ว)
2026-09-10 02:58:18 [DEBUG] รอบตรวจ: แท่งล่าสุด 2026-09-09 22:30:00 close 4399.82 spread 37.0 (ประมวลผลแล้ว)
2026-09-10 02:58:48 [DEBUG] รอบตรวจ: แท่งล่าสุด 2026-09-09 22:30:00 close 4399.82 spread 28.0 (ประมวลผลแล้ว)
2026-09-10 02:59:18 [DEBUG] รอบตรวจ: แท่งล่าสุด 2026-09-09 22:30:00 close 4399.82 spread 29.0 (ประมวลผลแล้ว)
2026-09-10 02:59:48 [DEBUG] รอบตรวจ: แท่งล่าสุด 2026-09-09 22:30:00 close 4399.82 spread 28.0 (ประมวลผลแล้ว)
2026-09-10 03:00:18 [DEBUG] รอบตรวจ: แท่งล่าสุด 2026-09-09 22:45:00 close 4399.14 spread 32.0 (แท่งใหม่)
2026-09-10 03:00:18 [INFO] แท่งปิด 2026-09-09 22:45:00 | Close 4399.14 | H1 DOWNTREND | M5 DOWNTREND | RSI 43.3 | ADX 16.5 | ATR 8.63 | Spread 32.0
2026-09-10 03:00:18 [INFO] คำตัดสิน: HOLD — ยังไม่มีสัญญาณตัดกัน
2026-09-10 03:00:18 [DEBUG]   [ไม่ผ่าน] สัญญาณตัดกัน M15: MA20/MA50 ให้ HOLD
2026-09-10 03:00:18 [DEBUG] Starting new HTTPS connection (1): api.telegram.org:443
2026-09-10 03:00:19 [DEBUG] https://api.telegram.org:443 "POST /bot8624918359:AAGleKax3bKKXX_pdgTMX49IIYtUJVqWf48/sendMessage HTTP/1.1" 200 1398
2026-09-10 03:00:49 [DEBUG] รอบตรวจ: แท่งล่าสุด 2026-09-09 22:45:00 close 4399.14 spread 30.0 (ประมวลผลแล้ว)
2026-09-10 03:01:19 [DEBUG] รอบตรวจ: แท่งล่าสุด 2026-09-09 22:45:00 close 4399.14 spread 33.0 (ประมวลผลแล้ว)
2026-09-10 03:01:49 [DEBUG] รอบตรวจ: แท่งล่าสุด 2026-09-09 22:45:00 close 4399.14 spread 29.0 (ประมวลผลแล้ว)
2026-09-10 03:02:19 [DEBUG] รอบตรวจ: แท่งล่าสุด 2026-09-09 22:45:00 close 4399.14 spread 32.0 (ประมวลผลแล้ว)
2026-09-10 03:02:49 [DEBUG] รอบตรวจ: แท่งล่าสุด 2026-09-09 22:45:00 close 4399.14 spread 34.0 (ประมวลผลแล้ว)
2026-09-10 03:03:19 [DEBUG] รอบตรวจ: แท่งล่าสุด 2026-09-09 22:45:00 close 4399.14 spread 34.0 (ประมวลผลแล้ว)
2026-09-10 03:03:49 [DEBUG] รอบตรวจ: แท่งล่าสุด 2026-09-09 22:45:00 close 4399.14 spread 33.0 (ประมวลผลแล้ว)
2026-09-10 03:04:19 [DEBUG] รอบตรวจ: แท่งล่าสุด 2026-09-09 22:45:00 close 4399.14 spread 33.0 (ประมวลผลแล้ว)
2026-09-10 03:04:49 [DEBUG] รอบตรวจ: แท่งล่าสุด 2026-09-09 22:45:00 close 4399.14 spread 25.0 (ประมวลผลแล้ว)
2026-09-10 03:05:19 [DEBUG] รอบตรวจ: แท่งล่าสุด 2026-09-09 22:45:00 close 4399.14 spread 31.0 (ประมวลผลแล้ว)
2026-09-10 03:05:49 [DEBUG] รอบตรวจ: แท่งล่าสุด 2026-09-09 22:45:00 close 4399.14 spread 31.0 (ประมวลผลแล้ว)
2026-09-10 03:06:19 [DEBUG] รอบตรวจ: แท่งล่าสุด 2026-09-09 22:45:00 close 4399.14 spread 29.0 (ประมวลผลแล้ว)
2026-09-10 03:06:49 [DEBUG] รอบตรวจ: แท่งล่าสุด 2026-09-09 22:45:00 close 4399.14 spread 30.0 (ประมวลผลแล้ว)
2026-09-10 03:07:19 [DEBUG] รอบตรวจ: แท่งล่าสุด 2026-09-09 22:45:00 close 4399.14 spread 33.0 (ประมวลผลแล้ว)
2026-09-10 03:07:49 [DEBUG] รอบตรวจ: แท่งล่าสุด 2026-09-09 22:45:00 close 4399.14 spread 30.0 (ประมวลผลแล้ว)
2026-09-10 03:08:19 [DEBUG] รอบตรวจ: แท่งล่าสุด 2026-09-09 22:45:00 close 4399.14 spread 34.0 (ประมวลผลแล้ว)
2026-09-10 03:08:49 [DEBUG] รอบตรวจ: แท่งล่าสุด 2026-09-09 22:45:00 close 4399.14 spread 33.0 (ประมวลผลแล้ว)
2026-09-10 03:09:19 [DEBUG] รอบตรวจ: แท่งล่าสุด 2026-09-09 22:45:00 close 4399.14 spread 35.0 (ประมวลผลแล้ว)
2026-09-10 03:09:49 [DEBUG] รอบตรวจ: แท่งล่าสุด 2026-09-09 22:45:00 close 4399.14 spread 39.0 (ประมวลผลแล้ว)
2026-09-10 03:10:19 [DEBUG] รอบตรวจ: แท่งล่าสุด 2026-09-09 22:45:00 close 4399.14 spread 32.0 (ประมวลผลแล้ว)
2026-09-10 03:10:49 [DEBUG] รอบตรวจ: แท่งล่าสุด 2026-09-09 22:45:00 close 4399.14 spread 37.0 (ประมวลผลแล้ว)
2026-09-10 03:11:19 [DEBUG] รอบตรวจ: แท่งล่าสุด 2026-09-09 22:45:00 close 4399.14 spread 36.0 (ประมวลผลแล้ว)
2026-09-10 03:11:49 [DEBUG] รอบตรวจ: แท่งล่าสุด 2026-09-09 22:45:00 close 4399.14 spread 39.0 (ประมวลผลแล้ว)
2026-09-10 03:12:19 [DEBUG] รอบตรวจ: แท่งล่าสุด 2026-09-09 22:45:00 close 4399.14 spread 36.0 (ประมวลผลแล้ว)
2026-09-10 03:12:49 [DEBUG] รอบตรวจ: แท่งล่าสุด 2026-09-09 22:45:00 close 4399.14 spread 29.0 (ประมวลผลแล้ว)
2026-09-10 03:13:19 [DEBUG] รอบตรวจ: แท่งล่าสุด 2026-09-09 22:45:00 close 4399.14 spread 35.0 (ประมวลผลแล้ว)
2026-09-10 03:13:49 [DEBUG] รอบตรวจ: แท่งล่าสุด 2026-09-09 22:45:00 close 4399.14 spread 30.0 (ประมวลผลแล้ว)
2026-09-10 03:14:19 [DEBUG] รอบตรวจ: แท่งล่าสุด 2026-09-09 22:45:00 close 4399.14 spread 35.0 (ประมวลผลแล้ว)
2026-09-10 03:14:49 [DEBUG] รอบตรวจ: แท่งล่าสุด 2026-09-09 22:45:00 close 4399.14 spread 39.0 (ประมวลผลแล้ว)
2026-09-10 03:15:19 [DEBUG] รอบตรวจ: แท่งล่าสุด 2026-09-09 23:00:00 close 4397.23 spread 33.0 (แท่งใหม่)
2026-09-10 03:15:19 [INFO] แท่งปิด 2026-09-09 23:00:00 | Close 4397.23 | H1 DOWNTREND | M5 DOWNTREND | RSI 41.8 | ADX 16.7 | ATR 8.23 | Spread 33.0
2026-09-10 03:15:19 [INFO] คำตัดสิน: HOLD — ยังไม่มีสัญญาณตัดกัน
2026-09-10 03:15:19 [DEBUG]   [ไม่ผ่าน] สัญญาณตัดกัน M15: MA20/MA50 ให้ HOLD
2026-09-10 03:15:19 [DEBUG] Starting new HTTPS connection (1): api.telegram.org:443
2026-09-10 03:15:21 [DEBUG] https://api.telegram.org:443 "POST /bot8624918359:AAGleKax3bKKXX_pdgTMX49IIYtUJVqWf48/sendMessage HTTP/1.1" 200 1398
2026-09-10 03:15:51 [DEBUG] รอบตรวจ: แท่งล่าสุด 2026-09-09 23:00:00 close 4397.23 spread 30.0 (ประมวลผลแล้ว)
2026-09-10 03:16:21 [DEBUG] รอบตรวจ: แท่งล่าสุด 2026-09-09 23:00:00 close 4397.23 spread 39.0 (ประมวลผลแล้ว)
2026-09-10 03:16:51 [DEBUG] รอบตรวจ: แท่งล่าสุด 2026-09-09 23:00:00 close 4397.23 spread 31.0 (ประมวลผลแล้ว)
2026-09-10 03:17:21 [DEBUG] รอบตรวจ: แท่งล่าสุด 2026-09-09 23:00:00 close 4397.23 spread 39.0 (ประมวลผลแล้ว)
2026-09-10 03:17:51 [DEBUG] รอบตรวจ: แท่งล่าสุด 2026-09-09 23:00:00 close 4397.23 spread 37.0 (ประมวลผลแล้ว)
2026-09-10 03:18:21 [DEBUG] รอบตรวจ: แท่งล่าสุด 2026-09-09 23:00:00 close 4397.23 spread 39.0 (ประมวลผลแล้ว)
2026-09-10 03:18:51 [DEBUG] รอบตรวจ: แท่งล่าสุด 2026-09-09 23:00:00 close 4397.23 spread 39.0 (ประมวลผลแล้ว)
2026-09-10 03:19:21 [DEBUG] รอบตรวจ: แท่งล่าสุด 2026-09-09 23:00:00 close 4397.23 spread 39.0 (ประมวลผลแล้ว)
2026-09-10 03:19:51 [DEBUG] รอบตรวจ: แท่งล่าสุด 2026-09-09 23:00:00 close 4397.23 spread 39.0 (ประมวลผลแล้ว)
2026-09-10 03:20:21 [DEBUG] รอบตรวจ: แท่งล่าสุด 2026-09-09 23:00:00 close 4397.23 spread 35.0 (ประมวลผลแล้ว)
2026-09-10 03:20:51 [DEBUG] รอบตรวจ: แท่งล่าสุด 2026-09-09 23:00:00 close 4397.23 spread 39.0 (ประมวลผลแล้ว)
2026-09-10 03:21:21 [DEBUG] รอบตรวจ: แท่งล่าสุด 2026-09-09 23:00:00 close 4397.23 spread 33.0 (ประมวลผลแล้ว)
2026-09-10 03:21:51 [DEBUG] รอบตรวจ: แท่งล่าสุด 2026-09-09 23:00:00 close 4397.23 spread 39.0 (ประมวลผลแล้ว)
2026-09-10 03:22:21 [DEBUG] รอบตรวจ: แท่งล่าสุด 2026-09-09 23:00:00 close 4397.23 spread 36.0 (ประมวลผลแล้ว)
2026-09-10 03:22:51 [DEBUG] รอบตรวจ: แท่งล่าสุด 2026-09-09 23:00:00 close 4397.23 spread 39.0 (ประมวลผลแล้ว)
2026-09-10 03:23:21 [DEBUG] รอบตรวจ: แท่งล่าสุด 2026-09-09 23:00:00 close 4397.23 spread 39.0 (ประมวลผลแล้ว)
2026-09-10 03:23:51 [DEBUG] รอบตรวจ: แท่งล่าสุด 2026-09-09 23:00:00 close 4397.23 spread 39.0 (ประมวลผลแล้ว)
2026-09-10 03:24:21 [DEBUG] รอบตรวจ: แท่งล่าสุด 2026-09-09 23:00:00 close 4397.23 spread 39.0 (ประมวลผลแล้ว)
2026-09-10 03:24:51 [DEBUG] รอบตรวจ: แท่งล่าสุด 2026-09-09 23:00:00 close 4397.23 spread 39.0 (ประมวลผลแล้ว)
2026-09-10 03:25:21 [DEBUG] รอบตรวจ: แท่งล่าสุด 2026-09-09 23:00:00 close 4397.23 spread 39.0 (ประมวลผลแล้ว)
2026-09-10 03:25:52 [DEBUG] รอบตรวจ: แท่งล่าสุด 2026-09-09 23:00:00 close 4397.23 spread 38.0 (ประมวลผลแล้ว)
2026-09-10 03:26:22 [DEBUG] รอบตรวจ: แท่งล่าสุด 2026-09-09 23:00:00 close 4397.23 spread 39.0 (ประมวลผลแล้ว)
2026-09-10 03:26:52 [DEBUG] รอบตรวจ: แท่งล่าสุด 2026-09-09 23:00:00 close 4397.23 spread 39.0 (ประมวลผลแล้ว)
2026-09-10 03:27:22 [DEBUG] รอบตรวจ: แท่งล่าสุด 2026-09-09 23:00:00 close 4397.23 spread 39.0 (ประมวลผลแล้ว)
2026-09-10 03:27:52 [DEBUG] รอบตรวจ: แท่งล่าสุด 2026-09-09 23:00:00 close 4397.23 spread 39.0 (ประมวลผลแล้ว)
2026-09-10 03:28:22 [DEBUG] รอบตรวจ: แท่งล่าสุด 2026-09-09 23:00:00 close 4397.23 spread 26.0 (ประมวลผลแล้ว)
2026-09-10 03:28:52 [DEBUG] รอบตรวจ: แท่งล่าสุด 2026-09-09 23:00:00 close 4397.23 spread 33.0 (ประมวลผลแล้ว)
2026-09-10 03:29:22 [DEBUG] รอบตรวจ: แท่งล่าสุด 2026-09-09 23:00:00 close 4397.23 spread 36.0 (ประมวลผลแล้ว)
2026-09-10 03:29:52 [DEBUG] รอบตรวจ: แท่งล่าสุด 2026-09-09 23:00:00 close 4397.23 spread 39.0 (ประมวลผลแล้ว)
2026-09-10 03:30:22 [DEBUG] รอบตรวจ: แท่งล่าสุด 2026-09-09 23:15:00 close 4394.73 spread 38.0 (แท่งใหม่)
2026-09-10 03:30:22 [INFO] แท่งปิด 2026-09-09 23:15:00 | Close 4394.73 | H1 DOWNTREND | M5 DOWNTREND | RSI 39.8 | ADX 17.2 | ATR 7.92 | Spread 38.0
2026-09-10 03:30:22 [INFO] คำตัดสิน: HOLD — ยังไม่มีสัญญาณตัดกัน
2026-09-10 03:30:22 [DEBUG]   [ไม่ผ่าน] สัญญาณตัดกัน M15: MA20/MA50 ให้ HOLD
2026-09-10 03:30:22 [DEBUG] Starting new HTTPS connection (1): api.telegram.org:443
2026-09-10 03:30:23 [DEBUG] https://api.telegram.org:443 "POST /bot8624918359:AAGleKax3bKKXX_pdgTMX49IIYtUJVqWf48/sendMessage HTTP/1.1" 200 1398
2026-09-10 03:30:53 [DEBUG] รอบตรวจ: แท่งล่าสุด 2026-09-09 23:15:00 close 4394.73 spread 37.0 (ประมวลผลแล้ว)
2026-09-10 03:31:23 [DEBUG] รอบตรวจ: แท่งล่าสุด 2026-09-09 23:15:00 close 4394.73 spread 39.0 (ประมวลผลแล้ว)
2026-09-10 03:31:53 [DEBUG] รอบตรวจ: แท่งล่าสุด 2026-09-09 23:15:00 close 4394.73 spread 39.0 (ประมวลผลแล้ว)
2026-09-10 03:32:23 [DEBUG] รอบตรวจ: แท่งล่าสุด 2026-09-09 23:15:00 close 4394.73 spread 39.0 (ประมวลผลแล้ว)
2026-09-10 03:32:53 [DEBUG] รอบตรวจ: แท่งล่าสุด 2026-09-09 23:15:00 close 4394.73 spread 39.0 (ประมวลผลแล้ว)
2026-09-10 03:33:23 [DEBUG] รอบตรวจ: แท่งล่าสุด 2026-09-09 23:15:00 close 4394.73 spread 35.0 (ประมวลผลแล้ว)
2026-09-10 03:33:53 [DEBUG] รอบตรวจ: แท่งล่าสุด 2026-09-09 23:15:00 close 4394.73 spread 39.0 (ประมวลผลแล้ว)
2026-09-10 03:34:23 [DEBUG] รอบตรวจ: แท่งล่าสุด 2026-09-09 23:15:00 close 4394.73 spread 34.0 (ประมวลผลแล้ว)
2026-09-10 03:34:53 [DEBUG] รอบตรวจ: แท่งล่าสุด 2026-09-09 23:15:00 close 4394.73 spread 39.0 (ประมวลผลแล้ว)
2026-09-10 03:35:23 [DEBUG] รอบตรวจ: แท่งล่าสุด 2026-09-09 23:15:00 close 4394.73 spread 45.0 (ประมวลผลแล้ว)
2026-09-10 03:35:53 [DEBUG] รอบตรวจ: แท่งล่าสุด 2026-09-09 23:15:00 close 4394.73 spread 45.0 (ประมวลผลแล้ว)
2026-09-10 03:36:23 [DEBUG] รอบตรวจ: แท่งล่าสุด 2026-09-09 23:15:00 close 4394.73 spread 45.0 (ประมวลผลแล้ว)
2026-09-10 03:36:53 [DEBUG] รอบตรวจ: แท่งล่าสุด 2026-09-09 23:15:00 close 4394.73 spread 45.0 (ประมวลผลแล้ว)
2026-09-10 03:37:23 [DEBUG] รอบตรวจ: แท่งล่าสุด 2026-09-09 23:15:00 close 4394.73 spread 45.0 (ประมวลผลแล้ว)
2026-09-10 03:37:53 [DEBUG] รอบตรวจ: แท่งล่าสุด 2026-09-09 23:15:00 close 4394.73 spread 45.0 (ประมวลผลแล้ว)
2026-09-10 03:38:23 [DEBUG] รอบตรวจ: แท่งล่าสุด 2026-09-09 23:15:00 close 4394.73 spread 44.0 (ประมวลผลแล้ว)
2026-09-10 03:38:53 [DEBUG] รอบตรวจ: แท่งล่าสุด 2026-09-09 23:15:00 close 4394.73 spread 45.0 (ประมวลผลแล้ว)
2026-09-10 03:39:23 [DEBUG] รอบตรวจ: แท่งล่าสุด 2026-09-09 23:15:00 close 4394.73 spread 45.0 (ประมวลผลแล้ว)
2026-09-10 03:39:53 [DEBUG] รอบตรวจ: แท่งล่าสุด 2026-09-09 23:15:00 close 4394.73 spread 45.0 (ประมวลผลแล้ว)
2026-09-10 03:40:23 [DEBUG] รอบตรวจ: แท่งล่าสุด 2026-09-09 23:15:00 close 4394.73 spread 45.0 (ประมวลผลแล้ว)
2026-09-10 03:40:53 [DEBUG] รอบตรวจ: แท่งล่าสุด 2026-09-09 23:15:00 close 4394.73 spread 45.0 (ประมวลผลแล้ว)
2026-09-10 03:41:23 [DEBUG] รอบตรวจ: แท่งล่าสุด 2026-09-09 23:15:00 close 4394.73 spread 45.0 (ประมวลผลแล้ว)
2026-09-10 03:41:53 [DEBUG] รอบตรวจ: แท่งล่าสุด 2026-09-09 23:15:00 close 4394.73 spread 45.0 (ประมวลผลแล้ว)
2026-09-10 03:42:23 [DEBUG] รอบตรวจ: แท่งล่าสุด 2026-09-09 23:15:00 close 4394.73 spread 44.0 (ประมวลผลแล้ว)
2026-09-10 03:42:53 [DEBUG] รอบตรวจ: แท่งล่าสุด 2026-09-09 23:15:00 close 4394.73 spread 45.0 (ประมวลผลแล้ว)
2026-09-10 03:43:23 [DEBUG] รอบตรวจ: แท่งล่าสุด 2026-09-09 23:15:00 close 4394.73 spread 45.0 (ประมวลผลแล้ว)
2026-09-10 03:43:53 [DEBUG] รอบตรวจ: แท่งล่าสุด 2026-09-09 23:15:00 close 4394.73 spread 28.0 (ประมวลผลแล้ว)
2026-09-10 03:44:23 [DEBUG] รอบตรวจ: แท่งล่าสุด 2026-09-09 23:15:00 close 4394.73 spread 44.0 (ประมวลผลแล้ว)
2026-09-10 03:44:53 [DEBUG] รอบตรวจ: แท่งล่าสุด 2026-09-09 23:15:00 close 4394.73 spread 45.0 (ประมวลผลแล้ว)
2026-09-10 03:45:23 [DEBUG] รอบตรวจ: แท่งล่าสุด 2026-09-09 23:30:00 close 4400.12 spread 34.0 (แท่งใหม่)
2026-09-10 03:45:23 [INFO] แท่งปิด 2026-09-09 23:30:00 | Close 4400.12 | H1 DOWNTREND | M5 DOWNTREND | RSI 45.7 | ADX 17.1 | ATR 7.80 | Spread 34.0
2026-09-10 03:45:23 [INFO] คำตัดสิน: HOLD — ยังไม่มีสัญญาณตัดกัน
2026-09-10 03:45:23 [DEBUG]   [ไม่ผ่าน] สัญญาณตัดกัน M15: MA20/MA50 ให้ HOLD
2026-09-10 03:45:23 [DEBUG] Starting new HTTPS connection (1): api.telegram.org:443
2026-09-10 03:45:25 [DEBUG] https://api.telegram.org:443 "POST /bot8624918359:AAGleKax3bKKXX_pdgTMX49IIYtUJVqWf48/sendMessage HTTP/1.1" 200 1398
2026-09-10 03:45:55 [DEBUG] รอบตรวจ: แท่งล่าสุด 2026-09-09 23:30:00 close 4400.12 spread 45.0 (ประมวลผลแล้ว)
2026-09-10 03:46:25 [DEBUG] รอบตรวจ: แท่งล่าสุด 2026-09-09 23:30:00 close 4400.12 spread 45.0 (ประมวลผลแล้ว)
2026-09-10 03:46:55 [DEBUG] รอบตรวจ: แท่งล่าสุด 2026-09-09 23:30:00 close 4400.12 spread 45.0 (ประมวลผลแล้ว)
2026-09-10 03:47:25 [DEBUG] รอบตรวจ: แท่งล่าสุด 2026-09-09 23:30:00 close 4400.12 spread 45.0 (ประมวลผลแล้ว)
2026-09-10 03:47:55 [DEBUG] รอบตรวจ: แท่งล่าสุด 2026-09-09 23:30:00 close 4400.12 spread 45.0 (ประมวลผลแล้ว)
2026-09-10 03:48:25 [DEBUG] รอบตรวจ: แท่งล่าสุด 2026-09-09 23:30:00 close 4400.12 spread 45.0 (ประมวลผลแล้ว)
2026-09-10 03:48:55 [DEBUG] รอบตรวจ: แท่งล่าสุด 2026-09-09 23:30:00 close 4400.12 spread 45.0 (ประมวลผลแล้ว)
2026-09-10 03:49:25 [DEBUG] รอบตรวจ: แท่งล่าสุด 2026-09-09 23:30:00 close 4400.12 spread 42.0 (ประมวลผลแล้ว)
2026-09-10 03:49:55 [DEBUG] รอบตรวจ: แท่งล่าสุด 2026-09-09 23:30:00 close 4400.12 spread 45.0 (ประมวลผลแล้ว)
2026-09-10 03:50:25 [DEBUG] รอบตรวจ: แท่งล่าสุด 2026-09-09 23:30:00 close 4400.12 spread 45.0 (ประมวลผลแล้ว)
2026-09-10 03:50:55 [DEBUG] รอบตรวจ: แท่งล่าสุด 2026-09-09 23:30:00 close 4400.12 spread 45.0 (ประมวลผลแล้ว)
2026-09-10 03:51:25 [DEBUG] รอบตรวจ: แท่งล่าสุด 2026-09-09 23:30:00 close 4400.12 spread 45.0 (ประมวลผลแล้ว)
2026-09-10 03:51:55 [DEBUG] รอบตรวจ: แท่งล่าสุด 2026-09-09 23:30:00 close 4400.12 spread 45.0 (ประมวลผลแล้ว)
2026-09-10 03:52:25 [DEBUG] รอบตรวจ: แท่งล่าสุด 2026-09-09 23:30:00 close 4400.12 spread 45.0 (ประมวลผลแล้ว)
2026-09-10 03:52:55 [DEBUG] รอบตรวจ: แท่งล่าสุด 2026-09-09 23:30:00 close 4400.12 spread 45.0 (ประมวลผลแล้ว)
2026-09-10 03:53:25 [DEBUG] รอบตรวจ: แท่งล่าสุด 2026-09-09 23:30:00 close 4400.12 spread 45.0 (ประมวลผลแล้ว)
2026-09-10 03:53:55 [DEBUG] รอบตรวจ: แท่งล่าสุด 2026-09-09 23:30:00 close 4400.12 spread 45.0 (ประมวลผลแล้ว)
2026-09-10 03:54:25 [DEBUG] รอบตรวจ: แท่งล่าสุด 2026-09-09 23:30:00 close 4400.12 spread 45.0 (ประมวลผลแล้ว)
2026-09-10 03:54:55 [DEBUG] รอบตรวจ: แท่งล่าสุด 2026-09-09 23:30:00 close 4400.12 spread 45.0 (ประมวลผลแล้ว)
2026-09-10 03:55:25 [DEBUG] รอบตรวจ: แท่งล่าสุด 2026-09-09 23:30:00 close 4400.12 spread 43.0 (ประมวลผลแล้ว)
2026-09-10 03:55:55 [DEBUG] รอบตรวจ: แท่งล่าสุด 2026-09-09 23:30:00 close 4400.12 spread 43.0 (ประมวลผลแล้ว)
2026-09-10 03:56:25 [DEBUG] รอบตรวจ: แท่งล่าสุด 2026-09-09 23:30:00 close 4400.12 spread 43.0 (ประมวลผลแล้ว)
2026-09-10 03:56:55 [DEBUG] รอบตรวจ: แท่งล่าสุด 2026-09-09 23:30:00 close 4400.12 spread 43.0 (ประมวลผลแล้ว)
2026-09-10 03:57:25 [DEBUG] รอบตรวจ: แท่งล่าสุด 2026-09-09 23:30:00 close 4400.12 spread 43.0 (ประมวลผลแล้ว)
2026-09-10 03:57:55 [DEBUG] รอบตรวจ: แท่งล่าสุด 2026-09-09 23:30:00 close 4400.12 spread 43.0 (ประมวลผลแล้ว)
2026-09-10 03:58:25 [DEBUG] รอบตรวจ: แท่งล่าสุด 2026-09-09 23:30:00 close 4400.12 spread 43.0 (ประมวลผลแล้ว)
2026-09-10 03:58:55 [DEBUG] รอบตรวจ: แท่งล่าสุด 2026-09-09 23:30:00 close 4400.12 spread 43.0 (ประมวลผลแล้ว)
2026-09-10 03:59:25 [DEBUG] รอบตรวจ: แท่งล่าสุด 2026-09-09 23:30:00 close 4400.12 spread 43.0 (ประมวลผลแล้ว)
2026-09-10 03:59:55 [DEBUG] รอบตรวจ: แท่งล่าสุด 2026-09-09 23:30:00 close 4400.12 spread 43.0 (ประมวลผลแล้ว)
2026-09-10 04:00:25 [DEBUG] รอบตรวจ: แท่งล่าสุด 2026-09-09 23:30:00 close 4400.12 spread 43.0 (ประมวลผลแล้ว)
2026-09-10 04:00:55 [DEBUG] รอบตรวจ: แท่งล่าสุด 2026-09-09 23:30:00 close 4400.12 spread 43.0 (ประมวลผลแล้ว)
2026-09-10 04:01:25 [DEBUG] รอบตรวจ: แท่งล่าสุด 2026-09-09 23:30:00 close 4400.12 spread 43.0 (ประมวลผลแล้ว)
2026-09-10 04:01:55 [DEBUG] รอบตรวจ: แท่งล่าสุด 2026-09-09 23:30:00 close 4400.12 spread 43.0 (ประมวลผลแล้ว)
2026-09-10 04:02:25 [DEBUG] รอบตรวจ: แท่งล่าสุด 2026-09-09 23:30:00 close 4400.12 spread 43.0 (ประมวลผลแล้ว)
2026-09-10 04:02:55 [DEBUG] รอบตรวจ: แท่งล่าสุด 2026-09-09 23:30:00 close 4400.12 spread 43.0 (ประมวลผลแล้ว)
2026-09-10 04:03:25 [DEBUG] รอบตรวจ: แท่งล่าสุด 2026-09-09 23:30:00 close 4400.12 spread 43.0 (ประมวลผลแล้ว)
2026-09-10 04:03:55 [DEBUG] รอบตรวจ: แท่งล่าสุด 2026-09-09 23:30:00 close 4400.12 spread 43.0 (ประมวลผลแล้ว)
2026-09-10 04:04:25 [DEBUG] รอบตรวจ: แท่งล่าสุด 2026-09-09 23:30:00 close 4400.12 spread 43.0 (ประมวลผลแล้ว)
2026-09-10 04:04:55 [DEBUG] รอบตรวจ: แท่งล่าสุด 2026-09-09 23:30:00 close 4400.12 spread 43.0 (ประมวลผลแล้ว)
2026-09-10 04:05:25 [DEBUG] รอบตรวจ: แท่งล่าสุด 2026-09-09 23:30:00 close 4400.12 spread 43.0 (ประมวลผลแล้ว)
2026-09-10 04:05:55 [DEBUG] รอบตรวจ: แท่งล่าสุด 2026-09-09 23:30:00 close 4400.12 spread 43.0 (ประมวลผลแล้ว)
2026-09-10 04:06:25 [DEBUG] รอบตรวจ: แท่งล่าสุด 2026-09-09 23:30:00 close 4400.12 spread 43.0 (ประมวลผลแล้ว)
2026-09-10 04:06:55 [DEBUG] รอบตรวจ: แท่งล่าสุด 2026-09-09 23:30:00 close 4400.12 spread 43.0 (ประมวลผลแล้ว)
2026-09-10 04:07:25 [DEBUG] รอบตรวจ: แท่งล่าสุด 2026-09-09 23:30:00 close 4400.12 spread 43.0 (ประมวลผลแล้ว)
2026-09-10 04:07:55 [DEBUG] รอบตรวจ: แท่งล่าสุด 2026-09-09 23:30:00 close 4400.12 spread 43.0 (ประมวลผลแล้ว)
2026-09-10 04:08:25 [DEBUG] รอบตรวจ: แท่งล่าสุด 2026-09-09 23:30:00 close 4400.12 spread 43.0 (ประมวลผลแล้ว)
2026-09-10 04:08:55 [DEBUG] รอบตรวจ: แท่งล่าสุด 2026-09-09 23:30:00 close 4400.12 spread 43.0 (ประมวลผลแล้ว)
2026-09-10 04:09:25 [DEBUG] รอบตรวจ: แท่งล่าสุด 2026-09-09 23:30:00 close 4400.12 spread 43.0 (ประมวลผลแล้ว)
2026-09-10 04:09:55 [DEBUG] รอบตรวจ: แท่งล่าสุด 2026-09-09 23:30:00 close 4400.12 spread 43.0 (ประมวลผลแล้ว)
2026-09-10 04:10:25 [DEBUG] รอบตรวจ: แท่งล่าสุด 2026-09-09 23:30:00 close 4400.12 spread 43.0 (ประมวลผลแล้ว)
2026-09-10 04:10:55 [DEBUG] รอบตรวจ: แท่งล่าสุด 2026-09-09 23:30:00 close 4400.12 spread 43.0 (ประมวลผลแล้ว)
2026-09-10 04:11:25 [DEBUG] รอบตรวจ: แท่งล่าสุด 2026-09-09 23:30:00 close 4400.12 spread 43.0 (ประมวลผลแล้ว)
2026-09-10 04:11:55 [DEBUG] รอบตรวจ: แท่งล่าสุด 2026-09-09 23:30:00 close 4400.12 spread 43.0 (ประมวลผลแล้ว)
2026-09-10 04:12:25 [DEBUG] รอบตรวจ: แท่งล่าสุด 2026-09-09 23:30:00 close 4400.12 spread 43.0 (ประมวลผลแล้ว)
2026-09-10 04:12:55 [DEBUG] รอบตรวจ: แท่งล่าสุด 2026-09-09 23:30:00 close 4400.12 spread 43.0 (ประมวลผลแล้ว)
2026-09-10 04:13:25 [DEBUG] รอบตรวจ: แท่งล่าสุด 2026-09-09 23:30:00 close 4400.12 spread 43.0 (ประมวลผลแล้ว)
2026-09-10 04:13:55 [DEBUG] รอบตรวจ: แท่งล่าสุด 2026-09-09 23:30:00 close 4400.12 spread 43.0 (ประมวลผลแล้ว)
2026-09-10 04:14:25 [DEBUG] รอบตรวจ: แท่งล่าสุด 2026-09-09 23:30:00 close 4400.12 spread 43.0 (ประมวลผลแล้ว)
2026-09-10 04:14:55 [DEBUG] รอบตรวจ: แท่งล่าสุด 2026-09-09 23:30:00 close 4400.12 spread 43.0 (ประมวลผลแล้ว)
2026-09-10 04:15:25 [DEBUG] รอบตรวจ: แท่งล่าสุด 2026-09-09 23:30:00 close 4400.12 spread 43.0 (ประมวลผลแล้ว)
2026-09-10 04:15:55 [DEBUG] รอบตรวจ: แท่งล่าสุด 2026-09-09 23:30:00 close 4400.12 spread 43.0 (ประมวลผลแล้ว)
2026-09-10 04:16:25 [DEBUG] รอบตรวจ: แท่งล่าสุด 2026-09-09 23:30:00 close 4400.12 spread 43.0 (ประมวลผลแล้ว)
2026-09-10 04:16:55 [DEBUG] รอบตรวจ: แท่งล่าสุด 2026-09-09 23:30:00 close 4400.12 spread 43.0 (ประมวลผลแล้ว)
2026-09-10 04:17:25 [DEBUG] รอบตรวจ: แท่งล่าสุด 2026-09-09 23:30:00 close 4400.12 spread 43.0 (ประมวลผลแล้ว)
2026-09-10 04:17:55 [DEBUG] รอบตรวจ: แท่งล่าสุด 2026-09-09 23:30:00 close 4400.12 spread 43.0 (ประมวลผลแล้ว)
2026-09-10 04:18:25 [DEBUG] รอบตรวจ: แท่งล่าสุด 2026-09-09 23:30:00 close 4400.12 spread 43.0 (ประมวลผลแล้ว)
2026-09-10 04:18:55 [DEBUG] รอบตรวจ: แท่งล่าสุด 2026-09-09 23:30:00 close 4400.12 spread 43.0 (ประมวลผลแล้ว)
2026-09-10 04:19:25 [DEBUG] รอบตรวจ: แท่งล่าสุด 2026-09-09 23:30:00 close 4400.12 spread 43.0 (ประมวลผลแล้ว)
2026-09-10 04:19:55 [DEBUG] รอบตรวจ: แท่งล่าสุด 2026-09-09 23:30:00 close 4400.12 spread 43.0 (ประมวลผลแล้ว)
2026-09-10 04:20:25 [DEBUG] รอบตรวจ: แท่งล่าสุด 2026-09-09 23:30:00 close 4400.12 spread 43.0 (ประมวลผลแล้ว)
2026-09-10 04:20:55 [DEBUG] รอบตรวจ: แท่งล่าสุด 2026-09-09 23:30:00 close 4400.12 spread 43.0 (ประมวลผลแล้ว)
2026-09-10 04:21:25 [DEBUG] รอบตรวจ: แท่งล่าสุด 2026-09-09 23:30:00 close 4400.12 spread 43.0 (ประมวลผลแล้ว)
2026-09-10 04:21:56 [DEBUG] รอบตรวจ: แท่งล่าสุด 2026-09-09 23:30:00 close 4400.12 spread 43.0 (ประมวลผลแล้ว)
2026-09-10 04:22:26 [DEBUG] รอบตรวจ: แท่งล่าสุด 2026-09-09 23:30:00 close 4400.12 spread 43.0 (ประมวลผลแล้ว)
2026-09-10 04:22:56 [DEBUG] รอบตรวจ: แท่งล่าสุด 2026-09-09 23:30:00 close 4400.12 spread 43.0 (ประมวลผลแล้ว)
2026-09-10 04:23:26 [DEBUG] รอบตรวจ: แท่งล่าสุด 2026-09-09 23:30:00 close 4400.12 spread 43.0 (ประมวลผลแล้ว)
2026-09-10 04:23:56 [DEBUG] รอบตรวจ: แท่งล่าสุด 2026-09-09 23:30:00 close 4400.12 spread 43.0 (ประมวลผลแล้ว)
2026-09-10 04:24:26 [DEBUG] รอบตรวจ: แท่งล่าสุด 2026-09-09 23:30:00 close 4400.12 spread 43.0 (ประมวลผลแล้ว)
2026-09-10 04:24:56 [DEBUG] รอบตรวจ: แท่งล่าสุด 2026-09-09 23:30:00 close 4400.12 spread 43.0 (ประมวลผลแล้ว)
2026-09-10 04:25:26 [DEBUG] รอบตรวจ: แท่งล่าสุด 2026-09-09 23:30:00 close 4400.12 spread 43.0 (ประมวลผลแล้ว)
2026-09-10 04:25:56 [DEBUG] รอบตรวจ: แท่งล่าสุด 2026-09-09 23:30:00 close 4400.12 spread 43.0 (ประมวลผลแล้ว)
2026-09-10 04:26:26 [DEBUG] รอบตรวจ: แท่งล่าสุด 2026-09-09 23:30:00 close 4400.12 spread 43.0 (ประมวลผลแล้ว)
2026-09-10 04:26:56 [DEBUG] รอบตรวจ: แท่งล่าสุด 2026-09-09 23:30:00 close 4400.12 spread 43.0 (ประมวลผลแล้ว)
2026-09-10 04:27:26 [DEBUG] รอบตรวจ: แท่งล่าสุด 2026-09-09 23:30:00 close 4400.12 spread 43.0 (ประมวลผลแล้ว)
2026-09-10 04:27:56 [DEBUG] รอบตรวจ: แท่งล่าสุด 2026-09-09 23:30:00 close 4400.12 spread 43.0 (ประมวลผลแล้ว)
2026-09-10 04:28:26 [DEBUG] รอบตรวจ: แท่งล่าสุด 2026-09-09 23:30:00 close 4400.12 spread 43.0 (ประมวลผลแล้ว)
2026-09-10 04:28:56 [DEBUG] รอบตรวจ: แท่งล่าสุด 2026-09-09 23:30:00 close 4400.12 spread 43.0 (ประมวลผลแล้ว)
2026-09-10 04:29:26 [DEBUG] รอบตรวจ: แท่งล่าสุด 2026-09-09 23:30:00 close 4400.12 spread 43.0 (ประมวลผลแล้ว)
2026-09-10 04:29:56 [DEBUG] รอบตรวจ: แท่งล่าสุด 2026-09-09 23:30:00 close 4400.12 spread 43.0 (ประมวลผลแล้ว)
2026-09-10 04:30:26 [DEBUG] รอบตรวจ: แท่งล่าสุด 2026-09-09 23:30:00 close 4400.12 spread 43.0 (ประมวลผลแล้ว)
2026-09-10 04:30:56 [DEBUG] รอบตรวจ: แท่งล่าสุด 2026-09-09 23:30:00 close 4400.12 spread 43.0 (ประมวลผลแล้ว)
2026-09-10 04:31:26 [DEBUG] รอบตรวจ: แท่งล่าสุด 2026-09-09 23:30:00 close 4400.12 spread 43.0 (ประมวลผลแล้ว)
2026-09-10 04:31:56 [DEBUG] รอบตรวจ: แท่งล่าสุด 2026-09-09 23:30:00 close 4400.12 spread 43.0 (ประมวลผลแล้ว)
2026-09-10 04:32:26 [DEBUG] รอบตรวจ: แท่งล่าสุด 2026-09-09 23:30:00 close 4400.12 spread 43.0 (ประมวลผลแล้ว)
2026-09-10 04:32:56 [DEBUG] รอบตรวจ: แท่งล่าสุด 2026-09-09 23:30:00 close 4400.12 spread 43.0 (ประมวลผลแล้ว)
2026-09-10 04:33:26 [DEBUG] รอบตรวจ: แท่งล่าสุด 2026-09-09 23:30:00 close 4400.12 spread 43.0 (ประมวลผลแล้ว)
2026-09-10 04:33:56 [DEBUG] รอบตรวจ: แท่งล่าสุด 2026-09-09 23:30:00 close 4400.12 spread 43.0 (ประมวลผลแล้ว)
2026-09-10 04:34:26 [DEBUG] รอบตรวจ: แท่งล่าสุด 2026-09-09 23:30:00 close 4400.12 spread 43.0 (ประมวลผลแล้ว)
2026-09-10 04:34:56 [DEBUG] รอบตรวจ: แท่งล่าสุด 2026-09-09 23:30:00 close 4400.12 spread 43.0 (ประมวลผลแล้ว)
2026-09-10 04:35:26 [DEBUG] รอบตรวจ: แท่งล่าสุด 2026-09-09 23:30:00 close 4400.12 spread 43.0 (ประมวลผลแล้ว)
2026-09-10 04:35:56 [DEBUG] รอบตรวจ: แท่งล่าสุด 2026-09-09 23:30:00 close 4400.12 spread 43.0 (ประมวลผลแล้ว)
2026-09-10 04:36:26 [DEBUG] รอบตรวจ: แท่งล่าสุด 2026-09-09 23:30:00 close 4400.12 spread 43.0 (ประมวลผลแล้ว)
2026-09-10 04:36:56 [DEBUG] รอบตรวจ: แท่งล่าสุด 2026-09-09 23:30:00 close 4400.12 spread 43.0 (ประมวลผลแล้ว)
2026-09-10 04:37:26 [DEBUG] รอบตรวจ: แท่งล่าสุด 2026-09-09 23:30:00 close 4400.12 spread 43.0 (ประมวลผลแล้ว)
2026-09-10 04:37:56 [DEBUG] รอบตรวจ: แท่งล่าสุด 2026-09-09 23:30:00 close 4400.12 spread 43.0 (ประมวลผลแล้ว)
2026-09-10 04:38:26 [DEBUG] รอบตรวจ: แท่งล่าสุด 2026-09-09 23:30:00 close 4400.12 spread 43.0 (ประมวลผลแล้ว)
2026-09-10 04:38:56 [DEBUG] รอบตรวจ: แท่งล่าสุด 2026-09-09 23:30:00 close 4400.12 spread 43.0 (ประมวลผลแล้ว)
2026-09-10 04:39:26 [DEBUG] รอบตรวจ: แท่งล่าสุด 2026-09-09 23:30:00 close 4400.12 spread 43.0 (ประมวลผลแล้ว)
2026-09-10 04:39:56 [DEBUG] รอบตรวจ: แท่งล่าสุด 2026-09-09 23:30:00 close 4400.12 spread 43.0 (ประมวลผลแล้ว)
2026-09-10 04:40:26 [DEBUG] รอบตรวจ: แท่งล่าสุด 2026-09-09 23:30:00 close 4400.12 spread 43.0 (ประมวลผลแล้ว)
2026-09-10 04:40:56 [DEBUG] รอบตรวจ: แท่งล่าสุด 2026-09-09 23:30:00 close 4400.12 spread 43.0 (ประมวลผลแล้ว)
2026-09-10 04:41:26 [DEBUG] รอบตรวจ: แท่งล่าสุด 2026-09-09 23:30:00 close 4400.12 spread 43.0 (ประมวลผลแล้ว)
2026-09-10 04:41:56 [DEBUG] รอบตรวจ: แท่งล่าสุด 2026-09-09 23:30:00 close 4400.12 spread 43.0 (ประมวลผลแล้ว)
2026-09-10 04:42:26 [DEBUG] รอบตรวจ: แท่งล่าสุด 2026-09-09 23:30:00 close 4400.12 spread 43.0 (ประมวลผลแล้ว)
2026-09-10 04:42:56 [DEBUG] รอบตรวจ: แท่งล่าสุด 2026-09-09 23:30:00 close 4400.12 spread 43.0 (ประมวลผลแล้ว)
2026-09-10 04:43:26 [DEBUG] รอบตรวจ: แท่งล่าสุด 2026-09-09 23:30:00 close 4400.12 spread 43.0 (ประมวลผลแล้ว)
2026-09-10 04:43:56 [DEBUG] รอบตรวจ: แท่งล่าสุด 2026-09-09 23:30:00 close 4400.12 spread 43.0 (ประมวลผลแล้ว)
2026-09-10 04:44:26 [DEBUG] รอบตรวจ: แท่งล่าสุด 2026-09-09 23:30:00 close 4400.12 spread 43.0 (ประมวลผลแล้ว)
2026-09-10 04:44:56 [DEBUG] รอบตรวจ: แท่งล่าสุด 2026-09-09 23:30:00 close 4400.12 spread 43.0 (ประมวลผลแล้ว)
2026-09-10 04:45:26 [DEBUG] รอบตรวจ: แท่งล่าสุด 2026-09-09 23:30:00 close 4400.12 spread 43.0 (ประมวลผลแล้ว)
2026-09-10 04:45:56 [DEBUG] รอบตรวจ: แท่งล่าสุด 2026-09-09 23:30:00 close 4400.12 spread 43.0 (ประมวลผลแล้ว)
2026-09-10 04:46:26 [DEBUG] รอบตรวจ: แท่งล่าสุด 2026-09-09 23:30:00 close 4400.12 spread 43.0 (ประมวลผลแล้ว)
2026-09-10 04:46:56 [DEBUG] รอบตรวจ: แท่งล่าสุด 2026-09-09 23:30:00 close 4400.12 spread 43.0 (ประมวลผลแล้ว)
2026-09-10 04:47:26 [DEBUG] รอบตรวจ: แท่งล่าสุด 2026-09-09 23:30:00 close 4400.12 spread 43.0 (ประมวลผลแล้ว)
2026-09-10 04:47:56 [DEBUG] รอบตรวจ: แท่งล่าสุด 2026-09-09 23:30:00 close 4400.12 spread 43.0 (ประมวลผลแล้ว)
2026-09-10 04:48:26 [DEBUG] รอบตรวจ: แท่งล่าสุด 2026-09-09 23:30:00 close 4400.12 spread 43.0 (ประมวลผลแล้ว)
2026-09-10 04:48:56 [DEBUG] รอบตรวจ: แท่งล่าสุด 2026-09-09 23:30:00 close 4400.12 spread 43.0 (ประมวลผลแล้ว)
2026-09-10 04:49:26 [DEBUG] รอบตรวจ: แท่งล่าสุด 2026-09-09 23:30:00 close 4400.12 spread 43.0 (ประมวลผลแล้ว)
2026-09-10 04:49:56 [DEBUG] รอบตรวจ: แท่งล่าสุด 2026-09-09 23:30:00 close 4400.12 spread 43.0 (ประมวลผลแล้ว)
2026-09-10 04:50:26 [DEBUG] รอบตรวจ: แท่งล่าสุด 2026-09-09 23:30:00 close 4400.12 spread 43.0 (ประมวลผลแล้ว)
2026-09-10 04:50:56 [DEBUG] รอบตรวจ: แท่งล่าสุด 2026-09-09 23:30:00 close 4400.12 spread 43.0 (ประมวลผลแล้ว)
2026-09-10 04:51:26 [DEBUG] รอบตรวจ: แท่งล่าสุด 2026-09-09 23:30:00 close 4400.12 spread 43.0 (ประมวลผลแล้ว)
2026-09-10 04:51:56 [DEBUG] รอบตรวจ: แท่งล่าสุด 2026-09-09 23:30:00 close 4400.12 spread 43.0 (ประมวลผลแล้ว)
2026-09-10 04:52:26 [DEBUG] รอบตรวจ: แท่งล่าสุด 2026-09-09 23:30:00 close 4400.12 spread 43.0 (ประมวลผลแล้ว)
2026-09-10 04:52:56 [DEBUG] รอบตรวจ: แท่งล่าสุด 2026-09-09 23:30:00 close 4400.12 spread 43.0 (ประมวลผลแล้ว)
2026-09-10 04:53:26 [DEBUG] รอบตรวจ: แท่งล่าสุด 2026-09-09 23:30:00 close 4400.12 spread 43.0 (ประมวลผลแล้ว)
2026-09-10 04:53:56 [DEBUG] รอบตรวจ: แท่งล่าสุด 2026-09-09 23:30:00 close 4400.12 spread 43.0 (ประมวลผลแล้ว)
2026-09-10 04:54:26 [DEBUG] รอบตรวจ: แท่งล่าสุด 2026-09-09 23:30:00 close 4400.12 spread 43.0 (ประมวลผลแล้ว)
2026-09-10 04:54:56 [DEBUG] รอบตรวจ: แท่งล่าสุด 2026-09-09 23:30:00 close 4400.12 spread 43.0 (ประมวลผลแล้ว)
2026-09-10 04:55:26 [DEBUG] รอบตรวจ: แท่งล่าสุด 2026-09-09 23:30:00 close 4400.12 spread 43.0 (ประมวลผลแล้ว)
2026-09-10 04:55:56 [DEBUG] รอบตรวจ: แท่งล่าสุด 2026-09-09 23:30:00 close 4400.12 spread 43.0 (ประมวลผลแล้ว)
2026-09-10 04:56:26 [DEBUG] รอบตรวจ: แท่งล่าสุด 2026-09-09 23:30:00 close 4400.12 spread 43.0 (ประมวลผลแล้ว)
2026-09-10 04:56:56 [DEBUG] รอบตรวจ: แท่งล่าสุด 2026-09-09 23:30:00 close 4400.12 spread 43.0 (ประมวลผลแล้ว)
2026-09-10 04:57:26 [DEBUG] รอบตรวจ: แท่งล่าสุด 2026-09-09 23:30:00 close 4400.12 spread 43.0 (ประมวลผลแล้ว)
2026-09-10 04:57:56 [DEBUG] รอบตรวจ: แท่งล่าสุด 2026-09-09 23:30:00 close 4400.12 spread 43.0 (ประมวลผลแล้ว)
2026-09-10 04:58:26 [DEBUG] รอบตรวจ: แท่งล่าสุด 2026-09-09 23:30:00 close 4400.12 spread 43.0 (ประมวลผลแล้ว)
2026-09-10 04:58:56 [DEBUG] รอบตรวจ: แท่งล่าสุด 2026-09-09 23:30:00 close 4400.12 spread 43.0 (ประมวลผลแล้ว)
2026-09-10 04:59:26 [DEBUG] รอบตรวจ: แท่งล่าสุด 2026-09-09 23:30:00 close 4400.12 spread 43.0 (ประมวลผลแล้ว)
2026-09-10 04:59:56 [DEBUG] รอบตรวจ: แท่งล่าสุด 2026-09-09 23:30:00 close 4400.12 spread 43.0 (ประมวลผลแล้ว)
2026-09-10 05:00:26 [DEBUG] รอบตรวจ: แท่งล่าสุด 2026-09-09 23:30:00 close 4400.12 spread 43.0 (ประมวลผลแล้ว)
2026-09-10 05:00:56 [DEBUG] รอบตรวจ: แท่งล่าสุด 2026-09-09 23:30:00 close 4400.12 spread 43.0 (ประมวลผลแล้ว)
2026-09-10 05:01:26 [DEBUG] รอบตรวจ: แท่งล่าสุด 2026-09-09 23:30:00 close 4400.12 spread 43.0 (ประมวลผลแล้ว)
2026-09-10 05:01:56 [DEBUG] รอบตรวจ: แท่งล่าสุด 2026-09-09 23:30:00 close 4400.12 spread 43.0 (ประมวลผลแล้ว)
2026-09-10 05:02:26 [DEBUG] รอบตรวจ: แท่งล่าสุด 2026-09-09 23:30:00 close 4400.12 spread 43.0 (ประมวลผลแล้ว)
2026-09-10 05:02:56 [DEBUG] รอบตรวจ: แท่งล่าสุด 2026-09-09 23:30:00 close 4400.12 spread 43.0 (ประมวลผลแล้ว)
2026-09-10 05:03:27 [DEBUG] รอบตรวจ: แท่งล่าสุด 2026-09-09 23:30:00 close 4400.12 spread 43.0 (ประมวลผลแล้ว)
2026-09-10 05:03:57 [DEBUG] รอบตรวจ: แท่งล่าสุด 2026-09-09 23:30:00 close 4400.12 spread 43.0 (ประมวลผลแล้ว)
2026-09-10 05:04:27 [DEBUG] รอบตรวจ: แท่งล่าสุด 2026-09-09 23:30:00 close 4400.12 spread 43.0 (ประมวลผลแล้ว)
2026-09-10 05:04:57 [DEBUG] รอบตรวจ: แท่งล่าสุด 2026-09-09 23:30:00 close 4400.12 spread 43.0 (ประมวลผลแล้ว)
2026-09-10 05:05:27 [DEBUG] รอบตรวจ: แท่งล่าสุด 2026-09-09 23:45:00 close 4400.08 spread 45.0 (แท่งใหม่)
2026-09-10 05:05:27 [INFO] แท่งปิด 2026-09-09 23:45:00 | Close 4400.08 | H1 DOWNTREND | M5 DOWNTREND | RSI 45.7 | ADX 17.1 | ATR 7.36 | Spread 45.0
2026-09-10 05:05:27 [INFO] คำตัดสิน: HOLD — ยังไม่มีสัญญาณตัดกัน
2026-09-10 05:05:27 [DEBUG]   [ไม่ผ่าน] สัญญาณตัดกัน M15: MA20/MA50 ให้ HOLD
2026-09-10 05:05:27 [DEBUG] Starting new HTTPS connection (1): api.telegram.org:443
2026-09-10 05:05:28 [DEBUG] https://api.telegram.org:443 "POST /bot8624918359:AAGleKax3bKKXX_pdgTMX49IIYtUJVqWf48/sendMessage HTTP/1.1" 200 1398
2026-09-10 05:05:58 [DEBUG] รอบตรวจ: แท่งล่าสุด 2026-09-09 23:45:00 close 4400.08 spread 45.0 (ประมวลผลแล้ว)
2026-09-10 05:06:28 [DEBUG] รอบตรวจ: แท่งล่าสุด 2026-09-09 23:45:00 close 4400.08 spread 45.0 (ประมวลผลแล้ว)
2026-09-10 05:06:58 [DEBUG] รอบตรวจ: แท่งล่าสุด 2026-09-09 23:45:00 close 4400.08 spread 45.0 (ประมวลผลแล้ว)
2026-09-10 05:07:28 [DEBUG] รอบตรวจ: แท่งล่าสุด 2026-09-09 23:45:00 close 4400.08 spread 45.0 (ประมวลผลแล้ว)
2026-09-10 05:07:58 [DEBUG] รอบตรวจ: แท่งล่าสุด 2026-09-09 23:45:00 close 4400.08 spread 45.0 (ประมวลผลแล้ว)
2026-09-10 05:08:28 [DEBUG] รอบตรวจ: แท่งล่าสุด 2026-09-09 23:45:00 close 4400.08 spread 45.0 (ประมวลผลแล้ว)
2026-09-10 05:08:58 [DEBUG] รอบตรวจ: แท่งล่าสุด 2026-09-09 23:45:00 close 4400.08 spread 45.0 (ประมวลผลแล้ว)
2026-09-10 05:09:28 [DEBUG] รอบตรวจ: แท่งล่าสุด 2026-09-09 23:45:00 close 4400.08 spread 35.0 (ประมวลผลแล้ว)
2026-09-10 05:09:58 [DEBUG] รอบตรวจ: แท่งล่าสุด 2026-09-09 23:45:00 close 4400.08 spread 45.0 (ประมวลผลแล้ว)
2026-09-10 05:10:28 [DEBUG] รอบตรวจ: แท่งล่าสุด 2026-09-09 23:45:00 close 4400.08 spread 45.0 (ประมวลผลแล้ว)
2026-09-10 05:10:58 [DEBUG] รอบตรวจ: แท่งล่าสุด 2026-09-09 23:45:00 close 4400.08 spread 45.0 (ประมวลผลแล้ว)
2026-09-10 05:11:28 [DEBUG] รอบตรวจ: แท่งล่าสุด 2026-09-09 23:45:00 close 4400.08 spread 45.0 (ประมวลผลแล้ว)
2026-09-10 05:11:58 [DEBUG] รอบตรวจ: แท่งล่าสุด 2026-09-09 23:45:00 close 4400.08 spread 45.0 (ประมวลผลแล้ว)
2026-09-10 05:12:28 [DEBUG] รอบตรวจ: แท่งล่าสุด 2026-09-09 23:45:00 close 4400.08 spread 45.0 (ประมวลผลแล้ว)
2026-09-10 05:12:58 [DEBUG] รอบตรวจ: แท่งล่าสุด 2026-09-09 23:45:00 close 4400.08 spread 28.0 (ประมวลผลแล้ว)
2026-09-10 05:13:28 [DEBUG] รอบตรวจ: แท่งล่าสุด 2026-09-09 23:45:00 close 4400.08 spread 45.0 (ประมวลผลแล้ว)
2026-09-10 05:13:58 [DEBUG] รอบตรวจ: แท่งล่าสุด 2026-09-09 23:45:00 close 4400.08 spread 45.0 (ประมวลผลแล้ว)
2026-09-10 05:14:28 [DEBUG] รอบตรวจ: แท่งล่าสุด 2026-09-09 23:45:00 close 4400.08 spread 45.0 (ประมวลผลแล้ว)
2026-09-10 05:14:58 [DEBUG] รอบตรวจ: แท่งล่าสุด 2026-09-09 23:45:00 close 4400.08 spread 45.0 (ประมวลผลแล้ว)
2026-09-10 05:15:28 [DEBUG] รอบตรวจ: แท่งล่าสุด 2026-09-10 01:00:00 close 4402.89 spread 45.0 (แท่งใหม่)
2026-09-10 05:15:28 [INFO] แท่งปิด 2026-09-10 01:00:00 | Close 4402.89 | H1 DOWNTREND | M5 DOWNTREND | RSI 48.7 | ADX 16.1 | ATR 7.26 | Spread 45.0
2026-09-10 05:15:28 [INFO] คำตัดสิน: HOLD — ยังไม่มีสัญญาณตัดกัน
2026-09-10 05:15:28 [DEBUG]   [ไม่ผ่าน] สัญญาณตัดกัน M15: MA20/MA50 ให้ HOLD
2026-09-10 05:15:28 [DEBUG] Starting new HTTPS connection (1): api.telegram.org:443
2026-09-10 05:15:29 [DEBUG] https://api.telegram.org:443 "POST /bot8624918359:AAGleKax3bKKXX_pdgTMX49IIYtUJVqWf48/sendMessage HTTP/1.1" 200 1398
2026-09-10 05:15:59 [DEBUG] รอบตรวจ: แท่งล่าสุด 2026-09-10 01:00:00 close 4402.89 spread 45.0 (ประมวลผลแล้ว)
2026-09-10 05:16:29 [DEBUG] รอบตรวจ: แท่งล่าสุด 2026-09-10 01:00:00 close 4402.89 spread 45.0 (ประมวลผลแล้ว)
2026-09-10 05:16:59 [DEBUG] รอบตรวจ: แท่งล่าสุด 2026-09-10 01:00:00 close 4402.89 spread 45.0 (ประมวลผลแล้ว)
2026-09-10 05:17:29 [DEBUG] รอบตรวจ: แท่งล่าสุด 2026-09-10 01:00:00 close 4402.89 spread 45.0 (ประมวลผลแล้ว)
2026-09-10 05:17:59 [DEBUG] รอบตรวจ: แท่งล่าสุด 2026-09-10 01:00:00 close 4402.89 spread 45.0 (ประมวลผลแล้ว)
2026-09-10 05:18:29 [DEBUG] รอบตรวจ: แท่งล่าสุด 2026-09-10 01:00:00 close 4402.89 spread 45.0 (ประมวลผลแล้ว)
2026-09-10 05:18:59 [DEBUG] รอบตรวจ: แท่งล่าสุด 2026-09-10 01:00:00 close 4402.89 spread 45.0 (ประมวลผลแล้ว)
2026-09-10 05:19:29 [DEBUG] รอบตรวจ: แท่งล่าสุด 2026-09-10 01:00:00 close 4402.89 spread 45.0 (ประมวลผลแล้ว)
2026-09-10 05:19:59 [DEBUG] รอบตรวจ: แท่งล่าสุด 2026-09-10 01:00:00 close 4402.89 spread 45.0 (ประมวลผลแล้ว)
2026-09-10 05:20:29 [DEBUG] รอบตรวจ: แท่งล่าสุด 2026-09-10 01:00:00 close 4402.89 spread 45.0 (ประมวลผลแล้ว)
2026-09-10 05:20:59 [DEBUG] รอบตรวจ: แท่งล่าสุด 2026-09-10 01:00:00 close 4402.89 spread 45.0 (ประมวลผลแล้ว)
2026-09-10 05:21:29 [DEBUG] รอบตรวจ: แท่งล่าสุด 2026-09-10 01:00:00 close 4402.89 spread 45.0 (ประมวลผลแล้ว)
2026-09-10 05:21:59 [DEBUG] รอบตรวจ: แท่งล่าสุด 2026-09-10 01:00:00 close 4402.89 spread 45.0 (ประมวลผลแล้ว)
2026-09-10 05:22:29 [DEBUG] รอบตรวจ: แท่งล่าสุด 2026-09-10 01:00:00 close 4402.89 spread 45.0 (ประมวลผลแล้ว)
2026-09-10 05:22:59 [DEBUG] รอบตรวจ: แท่งล่าสุด 2026-09-10 01:00:00 close 4402.89 spread 45.0 (ประมวลผลแล้ว)
2026-09-10 05:23:29 [DEBUG] รอบตรวจ: แท่งล่าสุด 2026-09-10 01:00:00 close 4402.89 spread 45.0 (ประมวลผลแล้ว)
2026-09-10 05:23:59 [DEBUG] รอบตรวจ: แท่งล่าสุด 2026-09-10 01:00:00 close 4402.89 spread 45.0 (ประมวลผลแล้ว)
2026-09-10 05:24:29 [DEBUG] รอบตรวจ: แท่งล่าสุด 2026-09-10 01:00:00 close 4402.89 spread 45.0 (ประมวลผลแล้ว)
2026-09-10 05:25:00 [DEBUG] รอบตรวจ: แท่งล่าสุด 2026-09-10 01:00:00 close 4402.89 spread 45.0 (ประมวลผลแล้ว)
2026-09-10 05:25:30 [DEBUG] รอบตรวจ: แท่งล่าสุด 2026-09-10 01:00:00 close 4402.89 spread 45.0 (ประมวลผลแล้ว)
2026-09-10 05:26:00 [DEBUG] รอบตรวจ: แท่งล่าสุด 2026-09-10 01:00:00 close 4402.89 spread 45.0 (ประมวลผลแล้ว)
2026-09-10 05:26:30 [DEBUG] รอบตรวจ: แท่งล่าสุด 2026-09-10 01:00:00 close 4402.89 spread 45.0 (ประมวลผลแล้ว)
2026-09-10 05:27:00 [DEBUG] รอบตรวจ: แท่งล่าสุด 2026-09-10 01:00:00 close 4402.89 spread 45.0 (ประมวลผลแล้ว)
2026-09-10 05:27:30 [DEBUG] รอบตรวจ: แท่งล่าสุด 2026-09-10 01:00:00 close 4402.89 spread 45.0 (ประมวลผลแล้ว)
2026-09-10 05:28:00 [DEBUG] รอบตรวจ: แท่งล่าสุด 2026-09-10 01:00:00 close 4402.89 spread 45.0 (ประมวลผลแล้ว)
2026-09-10 05:28:30 [DEBUG] รอบตรวจ: แท่งล่าสุด 2026-09-10 01:00:00 close 4402.89 spread 45.0 (ประมวลผลแล้ว)
2026-09-10 05:29:00 [DEBUG] รอบตรวจ: แท่งล่าสุด 2026-09-10 01:00:00 close 4402.89 spread 45.0 (ประมวลผลแล้ว)
2026-09-10 05:29:30 [DEBUG] รอบตรวจ: แท่งล่าสุด 2026-09-10 01:00:00 close 4402.89 spread 45.0 (ประมวลผลแล้ว)
2026-09-10 05:30:00 [DEBUG] รอบตรวจ: แท่งล่าสุด 2026-09-10 01:00:00 close 4402.89 spread 45.0 (ประมวลผลแล้ว)
2026-09-10 05:30:30 [DEBUG] รอบตรวจ: แท่งล่าสุด 2026-09-10 01:15:00 close 4402.32 spread 45.0 (แท่งใหม่)
2026-09-10 05:30:30 [INFO] แท่งปิด 2026-09-10 01:15:00 | Close 4402.32 | H1 DOWNTREND | M5 DOWNTREND | RSI 48.1 | ADX 15.6 | ATR 7.03 | Spread 45.0
2026-09-10 05:30:30 [INFO] คำตัดสิน: HOLD — ยังไม่มีสัญญาณตัดกัน
2026-09-10 05:30:30 [DEBUG]   [ไม่ผ่าน] สัญญาณตัดกัน M15: MA20/MA50 ให้ HOLD
2026-09-10 05:30:30 [DEBUG] Starting new HTTPS connection (1): api.telegram.org:443
2026-09-10 05:30:31 [DEBUG] https://api.telegram.org:443 "POST /bot8624918359:AAGleKax3bKKXX_pdgTMX49IIYtUJVqWf48/sendMessage HTTP/1.1" 200 1398
2026-09-10 05:31:01 [DEBUG] รอบตรวจ: แท่งล่าสุด 2026-09-10 01:15:00 close 4402.32 spread 45.0 (ประมวลผลแล้ว)
2026-09-10 05:31:31 [DEBUG] รอบตรวจ: แท่งล่าสุด 2026-09-10 01:15:00 close 4402.32 spread 45.0 (ประมวลผลแล้ว)
2026-09-10 05:32:01 [DEBUG] รอบตรวจ: แท่งล่าสุด 2026-09-10 01:15:00 close 4402.32 spread 45.0 (ประมวลผลแล้ว)
2026-09-10 05:32:31 [DEBUG] รอบตรวจ: แท่งล่าสุด 2026-09-10 01:15:00 close 4402.32 spread 45.0 (ประมวลผลแล้ว)
2026-09-10 05:33:01 [DEBUG] รอบตรวจ: แท่งล่าสุด 2026-09-10 01:15:00 close 4402.32 spread 40.0 (ประมวลผลแล้ว)
2026-09-10 05:33:31 [DEBUG] รอบตรวจ: แท่งล่าสุด 2026-09-10 01:15:00 close 4402.32 spread 45.0 (ประมวลผลแล้ว)
2026-09-10 05:34:01 [DEBUG] รอบตรวจ: แท่งล่าสุด 2026-09-10 01:15:00 close 4402.32 spread 45.0 (ประมวลผลแล้ว)
2026-09-10 05:34:31 [DEBUG] รอบตรวจ: แท่งล่าสุด 2026-09-10 01:15:00 close 4402.32 spread 45.0 (ประมวลผลแล้ว)
2026-09-10 05:35:01 [DEBUG] รอบตรวจ: แท่งล่าสุด 2026-09-10 01:15:00 close 4402.32 spread 45.0 (ประมวลผลแล้ว)
2026-09-10 05:35:31 [DEBUG] รอบตรวจ: แท่งล่าสุด 2026-09-10 01:15:00 close 4402.32 spread 45.0 (ประมวลผลแล้ว)
2026-09-10 05:36:01 [DEBUG] รอบตรวจ: แท่งล่าสุด 2026-09-10 01:15:00 close 4402.32 spread 45.0 (ประมวลผลแล้ว)
2026-09-10 05:36:31 [DEBUG] รอบตรวจ: แท่งล่าสุด 2026-09-10 01:15:00 close 4402.32 spread 45.0 (ประมวลผลแล้ว)
2026-09-10 05:37:01 [DEBUG] รอบตรวจ: แท่งล่าสุด 2026-09-10 01:15:00 close 4402.32 spread 45.0 (ประมวลผลแล้ว)
2026-09-10 05:37:31 [DEBUG] รอบตรวจ: แท่งล่าสุด 2026-09-10 01:15:00 close 4402.32 spread 45.0 (ประมวลผลแล้ว)
2026-09-10 05:38:01 [DEBUG] รอบตรวจ: แท่งล่าสุด 2026-09-10 01:15:00 close 4402.32 spread 45.0 (ประมวลผลแล้ว)
2026-09-10 05:38:31 [DEBUG] รอบตรวจ: แท่งล่าสุด 2026-09-10 01:15:00 close 4402.32 spread 45.0 (ประมวลผลแล้ว)
2026-09-10 05:39:01 [DEBUG] รอบตรวจ: แท่งล่าสุด 2026-09-10 01:15:00 close 4402.32 spread 45.0 (ประมวลผลแล้ว)
2026-09-10 05:39:31 [DEBUG] รอบตรวจ: แท่งล่าสุด 2026-09-10 01:15:00 close 4402.32 spread 45.0 (ประมวลผลแล้ว)
2026-09-10 05:40:01 [DEBUG] รอบตรวจ: แท่งล่าสุด 2026-09-10 01:15:00 close 4402.32 spread 45.0 (ประมวลผลแล้ว)
2026-09-10 05:40:31 [DEBUG] รอบตรวจ: แท่งล่าสุด 2026-09-10 01:15:00 close 4402.32 spread 45.0 (ประมวลผลแล้ว)
2026-09-10 05:41:01 [DEBUG] รอบตรวจ: แท่งล่าสุด 2026-09-10 01:15:00 close 4402.32 spread 45.0 (ประมวลผลแล้ว)
2026-09-10 05:41:31 [DEBUG] รอบตรวจ: แท่งล่าสุด 2026-09-10 01:15:00 close 4402.32 spread 45.0 (ประมวลผลแล้ว)
2026-09-10 05:42:01 [DEBUG] รอบตรวจ: แท่งล่าสุด 2026-09-10 01:15:00 close 4402.32 spread 45.0 (ประมวลผลแล้ว)
2026-09-10 05:42:31 [DEBUG] รอบตรวจ: แท่งล่าสุด 2026-09-10 01:15:00 close 4402.32 spread 45.0 (ประมวลผลแล้ว)
2026-09-10 05:43:01 [DEBUG] รอบตรวจ: แท่งล่าสุด 2026-09-10 01:15:00 close 4402.32 spread 45.0 (ประมวลผลแล้ว)
2026-09-10 05:43:31 [DEBUG] รอบตรวจ: แท่งล่าสุด 2026-09-10 01:15:00 close 4402.32 spread 45.0 (ประมวลผลแล้ว)
2026-09-10 05:44:01 [DEBUG] รอบตรวจ: แท่งล่าสุด 2026-09-10 01:15:00 close 4402.32 spread 45.0 (ประมวลผลแล้ว)
2026-09-10 05:44:31 [DEBUG] รอบตรวจ: แท่งล่าสุด 2026-09-10 01:15:00 close 4402.32 spread 45.0 (ประมวลผลแล้ว)
2026-09-10 05:45:01 [DEBUG] รอบตรวจ: แท่งล่าสุด 2026-09-10 01:15:00 close 4402.32 spread 45.0 (ประมวลผลแล้ว)
2026-09-10 05:45:31 [DEBUG] รอบตรวจ: แท่งล่าสุด 2026-09-10 01:30:00 close 4401.36 spread 45.0 (แท่งใหม่)
2026-09-10 05:45:31 [INFO] แท่งปิด 2026-09-10 01:30:00 | Close 4401.36 | H1 DOWNTREND | M5 DOWNTREND | RSI 47.1 | ADX 15.2 | ATR 6.80 | Spread 45.0
2026-09-10 05:45:31 [INFO] คำตัดสิน: HOLD — ยังไม่มีสัญญาณตัดกัน
2026-09-10 05:45:31 [DEBUG]   [ไม่ผ่าน] สัญญาณตัดกัน M15: MA20/MA50 ให้ HOLD
2026-09-10 05:45:31 [DEBUG] Starting new HTTPS connection (1): api.telegram.org:443
2026-09-10 05:45:32 [DEBUG] https://api.telegram.org:443 "POST /bot8624918359:AAGleKax3bKKXX_pdgTMX49IIYtUJVqWf48/sendMessage HTTP/1.1" 200 1398
2026-09-10 05:46:02 [DEBUG] รอบตรวจ: แท่งล่าสุด 2026-09-10 01:30:00 close 4401.36 spread 45.0 (ประมวลผลแล้ว)
2026-09-10 05:46:32 [DEBUG] รอบตรวจ: แท่งล่าสุด 2026-09-10 01:30:00 close 4401.36 spread 45.0 (ประมวลผลแล้ว)
2026-09-10 05:47:02 [DEBUG] รอบตรวจ: แท่งล่าสุด 2026-09-10 01:30:00 close 4401.36 spread 45.0 (ประมวลผลแล้ว)
2026-09-10 05:47:32 [DEBUG] รอบตรวจ: แท่งล่าสุด 2026-09-10 01:30:00 close 4401.36 spread 45.0 (ประมวลผลแล้ว)
2026-09-10 05:48:02 [DEBUG] รอบตรวจ: แท่งล่าสุด 2026-09-10 01:30:00 close 4401.36 spread 45.0 (ประมวลผลแล้ว)
2026-09-10 05:48:32 [DEBUG] รอบตรวจ: แท่งล่าสุด 2026-09-10 01:30:00 close 4401.36 spread 45.0 (ประมวลผลแล้ว)
2026-09-10 05:49:02 [DEBUG] รอบตรวจ: แท่งล่าสุด 2026-09-10 01:30:00 close 4401.36 spread 45.0 (ประมวลผลแล้ว)
2026-09-10 05:49:32 [DEBUG] รอบตรวจ: แท่งล่าสุด 2026-09-10 01:30:00 close 4401.36 spread 45.0 (ประมวลผลแล้ว)
2026-09-10 05:50:02 [DEBUG] รอบตรวจ: แท่งล่าสุด 2026-09-10 01:30:00 close 4401.36 spread 45.0 (ประมวลผลแล้ว)
2026-09-10 05:50:32 [DEBUG] รอบตรวจ: แท่งล่าสุด 2026-09-10 01:30:00 close 4401.36 spread 45.0 (ประมวลผลแล้ว)
2026-09-10 05:51:03 [DEBUG] รอบตรวจ: แท่งล่าสุด 2026-09-10 01:30:00 close 4401.36 spread 45.0 (ประมวลผลแล้ว)
2026-09-10 05:51:33 [DEBUG] รอบตรวจ: แท่งล่าสุด 2026-09-10 01:30:00 close 4401.36 spread 45.0 (ประมวลผลแล้ว)
2026-09-10 05:52:03 [DEBUG] รอบตรวจ: แท่งล่าสุด 2026-09-10 01:30:00 close 4401.36 spread 28.0 (ประมวลผลแล้ว)
2026-09-10 05:52:33 [DEBUG] รอบตรวจ: แท่งล่าสุด 2026-09-10 01:30:00 close 4401.36 spread 45.0 (ประมวลผลแล้ว)
2026-09-10 05:53:03 [DEBUG] รอบตรวจ: แท่งล่าสุด 2026-09-10 01:30:00 close 4401.36 spread 45.0 (ประมวลผลแล้ว)
2026-09-10 05:53:33 [DEBUG] รอบตรวจ: แท่งล่าสุด 2026-09-10 01:30:00 close 4401.36 spread 45.0 (ประมวลผลแล้ว)
2026-09-10 05:54:03 [DEBUG] รอบตรวจ: แท่งล่าสุด 2026-09-10 01:30:00 close 4401.36 spread 45.0 (ประมวลผลแล้ว)
2026-09-10 05:54:33 [DEBUG] รอบตรวจ: แท่งล่าสุด 2026-09-10 01:30:00 close 4401.36 spread 45.0 (ประมวลผลแล้ว)
2026-09-10 05:55:03 [DEBUG] รอบตรวจ: แท่งล่าสุด 2026-09-10 01:30:00 close 4401.36 spread 45.0 (ประมวลผลแล้ว)
2026-09-10 05:55:33 [DEBUG] รอบตรวจ: แท่งล่าสุด 2026-09-10 01:30:00 close 4401.36 spread 45.0 (ประมวลผลแล้ว)
2026-09-10 05:56:03 [DEBUG] รอบตรวจ: แท่งล่าสุด 2026-09-10 01:30:00 close 4401.36 spread 45.0 (ประมวลผลแล้ว)
2026-09-10 05:56:33 [DEBUG] รอบตรวจ: แท่งล่าสุด 2026-09-10 01:30:00 close 4401.36 spread 45.0 (ประมวลผลแล้ว)
2026-09-10 05:57:03 [DEBUG] รอบตรวจ: แท่งล่าสุด 2026-09-10 01:30:00 close 4401.36 spread 45.0 (ประมวลผลแล้ว)
2026-09-10 05:57:33 [DEBUG] รอบตรวจ: แท่งล่าสุด 2026-09-10 01:30:00 close 4401.36 spread 45.0 (ประมวลผลแล้ว)
2026-09-10 05:58:03 [DEBUG] รอบตรวจ: แท่งล่าสุด 2026-09-10 01:30:00 close 4401.36 spread 45.0 (ประมวลผลแล้ว)
2026-09-10 05:58:33 [DEBUG] รอบตรวจ: แท่งล่าสุด 2026-09-10 01:30:00 close 4401.36 spread 45.0 (ประมวลผลแล้ว)
2026-09-10 05:59:03 [DEBUG] รอบตรวจ: แท่งล่าสุด 2026-09-10 01:30:00 close 4401.36 spread 45.0 (ประมวลผลแล้ว)
2026-09-10 05:59:33 [DEBUG] รอบตรวจ: แท่งล่าสุด 2026-09-10 01:30:00 close 4401.36 spread 45.0 (ประมวลผลแล้ว)
2026-09-10 06:00:03 [DEBUG] รอบตรวจ: แท่งล่าสุด 2026-09-10 01:45:00 close 4399.55 spread 45.0 (แท่งใหม่)
2026-09-10 06:00:03 [INFO] แท่งปิด 2026-09-10 01:45:00 | Close 4399.55 | H1 UPTREND | M5 DOWNTREND | RSI 45.1 | ADX 15.0 | ATR 6.60 | Spread 45.0
2026-09-10 06:00:03 [INFO] คำตัดสิน: HOLD — ยังไม่มีสัญญาณตัดกัน
2026-09-10 06:00:03 [DEBUG]   [ไม่ผ่าน] สัญญาณตัดกัน M15: MA20/MA50 ให้ HOLD
2026-09-10 06:00:03 [DEBUG] Starting new HTTPS connection (1): api.telegram.org:443
2026-09-10 06:00:04 [DEBUG] https://api.telegram.org:443 "POST /bot8624918359:AAGleKax3bKKXX_pdgTMX49IIYtUJVqWf48/sendMessage HTTP/1.1" 200 1395
2026-09-10 06:00:34 [DEBUG] รอบตรวจ: แท่งล่าสุด 2026-09-10 01:45:00 close 4399.55 spread 45.0 (ประมวลผลแล้ว)
2026-09-10 06:01:04 [DEBUG] รอบตรวจ: แท่งล่าสุด 2026-09-10 01:45:00 close 4399.55 spread 45.0 (ประมวลผลแล้ว)
2026-09-10 06:01:34 [DEBUG] รอบตรวจ: แท่งล่าสุด 2026-09-10 01:45:00 close 4399.55 spread 45.0 (ประมวลผลแล้ว)
2026-09-10 06:02:04 [DEBUG] รอบตรวจ: แท่งล่าสุด 2026-09-10 01:45:00 close 4399.55 spread 45.0 (ประมวลผลแล้ว)
2026-09-10 06:02:34 [DEBUG] รอบตรวจ: แท่งล่าสุด 2026-09-10 01:45:00 close 4399.55 spread 45.0 (ประมวลผลแล้ว)
2026-09-10 06:03:04 [DEBUG] รอบตรวจ: แท่งล่าสุด 2026-09-10 01:45:00 close 4399.55 spread 45.0 (ประมวลผลแล้ว)
2026-09-10 06:03:34 [DEBUG] รอบตรวจ: แท่งล่าสุด 2026-09-10 01:45:00 close 4399.55 spread 45.0 (ประมวลผลแล้ว)
2026-09-10 06:04:04 [DEBUG] รอบตรวจ: แท่งล่าสุด 2026-09-10 01:45:00 close 4399.55 spread 45.0 (ประมวลผลแล้ว)
2026-09-10 06:04:34 [DEBUG] รอบตรวจ: แท่งล่าสุด 2026-09-10 01:45:00 close 4399.55 spread 45.0 (ประมวลผลแล้ว)
2026-09-10 06:05:04 [DEBUG] รอบตรวจ: แท่งล่าสุด 2026-09-10 01:45:00 close 4399.55 spread 45.0 (ประมวลผลแล้ว)
2026-09-10 06:05:34 [DEBUG] รอบตรวจ: แท่งล่าสุด 2026-09-10 01:45:00 close 4399.55 spread 45.0 (ประมวลผลแล้ว)
2026-09-10 06:06:04 [DEBUG] รอบตรวจ: แท่งล่าสุด 2026-09-10 01:45:00 close 4399.55 spread 45.0 (ประมวลผลแล้ว)
2026-09-10 06:06:34 [DEBUG] รอบตรวจ: แท่งล่าสุด 2026-09-10 01:45:00 close 4399.55 spread 45.0 (ประมวลผลแล้ว)
2026-09-10 06:07:04 [DEBUG] รอบตรวจ: แท่งล่าสุด 2026-09-10 01:45:00 close 4399.55 spread 45.0 (ประมวลผลแล้ว)
2026-09-10 06:07:34 [DEBUG] รอบตรวจ: แท่งล่าสุด 2026-09-10 01:45:00 close 4399.55 spread 45.0 (ประมวลผลแล้ว)
2026-09-10 06:08:04 [DEBUG] รอบตรวจ: แท่งล่าสุด 2026-09-10 01:45:00 close 4399.55 spread 45.0 (ประมวลผลแล้ว)
2026-09-10 06:08:34 [DEBUG] รอบตรวจ: แท่งล่าสุด 2026-09-10 01:45:00 close 4399.55 spread 45.0 (ประมวลผลแล้ว)
2026-09-10 06:09:04 [DEBUG] รอบตรวจ: แท่งล่าสุด 2026-09-10 01:45:00 close 4399.55 spread 45.0 (ประมวลผลแล้ว)
2026-09-10 06:09:34 [DEBUG] รอบตรวจ: แท่งล่าสุด 2026-09-10 01:45:00 close 4399.55 spread 45.0 (ประมวลผลแล้ว)
2026-09-10 06:10:04 [DEBUG] รอบตรวจ: แท่งล่าสุด 2026-09-10 01:45:00 close 4399.55 spread 45.0 (ประมวลผลแล้ว)
2026-09-10 06:10:34 [DEBUG] รอบตรวจ: แท่งล่าสุด 2026-09-10 01:45:00 close 4399.55 spread 45.0 (ประมวลผลแล้ว)
2026-09-10 06:11:04 [DEBUG] รอบตรวจ: แท่งล่าสุด 2026-09-10 01:45:00 close 4399.55 spread 45.0 (ประมวลผลแล้ว)
2026-09-10 06:11:34 [DEBUG] รอบตรวจ: แท่งล่าสุด 2026-09-10 01:45:00 close 4399.55 spread 45.0 (ประมวลผลแล้ว)
2026-09-10 06:12:04 [DEBUG] รอบตรวจ: แท่งล่าสุด 2026-09-10 01:45:00 close 4399.55 spread 45.0 (ประมวลผลแล้ว)
2026-09-10 06:12:34 [DEBUG] รอบตรวจ: แท่งล่าสุด 2026-09-10 01:45:00 close 4399.55 spread 45.0 (ประมวลผลแล้ว)
2026-09-10 06:13:04 [DEBUG] รอบตรวจ: แท่งล่าสุด 2026-09-10 01:45:00 close 4399.55 spread 45.0 (ประมวลผลแล้ว)
2026-09-10 06:13:34 [DEBUG] รอบตรวจ: แท่งล่าสุด 2026-09-10 01:45:00 close 4399.55 spread 45.0 (ประมวลผลแล้ว)
2026-09-10 06:14:04 [DEBUG] รอบตรวจ: แท่งล่าสุด 2026-09-10 01:45:00 close 4399.55 spread 45.0 (ประมวลผลแล้ว)
2026-09-10 06:14:35 [DEBUG] รอบตรวจ: แท่งล่าสุด 2026-09-10 01:45:00 close 4399.55 spread 45.0 (ประมวลผลแล้ว)
2026-09-10 06:15:05 [DEBUG] รอบตรวจ: แท่งล่าสุด 2026-09-10 02:00:00 close 4400.61 spread 39.0 (แท่งใหม่)
2026-09-10 06:15:05 [INFO] แท่งปิด 2026-09-10 02:00:00 | Close 4400.61 | H1 UPTREND | M5 DOWNTREND | RSI 46.5 | ADX 14.7 | ATR 6.45 | Spread 39.0
2026-09-10 06:15:05 [INFO] คำตัดสิน: SELL แต่ไม่เข้า — ติด: เทรนด์ H1, ความแรงเทรนด์ ADX
2026-09-10 06:15:05 [DEBUG]   [ผ่าน] สัญญาณตัดกัน M15: MA20/MA50 ให้ SELL
2026-09-10 06:15:05 [DEBUG]   [ไม่ผ่าน] เทรนด์ H1: H1 = UPTREND, ต้องการ DOWNTREND
2026-09-10 06:15:05 [DEBUG]   [ไม่ผ่าน] ความแรงเทรนด์ ADX: ADX = 14.7, ต้อง >= 20
2026-09-10 06:15:05 [DEBUG]   [ผ่าน] RSI ไม่ยืดเกิน: RSI = 46.5, SELL ต้อง >= 30
2026-09-10 06:15:05 [DEBUG]   [ผ่าน] M5 ไม่สวนทาง: M5 = DOWNTREND, ห้ามเป็น UPTREND
2026-09-10 06:15:05 [DEBUG]   [ผ่าน] Spread: 39.0 points, ต้อง <= 50
2026-09-10 06:15:05 [DEBUG] Starting new HTTPS connection (1): api.telegram.org:443
2026-09-10 06:15:06 [DEBUG] https://api.telegram.org:443 "POST /bot8624918359:AAGleKax3bKKXX_pdgTMX49IIYtUJVqWf48/sendMessage HTTP/1.1" 200 2589
2026-09-10 06:15:36 [DEBUG] รอบตรวจ: แท่งล่าสุด 2026-09-10 02:00:00 close 4400.61 spread 39.0 (ประมวลผลแล้ว)
2026-09-10 06:16:06 [DEBUG] รอบตรวจ: แท่งล่าสุด 2026-09-10 02:00:00 close 4400.61 spread 39.0 (ประมวลผลแล้ว)
2026-09-10 06:16:36 [DEBUG] รอบตรวจ: แท่งล่าสุด 2026-09-10 02:00:00 close 4400.61 spread 39.0 (ประมวลผลแล้ว)
2026-09-10 06:17:06 [DEBUG] รอบตรวจ: แท่งล่าสุด 2026-09-10 02:00:00 close 4400.61 spread 39.0 (ประมวลผลแล้ว)
2026-09-10 06:17:36 [DEBUG] รอบตรวจ: แท่งล่าสุด 2026-09-10 02:00:00 close 4400.61 spread 39.0 (ประมวลผลแล้ว)
2026-09-10 06:18:06 [DEBUG] รอบตรวจ: แท่งล่าสุด 2026-09-10 02:00:00 close 4400.61 spread 39.0 (ประมวลผลแล้ว)
2026-09-10 06:18:36 [DEBUG] รอบตรวจ: แท่งล่าสุด 2026-09-10 02:00:00 close 4400.61 spread 39.0 (ประมวลผลแล้ว)
2026-09-10 06:19:06 [DEBUG] รอบตรวจ: แท่งล่าสุด 2026-09-10 02:00:00 close 4400.61 spread 39.0 (ประมวลผลแล้ว)
2026-09-10 06:19:36 [DEBUG] รอบตรวจ: แท่งล่าสุด 2026-09-10 02:00:00 close 4400.61 spread 39.0 (ประมวลผลแล้ว)
2026-09-10 06:20:06 [DEBUG] รอบตรวจ: แท่งล่าสุด 2026-09-10 02:00:00 close 4400.61 spread 39.0 (ประมวลผลแล้ว)
2026-09-10 06:20:36 [DEBUG] รอบตรวจ: แท่งล่าสุด 2026-09-10 02:00:00 close 4400.61 spread 39.0 (ประมวลผลแล้ว)
2026-09-10 06:21:06 [DEBUG] รอบตรวจ: แท่งล่าสุด 2026-09-10 02:00:00 close 4400.61 spread 39.0 (ประมวลผลแล้ว)
2026-09-10 06:21:36 [DEBUG] รอบตรวจ: แท่งล่าสุด 2026-09-10 02:00:00 close 4400.61 spread 39.0 (ประมวลผลแล้ว)
2026-09-10 06:22:06 [DEBUG] รอบตรวจ: แท่งล่าสุด 2026-09-10 02:00:00 close 4400.61 spread 39.0 (ประมวลผลแล้ว)
2026-09-10 06:22:36 [DEBUG] รอบตรวจ: แท่งล่าสุด 2026-09-10 02:00:00 close 4400.61 spread 39.0 (ประมวลผลแล้ว)
2026-09-10 06:23:06 [DEBUG] รอบตรวจ: แท่งล่าสุด 2026-09-10 02:00:00 close 4400.61 spread 39.0 (ประมวลผลแล้ว)
2026-09-10 06:23:36 [DEBUG] รอบตรวจ: แท่งล่าสุด 2026-09-10 02:00:00 close 4400.61 spread 39.0 (ประมวลผลแล้ว)
2026-09-10 06:24:06 [DEBUG] รอบตรวจ: แท่งล่าสุด 2026-09-10 02:00:00 close 4400.61 spread 39.0 (ประมวลผลแล้ว)
2026-09-10 06:24:36 [DEBUG] รอบตรวจ: แท่งล่าสุด 2026-09-10 02:00:00 close 4400.61 spread 32.0 (ประมวลผลแล้ว)
2026-09-10 06:25:06 [DEBUG] รอบตรวจ: แท่งล่าสุด 2026-09-10 02:00:00 close 4400.61 spread 39.0 (ประมวลผลแล้ว)
2026-09-10 06:25:36 [DEBUG] รอบตรวจ: แท่งล่าสุด 2026-09-10 02:00:00 close 4400.61 spread 39.0 (ประมวลผลแล้ว)
2026-09-10 06:26:06 [DEBUG] รอบตรวจ: แท่งล่าสุด 2026-09-10 02:00:00 close 4400.61 spread 39.0 (ประมวลผลแล้ว)
2026-09-10 06:26:36 [DEBUG] รอบตรวจ: แท่งล่าสุด 2026-09-10 02:00:00 close 4400.61 spread 39.0 (ประมวลผลแล้ว)
2026-09-10 06:27:06 [DEBUG] รอบตรวจ: แท่งล่าสุด 2026-09-10 02:00:00 close 4400.61 spread 39.0 (ประมวลผลแล้ว)
2026-09-10 06:27:36 [DEBUG] รอบตรวจ: แท่งล่าสุด 2026-09-10 02:00:00 close 4400.61 spread 39.0 (ประมวลผลแล้ว)
2026-09-10 06:28:06 [DEBUG] รอบตรวจ: แท่งล่าสุด 2026-09-10 02:00:00 close 4400.61 spread 39.0 (ประมวลผลแล้ว)
2026-09-10 06:28:36 [DEBUG] รอบตรวจ: แท่งล่าสุด 2026-09-10 02:00:00 close 4400.61 spread 39.0 (ประมวลผลแล้ว)
2026-09-10 06:29:06 [DEBUG] รอบตรวจ: แท่งล่าสุด 2026-09-10 02:00:00 close 4400.61 spread 37.0 (ประมวลผลแล้ว)
2026-09-10 06:29:36 [DEBUG] รอบตรวจ: แท่งล่าสุด 2026-09-10 02:00:00 close 4400.61 spread 39.0 (ประมวลผลแล้ว)
2026-09-10 06:30:06 [DEBUG] รอบตรวจ: แท่งล่าสุด 2026-09-10 02:15:00 close 4397.59 spread 39.0 (แท่งใหม่)
2026-09-10 06:30:06 [INFO] แท่งปิด 2026-09-10 02:15:00 | Close 4397.59 | H1 UPTREND | M5 DOWNTREND | RSI 43.1 | ADX 14.8 | ATR 6.45 | Spread 39.0
2026-09-10 06:30:06 [INFO] คำตัดสิน: HOLD — ยังไม่มีสัญญาณตัดกัน
2026-09-10 06:30:06 [DEBUG]   [ไม่ผ่าน] สัญญาณตัดกัน M15: MA20/MA50 ให้ HOLD
2026-09-10 06:30:06 [DEBUG] Starting new HTTPS connection (1): api.telegram.org:443
2026-09-10 06:30:07 [DEBUG] https://api.telegram.org:443 "POST /bot8624918359:AAGleKax3bKKXX_pdgTMX49IIYtUJVqWf48/sendMessage HTTP/1.1" 200 1395
2026-09-10 06:30:37 [DEBUG] รอบตรวจ: แท่งล่าสุด 2026-09-10 02:15:00 close 4397.59 spread 39.0 (ประมวลผลแล้ว)
2026-09-10 06:31:07 [DEBUG] รอบตรวจ: แท่งล่าสุด 2026-09-10 02:15:00 close 4397.59 spread 39.0 (ประมวลผลแล้ว)
2026-09-10 06:31:37 [DEBUG] รอบตรวจ: แท่งล่าสุด 2026-09-10 02:15:00 close 4397.59 spread 39.0 (ประมวลผลแล้ว)
2026-09-10 06:32:07 [DEBUG] รอบตรวจ: แท่งล่าสุด 2026-09-10 02:15:00 close 4397.59 spread 39.0 (ประมวลผลแล้ว)
2026-09-10 06:32:37 [DEBUG] รอบตรวจ: แท่งล่าสุด 2026-09-10 02:15:00 close 4397.59 spread 38.0 (ประมวลผลแล้ว)
2026-09-10 06:33:07 [DEBUG] รอบตรวจ: แท่งล่าสุด 2026-09-10 02:15:00 close 4397.59 spread 39.0 (ประมวลผลแล้ว)
2026-09-10 06:33:37 [DEBUG] รอบตรวจ: แท่งล่าสุด 2026-09-10 02:15:00 close 4397.59 spread 39.0 (ประมวลผลแล้ว)
2026-09-10 06:34:07 [DEBUG] รอบตรวจ: แท่งล่าสุด 2026-09-10 02:15:00 close 4397.59 spread 39.0 (ประมวลผลแล้ว)
2026-09-10 06:34:37 [DEBUG] รอบตรวจ: แท่งล่าสุด 2026-09-10 02:15:00 close 4397.59 spread 39.0 (ประมวลผลแล้ว)
2026-09-10 06:35:07 [DEBUG] รอบตรวจ: แท่งล่าสุด 2026-09-10 02:15:00 close 4397.59 spread 39.0 (ประมวลผลแล้ว)
2026-09-10 06:35:37 [DEBUG] รอบตรวจ: แท่งล่าสุด 2026-09-10 02:15:00 close 4397.59 spread 39.0 (ประมวลผลแล้ว)
2026-09-10 06:36:07 [DEBUG] รอบตรวจ: แท่งล่าสุด 2026-09-10 02:15:00 close 4397.59 spread 38.0 (ประมวลผลแล้ว)
2026-09-10 06:36:37 [DEBUG] รอบตรวจ: แท่งล่าสุด 2026-09-10 02:15:00 close 4397.59 spread 39.0 (ประมวลผลแล้ว)
2026-09-10 06:37:07 [DEBUG] รอบตรวจ: แท่งล่าสุด 2026-09-10 02:15:00 close 4397.59 spread 39.0 (ประมวลผลแล้ว)
2026-09-10 06:37:37 [DEBUG] รอบตรวจ: แท่งล่าสุด 2026-09-10 02:15:00 close 4397.59 spread 39.0 (ประมวลผลแล้ว)
2026-09-10 06:38:07 [DEBUG] รอบตรวจ: แท่งล่าสุด 2026-09-10 02:15:00 close 4397.59 spread 39.0 (ประมวลผลแล้ว)
2026-09-10 06:38:37 [DEBUG] รอบตรวจ: แท่งล่าสุด 2026-09-10 02:15:00 close 4397.59 spread 39.0 (ประมวลผลแล้ว)
2026-09-10 06:39:07 [DEBUG] รอบตรวจ: แท่งล่าสุด 2026-09-10 02:15:00 close 4397.59 spread 39.0 (ประมวลผลแล้ว)
2026-09-10 06:39:37 [DEBUG] รอบตรวจ: แท่งล่าสุด 2026-09-10 02:15:00 close 4397.59 spread 39.0 (ประมวลผลแล้ว)
2026-09-10 06:40:07 [DEBUG] รอบตรวจ: แท่งล่าสุด 2026-09-10 02:15:00 close 4397.59 spread 37.0 (ประมวลผลแล้ว)
2026-09-10 06:40:37 [DEBUG] รอบตรวจ: แท่งล่าสุด 2026-09-10 02:15:00 close 4397.59 spread 39.0 (ประมวลผลแล้ว)
2026-09-10 06:41:07 [DEBUG] รอบตรวจ: แท่งล่าสุด 2026-09-10 02:15:00 close 4397.59 spread 33.0 (ประมวลผลแล้ว)
2026-09-10 06:41:37 [DEBUG] รอบตรวจ: แท่งล่าสุด 2026-09-10 02:15:00 close 4397.59 spread 39.0 (ประมวลผลแล้ว)
2026-09-10 06:42:07 [DEBUG] รอบตรวจ: แท่งล่าสุด 2026-09-10 02:15:00 close 4397.59 spread 30.0 (ประมวลผลแล้ว)
2026-09-10 06:42:37 [DEBUG] รอบตรวจ: แท่งล่าสุด 2026-09-10 02:15:00 close 4397.59 spread 35.0 (ประมวลผลแล้ว)
2026-09-10 06:43:07 [DEBUG] รอบตรวจ: แท่งล่าสุด 2026-09-10 02:15:00 close 4397.59 spread 36.0 (ประมวลผลแล้ว)
2026-09-10 06:43:37 [DEBUG] รอบตรวจ: แท่งล่าสุด 2026-09-10 02:15:00 close 4397.59 spread 39.0 (ประมวลผลแล้ว)
2026-09-10 06:44:08 [DEBUG] รอบตรวจ: แท่งล่าสุด 2026-09-10 02:15:00 close 4397.59 spread 31.0 (ประมวลผลแล้ว)
2026-09-10 06:44:38 [DEBUG] รอบตรวจ: แท่งล่าสุด 2026-09-10 02:15:00 close 4397.59 spread 39.0 (ประมวลผลแล้ว)
2026-09-10 06:45:08 [DEBUG] รอบตรวจ: แท่งล่าสุด 2026-09-10 02:30:00 close 4394.36 spread 39.0 (แท่งใหม่)
2026-09-10 06:45:08 [INFO] แท่งปิด 2026-09-10 02:30:00 | Close 4394.36 | H1 UPTREND | M5 DOWNTREND | RSI 39.8 | ADX 15.2 | ATR 6.41 | Spread 39.0
2026-09-10 06:45:08 [INFO] คำตัดสิน: HOLD — ยังไม่มีสัญญาณตัดกัน
2026-09-10 06:45:08 [DEBUG]   [ไม่ผ่าน] สัญญาณตัดกัน M15: MA20/MA50 ให้ HOLD
2026-09-10 06:45:08 [DEBUG] Starting new HTTPS connection (1): api.telegram.org:443
2026-09-10 06:45:09 [DEBUG] https://api.telegram.org:443 "POST /bot8624918359:AAGleKax3bKKXX_pdgTMX49IIYtUJVqWf48/sendMessage HTTP/1.1" 200 1395
2026-09-10 06:45:39 [DEBUG] รอบตรวจ: แท่งล่าสุด 2026-09-10 02:30:00 close 4394.36 spread 39.0 (ประมวลผลแล้ว)
2026-09-10 06:46:09 [DEBUG] รอบตรวจ: แท่งล่าสุด 2026-09-10 02:30:00 close 4394.36 spread 39.0 (ประมวลผลแล้ว)
2026-09-10 06:46:39 [DEBUG] รอบตรวจ: แท่งล่าสุด 2026-09-10 02:30:00 close 4394.36 spread 39.0 (ประมวลผลแล้ว)
2026-09-10 06:47:09 [DEBUG] รอบตรวจ: แท่งล่าสุด 2026-09-10 02:30:00 close 4394.36 spread 39.0 (ประมวลผลแล้ว)
2026-09-10 06:47:39 [DEBUG] รอบตรวจ: แท่งล่าสุด 2026-09-10 02:30:00 close 4394.36 spread 39.0 (ประมวลผลแล้ว)
2026-09-10 06:48:09 [DEBUG] รอบตรวจ: แท่งล่าสุด 2026-09-10 02:30:00 close 4394.36 spread 39.0 (ประมวลผลแล้ว)
2026-09-10 06:48:39 [DEBUG] รอบตรวจ: แท่งล่าสุด 2026-09-10 02:30:00 close 4394.36 spread 39.0 (ประมวลผลแล้ว)
2026-09-10 06:49:09 [DEBUG] รอบตรวจ: แท่งล่าสุด 2026-09-10 02:30:00 close 4394.36 spread 39.0 (ประมวลผลแล้ว)
2026-09-10 06:49:39 [DEBUG] รอบตรวจ: แท่งล่าสุด 2026-09-10 02:30:00 close 4394.36 spread 39.0 (ประมวลผลแล้ว)
2026-09-10 06:50:09 [DEBUG] รอบตรวจ: แท่งล่าสุด 2026-09-10 02:30:00 close 4394.36 spread 39.0 (ประมวลผลแล้ว)
2026-09-10 06:50:37 [DEBUG] รอบตรวจ: แท่งล่าสุด 2026-09-10 02:30:00 close 4394.36 spread 39.0 (ประมวลผลแล้ว)
2026-09-10 06:51:07 [DEBUG] รอบตรวจ: แท่งล่าสุด 2026-09-10 02:30:00 close 4394.36 spread 39.0 (ประมวลผลแล้ว)
2026-09-10 06:51:37 [DEBUG] รอบตรวจ: แท่งล่าสุด 2026-09-10 02:30:00 close 4394.36 spread 39.0 (ประมวลผลแล้ว)
2026-09-10 06:52:07 [DEBUG] รอบตรวจ: แท่งล่าสุด 2026-09-10 02:30:00 close 4394.36 spread 39.0 (ประมวลผลแล้ว)
2026-09-10 06:52:37 [DEBUG] รอบตรวจ: แท่งล่าสุด 2026-09-10 02:30:00 close 4394.36 spread 39.0 (ประมวลผลแล้ว)
2026-09-10 06:53:07 [DEBUG] รอบตรวจ: แท่งล่าสุด 2026-09-10 02:30:00 close 4394.36 spread 39.0 (ประมวลผลแล้ว)
2026-09-10 06:53:37 [DEBUG] รอบตรวจ: แท่งล่าสุด 2026-09-10 02:30:00 close 4394.36 spread 39.0 (ประมวลผลแล้ว)
2026-09-10 06:54:07 [DEBUG] รอบตรวจ: แท่งล่าสุด 2026-09-10 02:30:00 close 4394.36 spread 39.0 (ประมวลผลแล้ว)
2026-09-10 06:54:37 [DEBUG] รอบตรวจ: แท่งล่าสุด 2026-09-10 02:30:00 close 4394.36 spread 37.0 (ประมวลผลแล้ว)
2026-09-10 06:55:07 [DEBUG] รอบตรวจ: แท่งล่าสุด 2026-09-10 02:30:00 close 4394.36 spread 33.0 (ประมวลผลแล้ว)
2026-09-10 06:55:37 [DEBUG] รอบตรวจ: แท่งล่าสุด 2026-09-10 02:30:00 close 4394.36 spread 39.0 (ประมวลผลแล้ว)
2026-09-10 06:56:07 [DEBUG] รอบตรวจ: แท่งล่าสุด 2026-09-10 02:30:00 close 4394.36 spread 39.0 (ประมวลผลแล้ว)
2026-09-10 06:56:37 [DEBUG] รอบตรวจ: แท่งล่าสุด 2026-09-10 02:30:00 close 4394.36 spread 37.0 (ประมวลผลแล้ว)
2026-09-10 06:57:07 [DEBUG] รอบตรวจ: แท่งล่าสุด 2026-09-10 02:30:00 close 4394.36 spread 37.0 (ประมวลผลแล้ว)
2026-09-10 06:57:37 [DEBUG] รอบตรวจ: แท่งล่าสุด 2026-09-10 02:30:00 close 4394.36 spread 37.0 (ประมวลผลแล้ว)
2026-09-10 06:58:07 [DEBUG] รอบตรวจ: แท่งล่าสุด 2026-09-10 02:30:00 close 4394.36 spread 37.0 (ประมวลผลแล้ว)
2026-09-10 06:58:37 [DEBUG] รอบตรวจ: แท่งล่าสุด 2026-09-10 02:30:00 close 4394.36 spread 37.0 (ประมวลผลแล้ว)
2026-09-10 06:59:07 [DEBUG] รอบตรวจ: แท่งล่าสุด 2026-09-10 02:30:00 close 4394.36 spread 37.0 (ประมวลผลแล้ว)
2026-09-10 06:59:37 [DEBUG] รอบตรวจ: แท่งล่าสุด 2026-09-10 02:30:00 close 4394.36 spread 37.0 (ประมวลผลแล้ว)
2026-09-10 07:00:07 [DEBUG] รอบตรวจ: แท่งล่าสุด 2026-09-10 02:45:00 close 4394.11 spread 39.0 (แท่งใหม่)
2026-09-10 07:00:07 [INFO] แท่งปิด 2026-09-10 02:45:00 | Close 4394.11 | H1 UPTREND | M5 DOWNTREND | RSI 39.6 | ADX 15.6 | ATR 6.10 | Spread 39.0
2026-09-10 07:00:07 [INFO] คำตัดสิน: HOLD — ยังไม่มีสัญญาณตัดกัน
2026-09-10 07:00:07 [DEBUG]   [ไม่ผ่าน] สัญญาณตัดกัน M15: MA20/MA50 ให้ HOLD
2026-09-10 07:00:07 [DEBUG] Starting new HTTPS connection (1): api.telegram.org:443
2026-09-10 07:00:08 [DEBUG] https://api.telegram.org:443 "POST /bot8624918359:AAGleKax3bKKXX_pdgTMX49IIYtUJVqWf48/sendMessage HTTP/1.1" 200 1395
2026-09-10 07:00:39 [DEBUG] รอบตรวจ: แท่งล่าสุด 2026-09-10 02:45:00 close 4394.11 spread 39.0 (ประมวลผลแล้ว)
2026-09-10 07:01:09 [DEBUG] รอบตรวจ: แท่งล่าสุด 2026-09-10 02:45:00 close 4394.11 spread 39.0 (ประมวลผลแล้ว)
2026-09-10 07:01:39 [DEBUG] รอบตรวจ: แท่งล่าสุด 2026-09-10 02:45:00 close 4394.11 spread 39.0 (ประมวลผลแล้ว)
2026-09-10 07:02:09 [DEBUG] รอบตรวจ: แท่งล่าสุด 2026-09-10 02:45:00 close 4394.11 spread 39.0 (ประมวลผลแล้ว)
2026-09-10 07:02:39 [DEBUG] รอบตรวจ: แท่งล่าสุด 2026-09-10 02:45:00 close 4394.11 spread 38.0 (ประมวลผลแล้ว)
2026-09-10 07:03:09 [DEBUG] รอบตรวจ: แท่งล่าสุด 2026-09-10 02:45:00 close 4394.11 spread 39.0 (ประมวลผลแล้ว)
2026-09-10 07:03:39 [DEBUG] รอบตรวจ: แท่งล่าสุด 2026-09-10 02:45:00 close 4394.11 spread 39.0 (ประมวลผลแล้ว)
2026-09-10 07:04:09 [DEBUG] รอบตรวจ: แท่งล่าสุด 2026-09-10 02:45:00 close 4394.11 spread 39.0 (ประมวลผลแล้ว)
2026-09-10 07:04:39 [DEBUG] รอบตรวจ: แท่งล่าสุด 2026-09-10 02:45:00 close 4394.11 spread 39.0 (ประมวลผลแล้ว)
2026-09-10 07:05:09 [DEBUG] รอบตรวจ: แท่งล่าสุด 2026-09-10 02:45:00 close 4394.11 spread 39.0 (ประมวลผลแล้ว)
2026-09-10 07:05:39 [DEBUG] รอบตรวจ: แท่งล่าสุด 2026-09-10 02:45:00 close 4394.11 spread 39.0 (ประมวลผลแล้ว)
2026-09-10 07:06:09 [DEBUG] รอบตรวจ: แท่งล่าสุด 2026-09-10 02:45:00 close 4394.11 spread 39.0 (ประมวลผลแล้ว)
2026-09-10 07:06:39 [DEBUG] รอบตรวจ: แท่งล่าสุด 2026-09-10 02:45:00 close 4394.11 spread 39.0 (ประมวลผลแล้ว)
2026-09-10 07:07:09 [DEBUG] รอบตรวจ: แท่งล่าสุด 2026-09-10 02:45:00 close 4394.11 spread 39.0 (ประมวลผลแล้ว)
2026-09-10 07:07:39 [DEBUG] รอบตรวจ: แท่งล่าสุด 2026-09-10 02:45:00 close 4394.11 spread 39.0 (ประมวลผลแล้ว)
2026-09-10 07:08:09 [DEBUG] รอบตรวจ: แท่งล่าสุด 2026-09-10 02:45:00 close 4394.11 spread 39.0 (ประมวลผลแล้ว)
2026-09-10 07:08:39 [DEBUG] รอบตรวจ: แท่งล่าสุด 2026-09-10 02:45:00 close 4394.11 spread 39.0 (ประมวลผลแล้ว)
2026-09-10 07:09:09 [DEBUG] รอบตรวจ: แท่งล่าสุด 2026-09-10 02:45:00 close 4394.11 spread 39.0 (ประมวลผลแล้ว)
2026-09-10 07:09:39 [DEBUG] รอบตรวจ: แท่งล่าสุด 2026-09-10 02:45:00 close 4394.11 spread 39.0 (ประมวลผลแล้ว)
2026-09-10 07:10:09 [DEBUG] รอบตรวจ: แท่งล่าสุด 2026-09-10 02:45:00 close 4394.11 spread 39.0 (ประมวลผลแล้ว)
2026-09-10 07:10:39 [DEBUG] รอบตรวจ: แท่งล่าสุด 2026-09-10 02:45:00 close 4394.11 spread 39.0 (ประมวลผลแล้ว)
2026-09-10 07:11:09 [DEBUG] รอบตรวจ: แท่งล่าสุด 2026-09-10 02:45:00 close 4394.11 spread 39.0 (ประมวลผลแล้ว)
2026-09-10 07:11:39 [DEBUG] รอบตรวจ: แท่งล่าสุด 2026-09-10 02:45:00 close 4394.11 spread 39.0 (ประมวลผลแล้ว)
2026-09-10 07:12:09 [DEBUG] รอบตรวจ: แท่งล่าสุด 2026-09-10 02:45:00 close 4394.11 spread 39.0 (ประมวลผลแล้ว)
2026-09-10 07:12:39 [DEBUG] รอบตรวจ: แท่งล่าสุด 2026-09-10 02:45:00 close 4394.11 spread 39.0 (ประมวลผลแล้ว)
2026-09-10 07:13:09 [DEBUG] รอบตรวจ: แท่งล่าสุด 2026-09-10 02:45:00 close 4394.11 spread 39.0 (ประมวลผลแล้ว)
2026-09-10 07:13:39 [DEBUG] รอบตรวจ: แท่งล่าสุด 2026-09-10 02:45:00 close 4394.11 spread 39.0 (ประมวลผลแล้ว)
2026-09-10 07:14:09 [DEBUG] รอบตรวจ: แท่งล่าสุด 2026-09-10 02:45:00 close 4394.11 spread 39.0 (ประมวลผลแล้ว)
2026-09-10 07:14:39 [DEBUG] รอบตรวจ: แท่งล่าสุด 2026-09-10 02:45:00 close 4394.11 spread 39.0 (ประมวลผลแล้ว)
2026-09-10 07:15:09 [DEBUG] รอบตรวจ: แท่งล่าสุด 2026-09-10 03:00:00 close 4394.95 spread 39.0 (แท่งใหม่)
2026-09-10 07:15:09 [INFO] แท่งปิด 2026-09-10 03:00:00 | Close 4394.95 | H1 UPTREND | M5 DOWNTREND | RSI 40.9 | ADX 16.4 | ATR 6.19 | Spread 39.0
2026-09-10 07:15:09 [INFO] คำตัดสิน: HOLD — ยังไม่มีสัญญาณตัดกัน
2026-09-10 07:15:09 [DEBUG]   [ไม่ผ่าน] สัญญาณตัดกัน M15: MA20/MA50 ให้ HOLD
2026-09-10 07:15:09 [DEBUG] Starting new HTTPS connection (1): api.telegram.org:443
2026-09-10 07:15:10 [DEBUG] https://api.telegram.org:443 "POST /bot8624918359:AAGleKax3bKKXX_pdgTMX49IIYtUJVqWf48/sendMessage HTTP/1.1" 200 1395
2026-09-10 07:15:40 [DEBUG] รอบตรวจ: แท่งล่าสุด 2026-09-10 03:00:00 close 4394.95 spread 39.0 (ประมวลผลแล้ว)
2026-09-10 07:16:10 [DEBUG] รอบตรวจ: แท่งล่าสุด 2026-09-10 03:00:00 close 4394.95 spread 39.0 (ประมวลผลแล้ว)
2026-09-10 07:16:40 [DEBUG] รอบตรวจ: แท่งล่าสุด 2026-09-10 03:00:00 close 4394.95 spread 39.0 (ประมวลผลแล้ว)
2026-09-10 07:17:10 [DEBUG] รอบตรวจ: แท่งล่าสุด 2026-09-10 03:00:00 close 4394.95 spread 39.0 (ประมวลผลแล้ว)
2026-09-10 07:17:40 [DEBUG] รอบตรวจ: แท่งล่าสุด 2026-09-10 03:00:00 close 4394.95 spread 39.0 (ประมวลผลแล้ว)
2026-09-10 07:18:10 [DEBUG] รอบตรวจ: แท่งล่าสุด 2026-09-10 03:00:00 close 4394.95 spread 39.0 (ประมวลผลแล้ว)
2026-09-10 07:18:40 [DEBUG] รอบตรวจ: แท่งล่าสุด 2026-09-10 03:00:00 close 4394.95 spread 39.0 (ประมวลผลแล้ว)
2026-09-10 07:19:10 [DEBUG] รอบตรวจ: แท่งล่าสุด 2026-09-10 03:00:00 close 4394.95 spread 39.0 (ประมวลผลแล้ว)
2026-09-10 07:19:40 [DEBUG] รอบตรวจ: แท่งล่าสุด 2026-09-10 03:00:00 close 4394.95 spread 39.0 (ประมวลผลแล้ว)
2026-09-10 07:20:10 [DEBUG] รอบตรวจ: แท่งล่าสุด 2026-09-10 03:00:00 close 4394.95 spread 39.0 (ประมวลผลแล้ว)
2026-09-10 07:20:40 [DEBUG] รอบตรวจ: แท่งล่าสุด 2026-09-10 03:00:00 close 4394.95 spread 39.0 (ประมวลผลแล้ว)
2026-09-10 07:21:10 [DEBUG] รอบตรวจ: แท่งล่าสุด 2026-09-10 03:00:00 close 4394.95 spread 39.0 (ประมวลผลแล้ว)
2026-09-10 07:21:40 [DEBUG] รอบตรวจ: แท่งล่าสุด 2026-09-10 03:00:00 close 4394.95 spread 39.0 (ประมวลผลแล้ว)
2026-09-10 07:22:10 [DEBUG] รอบตรวจ: แท่งล่าสุด 2026-09-10 03:00:00 close 4394.95 spread 39.0 (ประมวลผลแล้ว)
2026-09-10 07:22:40 [DEBUG] รอบตรวจ: แท่งล่าสุด 2026-09-10 03:00:00 close 4394.95 spread 39.0 (ประมวลผลแล้ว)
2026-09-10 07:23:10 [DEBUG] รอบตรวจ: แท่งล่าสุด 2026-09-10 03:00:00 close 4394.95 spread 39.0 (ประมวลผลแล้ว)
2026-09-10 07:23:40 [DEBUG] รอบตรวจ: แท่งล่าสุด 2026-09-10 03:00:00 close 4394.95 spread 39.0 (ประมวลผลแล้ว)
2026-09-10 07:24:10 [DEBUG] รอบตรวจ: แท่งล่าสุด 2026-09-10 03:00:00 close 4394.95 spread 39.0 (ประมวลผลแล้ว)
2026-09-10 07:24:40 [DEBUG] รอบตรวจ: แท่งล่าสุด 2026-09-10 03:00:00 close 4394.95 spread 39.0 (ประมวลผลแล้ว)
2026-09-10 07:25:10 [DEBUG] รอบตรวจ: แท่งล่าสุด 2026-09-10 03:00:00 close 4394.95 spread 39.0 (ประมวลผลแล้ว)
2026-09-10 07:25:40 [DEBUG] รอบตรวจ: แท่งล่าสุด 2026-09-10 03:00:00 close 4394.95 spread 39.0 (ประมวลผลแล้ว)
2026-09-10 07:26:10 [DEBUG] รอบตรวจ: แท่งล่าสุด 2026-09-10 03:00:00 close 4394.95 spread 39.0 (ประมวลผลแล้ว)
2026-09-10 07:26:40 [DEBUG] รอบตรวจ: แท่งล่าสุด 2026-09-10 03:00:00 close 4394.95 spread 39.0 (ประมวลผลแล้ว)
2026-09-10 07:27:10 [DEBUG] รอบตรวจ: แท่งล่าสุด 2026-09-10 03:00:00 close 4394.95 spread 39.0 (ประมวลผลแล้ว)
2026-09-10 07:27:40 [DEBUG] รอบตรวจ: แท่งล่าสุด 2026-09-10 03:00:00 close 4394.95 spread 39.0 (ประมวลผลแล้ว)
2026-09-10 07:28:10 [DEBUG] รอบตรวจ: แท่งล่าสุด 2026-09-10 03:00:00 close 4394.95 spread 39.0 (ประมวลผลแล้ว)
2026-09-10 07:28:40 [DEBUG] รอบตรวจ: แท่งล่าสุด 2026-09-10 03:00:00 close 4394.95 spread 39.0 (ประมวลผลแล้ว)
2026-09-10 07:29:10 [DEBUG] รอบตรวจ: แท่งล่าสุด 2026-09-10 03:00:00 close 4394.95 spread 39.0 (ประมวลผลแล้ว)
2026-09-10 07:29:40 [DEBUG] รอบตรวจ: แท่งล่าสุด 2026-09-10 03:00:00 close 4394.95 spread 39.0 (ประมวลผลแล้ว)
2026-09-10 07:30:10 [DEBUG] รอบตรวจ: แท่งล่าสุด 2026-09-10 03:15:00 close 4392.80 spread 39.0 (แท่งใหม่)
2026-09-10 07:30:10 [INFO] แท่งปิด 2026-09-10 03:15:00 | Close 4392.80 | H1 UPTREND | M5 DOWNTREND | RSI 38.5 | ADX 16.9 | ATR 6.19 | Spread 39.0
2026-09-10 07:30:10 [INFO] คำตัดสิน: HOLD — ยังไม่มีสัญญาณตัดกัน
2026-09-10 07:30:10 [DEBUG]   [ไม่ผ่าน] สัญญาณตัดกัน M15: MA20/MA50 ให้ HOLD
2026-09-10 07:30:10 [DEBUG] Starting new HTTPS connection (1): api.telegram.org:443
2026-09-10 07:30:11 [DEBUG] https://api.telegram.org:443 "POST /bot8624918359:AAGleKax3bKKXX_pdgTMX49IIYtUJVqWf48/sendMessage HTTP/1.1" 200 1395
2026-09-10 07:30:42 [DEBUG] รอบตรวจ: แท่งล่าสุด 2026-09-10 03:15:00 close 4392.80 spread 39.0 (ประมวลผลแล้ว)
2026-09-10 07:31:12 [DEBUG] รอบตรวจ: แท่งล่าสุด 2026-09-10 03:15:00 close 4392.80 spread 39.0 (ประมวลผลแล้ว)
2026-09-10 07:31:42 [DEBUG] รอบตรวจ: แท่งล่าสุด 2026-09-10 03:15:00 close 4392.80 spread 39.0 (ประมวลผลแล้ว)
2026-09-10 07:32:12 [DEBUG] รอบตรวจ: แท่งล่าสุด 2026-09-10 03:15:00 close 4392.80 spread 39.0 (ประมวลผลแล้ว)
2026-09-10 07:32:42 [DEBUG] รอบตรวจ: แท่งล่าสุด 2026-09-10 03:15:00 close 4392.80 spread 39.0 (ประมวลผลแล้ว)
2026-09-10 07:33:12 [DEBUG] รอบตรวจ: แท่งล่าสุด 2026-09-10 03:15:00 close 4392.80 spread 39.0 (ประมวลผลแล้ว)
2026-09-10 07:33:42 [DEBUG] รอบตรวจ: แท่งล่าสุด 2026-09-10 03:15:00 close 4392.80 spread 39.0 (ประมวลผลแล้ว)
2026-09-10 07:34:12 [DEBUG] รอบตรวจ: แท่งล่าสุด 2026-09-10 03:15:00 close 4392.80 spread 39.0 (ประมวลผลแล้ว)
2026-09-10 07:34:42 [DEBUG] รอบตรวจ: แท่งล่าสุด 2026-09-10 03:15:00 close 4392.80 spread 37.0 (ประมวลผลแล้ว)
2026-09-10 07:35:12 [DEBUG] รอบตรวจ: แท่งล่าสุด 2026-09-10 03:15:00 close 4392.80 spread 39.0 (ประมวลผลแล้ว)
2026-09-10 07:35:42 [DEBUG] รอบตรวจ: แท่งล่าสุด 2026-09-10 03:15:00 close 4392.80 spread 39.0 (ประมวลผลแล้ว)
2026-09-10 07:36:12 [DEBUG] รอบตรวจ: แท่งล่าสุด 2026-09-10 03:15:00 close 4392.80 spread 39.0 (ประมวลผลแล้ว)
2026-09-10 07:36:42 [DEBUG] รอบตรวจ: แท่งล่าสุด 2026-09-10 03:15:00 close 4392.80 spread 39.0 (ประมวลผลแล้ว)
2026-09-10 07:37:12 [DEBUG] รอบตรวจ: แท่งล่าสุด 2026-09-10 03:15:00 close 4392.80 spread 39.0 (ประมวลผลแล้ว)
2026-09-10 07:37:42 [DEBUG] รอบตรวจ: แท่งล่าสุด 2026-09-10 03:15:00 close 4392.80 spread 39.0 (ประมวลผลแล้ว)
2026-09-10 07:38:12 [DEBUG] รอบตรวจ: แท่งล่าสุด 2026-09-10 03:15:00 close 4392.80 spread 39.0 (ประมวลผลแล้ว)
2026-09-10 07:38:42 [DEBUG] รอบตรวจ: แท่งล่าสุด 2026-09-10 03:15:00 close 4392.80 spread 39.0 (ประมวลผลแล้ว)
2026-09-10 07:39:12 [DEBUG] รอบตรวจ: แท่งล่าสุด 2026-09-10 03:15:00 close 4392.80 spread 39.0 (ประมวลผลแล้ว)
2026-09-10 07:39:42 [DEBUG] รอบตรวจ: แท่งล่าสุด 2026-09-10 03:15:00 close 4392.80 spread 39.0 (ประมวลผลแล้ว)
2026-09-10 07:40:12 [DEBUG] รอบตรวจ: แท่งล่าสุด 2026-09-10 03:15:00 close 4392.80 spread 39.0 (ประมวลผลแล้ว)
2026-09-10 07:40:42 [DEBUG] รอบตรวจ: แท่งล่าสุด 2026-09-10 03:15:00 close 4392.80 spread 39.0 (ประมวลผลแล้ว)
2026-09-10 07:41:12 [DEBUG] รอบตรวจ: แท่งล่าสุด 2026-09-10 03:15:00 close 4392.80 spread 39.0 (ประมวลผลแล้ว)
2026-09-10 07:41:42 [DEBUG] รอบตรวจ: แท่งล่าสุด 2026-09-10 03:15:00 close 4392.80 spread 39.0 (ประมวลผลแล้ว)
2026-09-10 07:42:12 [DEBUG] รอบตรวจ: แท่งล่าสุด 2026-09-10 03:15:00 close 4392.80 spread 39.0 (ประมวลผลแล้ว)
2026-09-10 07:42:42 [DEBUG] รอบตรวจ: แท่งล่าสุด 2026-09-10 03:15:00 close 4392.80 spread 39.0 (ประมวลผลแล้ว)
2026-09-10 07:43:12 [DEBUG] รอบตรวจ: แท่งล่าสุด 2026-09-10 03:15:00 close 4392.80 spread 38.0 (ประมวลผลแล้ว)
2026-09-10 07:43:42 [DEBUG] รอบตรวจ: แท่งล่าสุด 2026-09-10 03:15:00 close 4392.80 spread 39.0 (ประมวลผลแล้ว)
2026-09-10 07:44:12 [DEBUG] รอบตรวจ: แท่งล่าสุด 2026-09-10 03:15:00 close 4392.80 spread 39.0 (ประมวลผลแล้ว)
2026-09-10 07:44:42 [DEBUG] รอบตรวจ: แท่งล่าสุด 2026-09-10 03:15:00 close 4392.80 spread 39.0 (ประมวลผลแล้ว)
2026-09-10 07:45:12 [DEBUG] รอบตรวจ: แท่งล่าสุด 2026-09-10 03:30:00 close 4400.87 spread 39.0 (แท่งใหม่)
2026-09-10 07:45:12 [INFO] แท่งปิด 2026-09-10 03:30:00 | Close 4400.87 | H1 UPTREND | M5 DOWNTREND | RSI 50.3 | ADX 16.6 | ATR 6.47 | Spread 39.0
2026-09-10 07:45:12 [INFO] คำตัดสิน: HOLD — ยังไม่มีสัญญาณตัดกัน
2026-09-10 07:45:12 [DEBUG]   [ไม่ผ่าน] สัญญาณตัดกัน M15: MA20/MA50 ให้ HOLD
2026-09-10 07:45:12 [DEBUG] Starting new HTTPS connection (1): api.telegram.org:443
2026-09-10 07:45:13 [DEBUG] https://api.telegram.org:443 "POST /bot8624918359:AAGleKax3bKKXX_pdgTMX49IIYtUJVqWf48/sendMessage HTTP/1.1" 200 1395
2026-09-10 07:45:43 [DEBUG] รอบตรวจ: แท่งล่าสุด 2026-09-10 03:30:00 close 4400.87 spread 39.0 (ประมวลผลแล้ว)
2026-09-10 07:46:13 [DEBUG] รอบตรวจ: แท่งล่าสุด 2026-09-10 03:30:00 close 4400.87 spread 39.0 (ประมวลผลแล้ว)
2026-09-10 07:46:43 [DEBUG] รอบตรวจ: แท่งล่าสุด 2026-09-10 03:30:00 close 4400.87 spread 39.0 (ประมวลผลแล้ว)
2026-09-10 07:47:13 [DEBUG] รอบตรวจ: แท่งล่าสุด 2026-09-10 03:30:00 close 4400.87 spread 39.0 (ประมวลผลแล้ว)
2026-09-10 07:47:43 [DEBUG] รอบตรวจ: แท่งล่าสุด 2026-09-10 03:30:00 close 4400.87 spread 39.0 (ประมวลผลแล้ว)
2026-09-10 07:48:13 [DEBUG] รอบตรวจ: แท่งล่าสุด 2026-09-10 03:30:00 close 4400.87 spread 39.0 (ประมวลผลแล้ว)
2026-09-10 07:48:43 [DEBUG] รอบตรวจ: แท่งล่าสุด 2026-09-10 03:30:00 close 4400.87 spread 39.0 (ประมวลผลแล้ว)
2026-09-10 07:49:13 [DEBUG] รอบตรวจ: แท่งล่าสุด 2026-09-10 03:30:00 close 4400.87 spread 39.0 (ประมวลผลแล้ว)
2026-09-10 07:49:43 [DEBUG] รอบตรวจ: แท่งล่าสุด 2026-09-10 03:30:00 close 4400.87 spread 39.0 (ประมวลผลแล้ว)
2026-09-10 07:50:13 [DEBUG] รอบตรวจ: แท่งล่าสุด 2026-09-10 03:30:00 close 4400.87 spread 39.0 (ประมวลผลแล้ว)
2026-09-10 07:50:43 [DEBUG] รอบตรวจ: แท่งล่าสุด 2026-09-10 03:30:00 close 4400.87 spread 39.0 (ประมวลผลแล้ว)
2026-09-10 07:51:13 [DEBUG] รอบตรวจ: แท่งล่าสุด 2026-09-10 03:30:00 close 4400.87 spread 39.0 (ประมวลผลแล้ว)
2026-09-10 07:51:43 [DEBUG] รอบตรวจ: แท่งล่าสุด 2026-09-10 03:30:00 close 4400.87 spread 39.0 (ประมวลผลแล้ว)
2026-09-10 07:52:13 [DEBUG] รอบตรวจ: แท่งล่าสุด 2026-09-10 03:30:00 close 4400.87 spread 39.0 (ประมวลผลแล้ว)
2026-09-10 07:52:43 [DEBUG] รอบตรวจ: แท่งล่าสุด 2026-09-10 03:30:00 close 4400.87 spread 39.0 (ประมวลผลแล้ว)
2026-09-10 07:53:13 [DEBUG] รอบตรวจ: แท่งล่าสุด 2026-09-10 03:30:00 close 4400.87 spread 39.0 (ประมวลผลแล้ว)
2026-09-10 07:53:43 [DEBUG] รอบตรวจ: แท่งล่าสุด 2026-09-10 03:30:00 close 4400.87 spread 39.0 (ประมวลผลแล้ว)
2026-09-10 07:54:13 [DEBUG] รอบตรวจ: แท่งล่าสุด 2026-09-10 03:30:00 close 4400.87 spread 39.0 (ประมวลผลแล้ว)
2026-09-10 07:54:43 [DEBUG] รอบตรวจ: แท่งล่าสุด 2026-09-10 03:30:00 close 4400.87 spread 39.0 (ประมวลผลแล้ว)
2026-09-10 07:55:13 [DEBUG] รอบตรวจ: แท่งล่าสุด 2026-09-10 03:30:00 close 4400.87 spread 39.0 (ประมวลผลแล้ว)
2026-09-10 07:55:43 [DEBUG] รอบตรวจ: แท่งล่าสุด 2026-09-10 03:30:00 close 4400.87 spread 39.0 (ประมวลผลแล้ว)
2026-09-10 07:56:13 [DEBUG] รอบตรวจ: แท่งล่าสุด 2026-09-10 03:30:00 close 4400.87 spread 39.0 (ประมวลผลแล้ว)
2026-09-10 07:56:43 [DEBUG] รอบตรวจ: แท่งล่าสุด 2026-09-10 03:30:00 close 4400.87 spread 39.0 (ประมวลผลแล้ว)
2026-09-10 07:57:13 [DEBUG] รอบตรวจ: แท่งล่าสุด 2026-09-10 03:30:00 close 4400.87 spread 39.0 (ประมวลผลแล้ว)
2026-09-10 07:57:43 [DEBUG] รอบตรวจ: แท่งล่าสุด 2026-09-10 03:30:00 close 4400.87 spread 39.0 (ประมวลผลแล้ว)
2026-09-10 07:58:13 [DEBUG] รอบตรวจ: แท่งล่าสุด 2026-09-10 03:30:00 close 4400.87 spread 39.0 (ประมวลผลแล้ว)
2026-09-10 07:58:43 [DEBUG] รอบตรวจ: แท่งล่าสุด 2026-09-10 03:30:00 close 4400.87 spread 39.0 (ประมวลผลแล้ว)
2026-09-10 07:59:13 [DEBUG] รอบตรวจ: แท่งล่าสุด 2026-09-10 03:30:00 close 4400.87 spread 39.0 (ประมวลผลแล้ว)
2026-09-10 07:59:43 [DEBUG] รอบตรวจ: แท่งล่าสุด 2026-09-10 03:30:00 close 4400.87 spread 39.0 (ประมวลผลแล้ว)
2026-09-10 08:00:13 [DEBUG] รอบตรวจ: แท่งล่าสุด 2026-09-10 03:45:00 close 4401.04 spread 39.0 (แท่งใหม่)
2026-09-10 08:00:13 [INFO] แท่งปิด 2026-09-10 03:45:00 | Close 4401.04 | H1 UPTREND | M5 DOWNTREND | RSI 50.5 | ADX 15.7 | ATR 6.50 | Spread 39.0
2026-09-10 08:00:13 [INFO] คำตัดสิน: HOLD — ยังไม่มีสัญญาณตัดกัน
2026-09-10 08:00:13 [DEBUG]   [ไม่ผ่าน] สัญญาณตัดกัน M15: MA20/MA50 ให้ HOLD
2026-09-10 08:00:13 [DEBUG] Starting new HTTPS connection (1): api.telegram.org:443
2026-09-10 08:00:15 [DEBUG] https://api.telegram.org:443 "POST /bot8624918359:AAGleKax3bKKXX_pdgTMX49IIYtUJVqWf48/sendMessage HTTP/1.1" 200 1395
2026-09-10 08:00:45 [DEBUG] รอบตรวจ: แท่งล่าสุด 2026-09-10 03:45:00 close 4401.04 spread 39.0 (ประมวลผลแล้ว)
2026-09-10 08:01:15 [DEBUG] รอบตรวจ: แท่งล่าสุด 2026-09-10 03:45:00 close 4401.04 spread 39.0 (ประมวลผลแล้ว)
2026-09-10 08:01:45 [DEBUG] รอบตรวจ: แท่งล่าสุด 2026-09-10 03:45:00 close 4401.04 spread 39.0 (ประมวลผลแล้ว)
2026-09-10 08:02:15 [DEBUG] รอบตรวจ: แท่งล่าสุด 2026-09-10 03:45:00 close 4401.04 spread 39.0 (ประมวลผลแล้ว)
2026-09-10 08:02:45 [DEBUG] รอบตรวจ: แท่งล่าสุด 2026-09-10 03:45:00 close 4401.04 spread 39.0 (ประมวลผลแล้ว)
2026-09-10 08:03:15 [DEBUG] รอบตรวจ: แท่งล่าสุด 2026-09-10 03:45:00 close 4401.04 spread 39.0 (ประมวลผลแล้ว)
2026-09-10 08:03:45 [DEBUG] รอบตรวจ: แท่งล่าสุด 2026-09-10 03:45:00 close 4401.04 spread 39.0 (ประมวลผลแล้ว)
2026-09-10 08:04:15 [DEBUG] รอบตรวจ: แท่งล่าสุด 2026-09-10 03:45:00 close 4401.04 spread 39.0 (ประมวลผลแล้ว)
2026-09-10 08:04:45 [DEBUG] รอบตรวจ: แท่งล่าสุด 2026-09-10 03:45:00 close 4401.04 spread 39.0 (ประมวลผลแล้ว)
2026-09-10 08:05:15 [DEBUG] รอบตรวจ: แท่งล่าสุด 2026-09-10 03:45:00 close 4401.04 spread 39.0 (ประมวลผลแล้ว)
2026-09-10 08:05:45 [DEBUG] รอบตรวจ: แท่งล่าสุด 2026-09-10 03:45:00 close 4401.04 spread 39.0 (ประมวลผลแล้ว)
2026-09-10 08:06:15 [DEBUG] รอบตรวจ: แท่งล่าสุด 2026-09-10 03:45:00 close 4401.04 spread 39.0 (ประมวลผลแล้ว)
2026-09-10 08:06:45 [DEBUG] รอบตรวจ: แท่งล่าสุด 2026-09-10 03:45:00 close 4401.04 spread 39.0 (ประมวลผลแล้ว)
2026-09-10 08:07:15 [DEBUG] รอบตรวจ: แท่งล่าสุด 2026-09-10 03:45:00 close 4401.04 spread 39.0 (ประมวลผลแล้ว)
2026-09-10 08:07:45 [DEBUG] รอบตรวจ: แท่งล่าสุด 2026-09-10 03:45:00 close 4401.04 spread 39.0 (ประมวลผลแล้ว)
2026-09-10 08:08:15 [DEBUG] รอบตรวจ: แท่งล่าสุด 2026-09-10 03:45:00 close 4401.04 spread 39.0 (ประมวลผลแล้ว)
2026-09-10 08:08:45 [DEBUG] รอบตรวจ: แท่งล่าสุด 2026-09-10 03:45:00 close 4401.04 spread 39.0 (ประมวลผลแล้ว)
2026-09-10 08:09:15 [DEBUG] รอบตรวจ: แท่งล่าสุด 2026-09-10 03:45:00 close 4401.04 spread 39.0 (ประมวลผลแล้ว)
2026-09-10 08:09:45 [DEBUG] รอบตรวจ: แท่งล่าสุด 2026-09-10 03:45:00 close 4401.04 spread 39.0 (ประมวลผลแล้ว)
2026-09-10 08:10:15 [DEBUG] รอบตรวจ: แท่งล่าสุด 2026-09-10 03:45:00 close 4401.04 spread 39.0 (ประมวลผลแล้ว)
2026-09-10 08:10:45 [DEBUG] รอบตรวจ: แท่งล่าสุด 2026-09-10 03:45:00 close 4401.04 spread 39.0 (ประมวลผลแล้ว)
2026-09-10 08:11:15 [DEBUG] รอบตรวจ: แท่งล่าสุด 2026-09-10 03:45:00 close 4401.04 spread 39.0 (ประมวลผลแล้ว)
2026-09-10 08:11:45 [DEBUG] รอบตรวจ: แท่งล่าสุด 2026-09-10 03:45:00 close 4401.04 spread 39.0 (ประมวลผลแล้ว)
2026-09-10 08:12:15 [DEBUG] รอบตรวจ: แท่งล่าสุด 2026-09-10 03:45:00 close 4401.04 spread 39.0 (ประมวลผลแล้ว)
2026-09-10 08:12:45 [DEBUG] รอบตรวจ: แท่งล่าสุด 2026-09-10 03:45:00 close 4401.04 spread 39.0 (ประมวลผลแล้ว)
2026-09-10 08:13:15 [DEBUG] รอบตรวจ: แท่งล่าสุด 2026-09-10 03:45:00 close 4401.04 spread 39.0 (ประมวลผลแล้ว)
2026-09-10 08:13:45 [DEBUG] รอบตรวจ: แท่งล่าสุด 2026-09-10 03:45:00 close 4401.04 spread 39.0 (ประมวลผลแล้ว)
2026-09-10 08:14:15 [DEBUG] รอบตรวจ: แท่งล่าสุด 2026-09-10 03:45:00 close 4401.04 spread 39.0 (ประมวลผลแล้ว)
2026-09-10 08:14:45 [DEBUG] รอบตรวจ: แท่งล่าสุด 2026-09-10 03:45:00 close 4401.04 spread 39.0 (ประมวลผลแล้ว)
2026-09-10 08:15:15 [DEBUG] รอบตรวจ: แท่งล่าสุด 2026-09-10 04:00:00 close 4412.74 spread 39.0 (แท่งใหม่)
2026-09-10 08:15:15 [INFO] แท่งปิด 2026-09-10 04:00:00 | Close 4412.74 | H1 UPTREND | M5 DOWNTREND | RSI 62.5 | ADX 16.4 | ATR 7.37 | Spread 39.0
2026-09-10 08:15:15 [INFO] คำตัดสิน: HOLD — ยังไม่มีสัญญาณตัดกัน
2026-09-10 08:15:15 [DEBUG]   [ไม่ผ่าน] สัญญาณตัดกัน M15: MA20/MA50 ให้ HOLD
2026-09-10 08:15:15 [DEBUG] Starting new HTTPS connection (1): api.telegram.org:443
2026-09-10 08:15:16 [DEBUG] https://api.telegram.org:443 "POST /bot8624918359:AAGleKax3bKKXX_pdgTMX49IIYtUJVqWf48/sendMessage HTTP/1.1" 200 1395
2026-09-10 08:15:46 [DEBUG] รอบตรวจ: แท่งล่าสุด 2026-09-10 04:00:00 close 4412.74 spread 39.0 (ประมวลผลแล้ว)
2026-09-10 08:16:16 [DEBUG] รอบตรวจ: แท่งล่าสุด 2026-09-10 04:00:00 close 4412.74 spread 39.0 (ประมวลผลแล้ว)
2026-09-10 08:16:46 [DEBUG] รอบตรวจ: แท่งล่าสุด 2026-09-10 04:00:00 close 4412.74 spread 39.0 (ประมวลผลแล้ว)
2026-09-10 08:17:16 [DEBUG] รอบตรวจ: แท่งล่าสุด 2026-09-10 04:00:00 close 4412.74 spread 39.0 (ประมวลผลแล้ว)
2026-09-10 08:17:46 [DEBUG] รอบตรวจ: แท่งล่าสุด 2026-09-10 04:00:00 close 4412.74 spread 39.0 (ประมวลผลแล้ว)
2026-09-10 08:18:16 [DEBUG] รอบตรวจ: แท่งล่าสุด 2026-09-10 04:00:00 close 4412.74 spread 39.0 (ประมวลผลแล้ว)
2026-09-10 08:18:46 [DEBUG] รอบตรวจ: แท่งล่าสุด 2026-09-10 04:00:00 close 4412.74 spread 39.0 (ประมวลผลแล้ว)
2026-09-10 08:19:16 [DEBUG] รอบตรวจ: แท่งล่าสุด 2026-09-10 04:00:00 close 4412.74 spread 39.0 (ประมวลผลแล้ว)
2026-09-10 08:19:46 [DEBUG] รอบตรวจ: แท่งล่าสุด 2026-09-10 04:00:00 close 4412.74 spread 39.0 (ประมวลผลแล้ว)
2026-09-10 08:20:16 [DEBUG] รอบตรวจ: แท่งล่าสุด 2026-09-10 04:00:00 close 4412.74 spread 39.0 (ประมวลผลแล้ว)
2026-09-10 08:20:46 [DEBUG] รอบตรวจ: แท่งล่าสุด 2026-09-10 04:00:00 close 4412.74 spread 39.0 (ประมวลผลแล้ว)
2026-09-10 08:21:16 [DEBUG] รอบตรวจ: แท่งล่าสุด 2026-09-10 04:00:00 close 4412.74 spread 39.0 (ประมวลผลแล้ว)
2026-09-10 08:21:46 [DEBUG] รอบตรวจ: แท่งล่าสุด 2026-09-10 04:00:00 close 4412.74 spread 39.0 (ประมวลผลแล้ว)
2026-09-10 08:22:16 [DEBUG] รอบตรวจ: แท่งล่าสุด 2026-09-10 04:00:00 close 4412.74 spread 39.0 (ประมวลผลแล้ว)
2026-09-10 08:22:46 [DEBUG] รอบตรวจ: แท่งล่าสุด 2026-09-10 04:00:00 close 4412.74 spread 39.0 (ประมวลผลแล้ว)
2026-09-10 08:23:16 [DEBUG] รอบตรวจ: แท่งล่าสุด 2026-09-10 04:00:00 close 4412.74 spread 39.0 (ประมวลผลแล้ว)
2026-09-10 08:23:46 [DEBUG] รอบตรวจ: แท่งล่าสุด 2026-09-10 04:00:00 close 4412.74 spread 39.0 (ประมวลผลแล้ว)
2026-09-10 08:24:16 [DEBUG] รอบตรวจ: แท่งล่าสุด 2026-09-10 04:00:00 close 4412.74 spread 39.0 (ประมวลผลแล้ว)
2026-09-10 08:24:46 [DEBUG] รอบตรวจ: แท่งล่าสุด 2026-09-10 04:00:00 close 4412.74 spread 39.0 (ประมวลผลแล้ว)
2026-09-10 08:25:16 [DEBUG] รอบตรวจ: แท่งล่าสุด 2026-09-10 04:00:00 close 4412.74 spread 39.0 (ประมวลผลแล้ว)
2026-09-10 08:25:46 [DEBUG] รอบตรวจ: แท่งล่าสุด 2026-09-10 04:00:00 close 4412.74 spread 39.0 (ประมวลผลแล้ว)
2026-09-10 08:26:16 [DEBUG] รอบตรวจ: แท่งล่าสุด 2026-09-10 04:00:00 close 4412.74 spread 39.0 (ประมวลผลแล้ว)
2026-09-10 08:26:46 [DEBUG] รอบตรวจ: แท่งล่าสุด 2026-09-10 04:00:00 close 4412.74 spread 39.0 (ประมวลผลแล้ว)
2026-09-10 08:27:16 [DEBUG] รอบตรวจ: แท่งล่าสุด 2026-09-10 04:00:00 close 4412.74 spread 39.0 (ประมวลผลแล้ว)
2026-09-10 08:27:46 [DEBUG] รอบตรวจ: แท่งล่าสุด 2026-09-10 04:00:00 close 4412.74 spread 39.0 (ประมวลผลแล้ว)
2026-09-10 08:28:16 [DEBUG] รอบตรวจ: แท่งล่าสุด 2026-09-10 04:00:00 close 4412.74 spread 39.0 (ประมวลผลแล้ว)
2026-09-10 08:28:46 [DEBUG] รอบตรวจ: แท่งล่าสุด 2026-09-10 04:00:00 close 4412.74 spread 39.0 (ประมวลผลแล้ว)
2026-09-10 08:29:16 [DEBUG] รอบตรวจ: แท่งล่าสุด 2026-09-10 04:00:00 close 4412.74 spread 39.0 (ประมวลผลแล้ว)
2026-09-10 08:29:46 [DEBUG] รอบตรวจ: แท่งล่าสุด 2026-09-10 04:00:00 close 4412.74 spread 39.0 (ประมวลผลแล้ว)
2026-09-10 08:30:16 [DEBUG] รอบตรวจ: แท่งล่าสุด 2026-09-10 04:15:00 close 4410.38 spread 39.0 (แท่งใหม่)
2026-09-10 08:30:16 [INFO] แท่งปิด 2026-09-10 04:15:00 | Close 4410.38 | H1 UPTREND | M5 UPTREND | RSI 59.4 | ADX 17.0 | ATR 7.29 | Spread 39.0
2026-09-10 08:30:16 [INFO] คำตัดสิน: HOLD — ยังไม่มีสัญญาณตัดกัน
2026-09-10 08:30:16 [DEBUG]   [ไม่ผ่าน] สัญญาณตัดกัน M15: MA20/MA50 ให้ HOLD
2026-09-10 08:30:16 [DEBUG] Starting new HTTPS connection (1): api.telegram.org:443
2026-09-10 08:30:18 [DEBUG] https://api.telegram.org:443 "POST /bot8624918359:AAGleKax3bKKXX_pdgTMX49IIYtUJVqWf48/sendMessage HTTP/1.1" 200 1393
2026-09-10 08:30:48 [DEBUG] รอบตรวจ: แท่งล่าสุด 2026-09-10 04:15:00 close 4410.38 spread 39.0 (ประมวลผลแล้ว)
2026-09-10 08:31:18 [DEBUG] รอบตรวจ: แท่งล่าสุด 2026-09-10 04:15:00 close 4410.38 spread 39.0 (ประมวลผลแล้ว)
2026-09-10 08:31:48 [DEBUG] รอบตรวจ: แท่งล่าสุด 2026-09-10 04:15:00 close 4410.38 spread 39.0 (ประมวลผลแล้ว)
2026-09-10 08:32:18 [DEBUG] รอบตรวจ: แท่งล่าสุด 2026-09-10 04:15:00 close 4410.38 spread 33.0 (ประมวลผลแล้ว)
2026-09-10 08:32:48 [DEBUG] รอบตรวจ: แท่งล่าสุด 2026-09-10 04:15:00 close 4410.38 spread 39.0 (ประมวลผลแล้ว)
2026-09-10 08:33:18 [DEBUG] รอบตรวจ: แท่งล่าสุด 2026-09-10 04:15:00 close 4410.38 spread 39.0 (ประมวลผลแล้ว)
2026-09-10 08:33:48 [DEBUG] รอบตรวจ: แท่งล่าสุด 2026-09-10 04:15:00 close 4410.38 spread 39.0 (ประมวลผลแล้ว)
2026-09-10 08:34:18 [DEBUG] รอบตรวจ: แท่งล่าสุด 2026-09-10 04:15:00 close 4410.38 spread 39.0 (ประมวลผลแล้ว)
2026-09-10 08:34:48 [DEBUG] รอบตรวจ: แท่งล่าสุด 2026-09-10 04:15:00 close 4410.38 spread 33.0 (ประมวลผลแล้ว)
2026-09-10 08:35:18 [DEBUG] รอบตรวจ: แท่งล่าสุด 2026-09-10 04:15:00 close 4410.38 spread 39.0 (ประมวลผลแล้ว)
2026-09-10 08:35:48 [DEBUG] รอบตรวจ: แท่งล่าสุด 2026-09-10 04:15:00 close 4410.38 spread 36.0 (ประมวลผลแล้ว)
2026-09-10 08:36:18 [DEBUG] รอบตรวจ: แท่งล่าสุด 2026-09-10 04:15:00 close 4410.38 spread 38.0 (ประมวลผลแล้ว)
2026-09-10 08:36:48 [DEBUG] รอบตรวจ: แท่งล่าสุด 2026-09-10 04:15:00 close 4410.38 spread 39.0 (ประมวลผลแล้ว)
2026-09-10 08:37:18 [DEBUG] รอบตรวจ: แท่งล่าสุด 2026-09-10 04:15:00 close 4410.38 spread 38.0 (ประมวลผลแล้ว)
2026-09-10 08:37:48 [DEBUG] รอบตรวจ: แท่งล่าสุด 2026-09-10 04:15:00 close 4410.38 spread 31.0 (ประมวลผลแล้ว)
2026-09-10 08:38:18 [DEBUG] รอบตรวจ: แท่งล่าสุด 2026-09-10 04:15:00 close 4410.38 spread 38.0 (ประมวลผลแล้ว)
2026-09-10 08:38:48 [DEBUG] รอบตรวจ: แท่งล่าสุด 2026-09-10 04:15:00 close 4410.38 spread 38.0 (ประมวลผลแล้ว)
2026-09-10 08:39:18 [DEBUG] รอบตรวจ: แท่งล่าสุด 2026-09-10 04:15:00 close 4410.38 spread 39.0 (ประมวลผลแล้ว)
2026-09-10 08:39:48 [DEBUG] รอบตรวจ: แท่งล่าสุด 2026-09-10 04:15:00 close 4410.38 spread 39.0 (ประมวลผลแล้ว)
2026-09-10 08:40:18 [DEBUG] รอบตรวจ: แท่งล่าสุด 2026-09-10 04:15:00 close 4410.38 spread 39.0 (ประมวลผลแล้ว)
2026-09-10 08:40:48 [DEBUG] รอบตรวจ: แท่งล่าสุด 2026-09-10 04:15:00 close 4410.38 spread 39.0 (ประมวลผลแล้ว)
2026-09-10 08:41:18 [DEBUG] รอบตรวจ: แท่งล่าสุด 2026-09-10 04:15:00 close 4410.38 spread 39.0 (ประมวลผลแล้ว)
2026-09-10 08:41:48 [DEBUG] รอบตรวจ: แท่งล่าสุด 2026-09-10 04:15:00 close 4410.38 spread 39.0 (ประมวลผลแล้ว)
2026-09-10 08:42:18 [DEBUG] รอบตรวจ: แท่งล่าสุด 2026-09-10 04:15:00 close 4410.38 spread 39.0 (ประมวลผลแล้ว)
2026-09-10 08:42:48 [DEBUG] รอบตรวจ: แท่งล่าสุด 2026-09-10 04:15:00 close 4410.38 spread 39.0 (ประมวลผลแล้ว)
2026-09-10 08:43:18 [DEBUG] รอบตรวจ: แท่งล่าสุด 2026-09-10 04:15:00 close 4410.38 spread 39.0 (ประมวลผลแล้ว)
2026-09-10 08:43:48 [DEBUG] รอบตรวจ: แท่งล่าสุด 2026-09-10 04:15:00 close 4410.38 spread 39.0 (ประมวลผลแล้ว)
2026-09-10 08:44:18 [DEBUG] รอบตรวจ: แท่งล่าสุด 2026-09-10 04:15:00 close 4410.38 spread 39.0 (ประมวลผลแล้ว)
2026-09-10 08:44:48 [DEBUG] รอบตรวจ: แท่งล่าสุด 2026-09-10 04:15:00 close 4410.38 spread 39.0 (ประมวลผลแล้ว)
2026-09-10 08:45:18 [DEBUG] รอบตรวจ: แท่งล่าสุด 2026-09-10 04:30:00 close 4409.92 spread 39.0 (แท่งใหม่)
2026-09-10 08:45:18 [INFO] แท่งปิด 2026-09-10 04:30:00 | Close 4409.92 | H1 UPTREND | M5 UPTREND | RSI 58.8 | ADX 16.6 | ATR 7.18 | Spread 39.0
2026-09-10 08:45:18 [INFO] คำตัดสิน: HOLD — ยังไม่มีสัญญาณตัดกัน
2026-09-10 08:45:18 [DEBUG]   [ไม่ผ่าน] สัญญาณตัดกัน M15: MA20/MA50 ให้ HOLD
2026-09-10 08:45:18 [DEBUG] Starting new HTTPS connection (1): api.telegram.org:443
2026-09-10 08:45:19 [DEBUG] https://api.telegram.org:443 "POST /bot8624918359:AAGleKax3bKKXX_pdgTMX49IIYtUJVqWf48/sendMessage HTTP/1.1" 200 1393
2026-09-10 08:45:49 [DEBUG] รอบตรวจ: แท่งล่าสุด 2026-09-10 04:30:00 close 4409.92 spread 39.0 (ประมวลผลแล้ว)
2026-09-10 08:46:19 [DEBUG] รอบตรวจ: แท่งล่าสุด 2026-09-10 04:30:00 close 4409.92 spread 39.0 (ประมวลผลแล้ว)
2026-09-10 08:46:49 [DEBUG] รอบตรวจ: แท่งล่าสุด 2026-09-10 04:30:00 close 4409.92 spread 39.0 (ประมวลผลแล้ว)
2026-09-10 08:47:19 [DEBUG] รอบตรวจ: แท่งล่าสุด 2026-09-10 04:30:00 close 4409.92 spread 37.0 (ประมวลผลแล้ว)
2026-09-10 08:47:49 [DEBUG] รอบตรวจ: แท่งล่าสุด 2026-09-10 04:30:00 close 4409.92 spread 39.0 (ประมวลผลแล้ว)
2026-09-10 08:48:19 [DEBUG] รอบตรวจ: แท่งล่าสุด 2026-09-10 04:30:00 close 4409.92 spread 39.0 (ประมวลผลแล้ว)
2026-09-10 08:48:49 [DEBUG] รอบตรวจ: แท่งล่าสุด 2026-09-10 04:30:00 close 4409.92 spread 39.0 (ประมวลผลแล้ว)
2026-09-10 08:49:19 [DEBUG] รอบตรวจ: แท่งล่าสุด 2026-09-10 04:30:00 close 4409.92 spread 39.0 (ประมวลผลแล้ว)
2026-09-10 08:49:49 [DEBUG] รอบตรวจ: แท่งล่าสุด 2026-09-10 04:30:00 close 4409.92 spread 39.0 (ประมวลผลแล้ว)
2026-09-10 08:50:19 [DEBUG] รอบตรวจ: แท่งล่าสุด 2026-09-10 04:30:00 close 4409.92 spread 39.0 (ประมวลผลแล้ว)
2026-09-10 08:50:49 [DEBUG] รอบตรวจ: แท่งล่าสุด 2026-09-10 04:30:00 close 4409.92 spread 39.0 (ประมวลผลแล้ว)
2026-09-10 08:51:19 [DEBUG] รอบตรวจ: แท่งล่าสุด 2026-09-10 04:30:00 close 4409.92 spread 33.0 (ประมวลผลแล้ว)
2026-09-10 08:51:49 [DEBUG] รอบตรวจ: แท่งล่าสุด 2026-09-10 04:30:00 close 4409.92 spread 39.0 (ประมวลผลแล้ว)
2026-09-10 08:52:19 [DEBUG] รอบตรวจ: แท่งล่าสุด 2026-09-10 04:30:00 close 4409.92 spread 39.0 (ประมวลผลแล้ว)
2026-09-10 08:52:49 [DEBUG] รอบตรวจ: แท่งล่าสุด 2026-09-10 04:30:00 close 4409.92 spread 38.0 (ประมวลผลแล้ว)
2026-09-10 08:53:19 [DEBUG] รอบตรวจ: แท่งล่าสุด 2026-09-10 04:30:00 close 4409.92 spread 37.0 (ประมวลผลแล้ว)
2026-09-10 08:53:49 [DEBUG] รอบตรวจ: แท่งล่าสุด 2026-09-10 04:30:00 close 4409.92 spread 36.0 (ประมวลผลแล้ว)
2026-09-10 08:54:19 [DEBUG] รอบตรวจ: แท่งล่าสุด 2026-09-10 04:30:00 close 4409.92 spread 39.0 (ประมวลผลแล้ว)
2026-09-10 08:54:49 [DEBUG] รอบตรวจ: แท่งล่าสุด 2026-09-10 04:30:00 close 4409.92 spread 39.0 (ประมวลผลแล้ว)
2026-09-10 08:55:19 [DEBUG] รอบตรวจ: แท่งล่าสุด 2026-09-10 04:30:00 close 4409.92 spread 39.0 (ประมวลผลแล้ว)
2026-09-10 08:55:49 [DEBUG] รอบตรวจ: แท่งล่าสุด 2026-09-10 04:30:00 close 4409.92 spread 39.0 (ประมวลผลแล้ว)
2026-09-10 08:56:19 [DEBUG] รอบตรวจ: แท่งล่าสุด 2026-09-10 04:30:00 close 4409.92 spread 39.0 (ประมวลผลแล้ว)
2026-09-10 08:56:49 [DEBUG] รอบตรวจ: แท่งล่าสุด 2026-09-10 04:30:00 close 4409.92 spread 39.0 (ประมวลผลแล้ว)
2026-09-10 08:57:19 [DEBUG] รอบตรวจ: แท่งล่าสุด 2026-09-10 04:30:00 close 4409.92 spread 39.0 (ประมวลผลแล้ว)
2026-09-10 08:57:49 [DEBUG] รอบตรวจ: แท่งล่าสุด 2026-09-10 04:30:00 close 4409.92 spread 39.0 (ประมวลผลแล้ว)
2026-09-10 08:58:19 [DEBUG] รอบตรวจ: แท่งล่าสุด 2026-09-10 04:30:00 close 4409.92 spread 39.0 (ประมวลผลแล้ว)
2026-09-10 08:58:49 [DEBUG] รอบตรวจ: แท่งล่าสุด 2026-09-10 04:30:00 close 4409.92 spread 39.0 (ประมวลผลแล้ว)
2026-09-10 08:59:19 [DEBUG] รอบตรวจ: แท่งล่าสุด 2026-09-10 04:30:00 close 4409.92 spread 39.0 (ประมวลผลแล้ว)
2026-09-10 08:59:49 [DEBUG] รอบตรวจ: แท่งล่าสุด 2026-09-10 04:30:00 close 4409.92 spread 39.0 (ประมวลผลแล้ว)
2026-09-10 09:00:20 [DEBUG] รอบตรวจ: แท่งล่าสุด 2026-09-10 04:45:00 close 4412.09 spread 39.0 (แท่งใหม่)
2026-09-10 09:00:20 [INFO] แท่งปิด 2026-09-10 04:45:00 | Close 4412.09 | H1 UPTREND | M5 UPTREND | RSI 60.9 | ADX 16.7 | ATR 7.13 | Spread 39.0
2026-09-10 09:00:20 [INFO] คำตัดสิน: HOLD — ยังไม่มีสัญญาณตัดกัน
2026-09-10 09:00:20 [DEBUG]   [ไม่ผ่าน] สัญญาณตัดกัน M15: MA20/MA50 ให้ HOLD
2026-09-10 09:00:20 [DEBUG] Starting new HTTPS connection (1): api.telegram.org:443
2026-09-10 09:00:21 [DEBUG] https://api.telegram.org:443 "POST /bot8624918359:AAGleKax3bKKXX_pdgTMX49IIYtUJVqWf48/sendMessage HTTP/1.1" 200 1393
2026-09-10 09:00:51 [DEBUG] รอบตรวจ: แท่งล่าสุด 2026-09-10 04:45:00 close 4412.09 spread 39.0 (ประมวลผลแล้ว)
2026-09-10 09:01:21 [DEBUG] รอบตรวจ: แท่งล่าสุด 2026-09-10 04:45:00 close 4412.09 spread 39.0 (ประมวลผลแล้ว)
2026-09-10 09:01:51 [DEBUG] รอบตรวจ: แท่งล่าสุด 2026-09-10 04:45:00 close 4412.09 spread 39.0 (ประมวลผลแล้ว)
2026-09-10 09:02:21 [DEBUG] รอบตรวจ: แท่งล่าสุด 2026-09-10 04:45:00 close 4412.09 spread 39.0 (ประมวลผลแล้ว)
2026-09-10 09:02:51 [DEBUG] รอบตรวจ: แท่งล่าสุด 2026-09-10 04:45:00 close 4412.09 spread 37.0 (ประมวลผลแล้ว)
2026-09-10 09:03:21 [DEBUG] รอบตรวจ: แท่งล่าสุด 2026-09-10 04:45:00 close 4412.09 spread 39.0 (ประมวลผลแล้ว)
2026-09-10 09:03:51 [DEBUG] รอบตรวจ: แท่งล่าสุด 2026-09-10 04:45:00 close 4412.09 spread 39.0 (ประมวลผลแล้ว)
2026-09-10 09:04:21 [DEBUG] รอบตรวจ: แท่งล่าสุด 2026-09-10 04:45:00 close 4412.09 spread 39.0 (ประมวลผลแล้ว)
2026-09-10 09:04:51 [DEBUG] รอบตรวจ: แท่งล่าสุด 2026-09-10 04:45:00 close 4412.09 spread 39.0 (ประมวลผลแล้ว)
2026-09-10 09:05:15 [DEBUG] Starting new HTTPS connection (1): api.telegram.org:443
2026-09-10 09:05:16 [DEBUG] https://api.telegram.org:443 "POST /bot8624918359:AAGleKax3bKKXX_pdgTMX49IIYtUJVqWf48/sendMessage HTTP/1.1" 200 894
2026-09-10 22:50:27 [INFO] บัญชี 106516572 (Demo) server FBS-Demo balance 1000.00 USD
2026-09-10 22:50:27 [INFO] โหมด: เทรดจริง
2026-09-10 22:50:27 [INFO] ตลาด: XAUUSD | เข้า M15 | เทรนด์ H1 | ยืนยัน M5
2026-09-10 22:50:27 [INFO] ตัวกรองที่เปิด: เทรนด์ H1, ADX >= 20, RSI 30-70, M5 ไม่สวนทาง, spread <= 50
2026-09-10 22:50:27 [INFO] ความเสี่ยง: 1.0% ต่อไม้ | SL 1.5xATR | TP 3.0xATR
2026-09-10 22:50:27 [INFO] ดูแลไม้: เสมอทุนที่ 1.0R, ไล่ stop จาก 1.5R ห่าง 2.0xATR | ตัวตัดวงจร: ขาดทุน 3.0%/วัน, 5 ไม้/วัน, แพ้ติดกัน 3
2026-09-10 22:50:27 [INFO] เก็บกำไรบางส่วน: 50% ที่ 1.0R | heartbeat ทุก 12 ชั่วโมง
2026-09-10 22:50:27 [INFO] Symbol: 2 หลัก, point 0.01, lot 0.01-500.00 ก้าว 0.01, stops level 0 points
2026-09-10 22:50:27 [INFO] เวลาเซิร์ฟเวอร์ broker = GMT+3 (ใช้ตั้ง SESSION_HOURS)
2026-09-10 22:50:27 [INFO] แจ้งเตือน Telegram: 🤖 ระบบ, 🕒 ตลาด, 📊 สัญญาณ, 🚀 เข้าไม้, 🛡️ ดูแลไม้, 🏁 ปิดไม้, ⚠️ ความเสี่ยง, 📅 สรุป
2026-09-10 22:50:27 [DEBUG] Starting new HTTPS connection (1): api.telegram.org:443
2026-09-10 22:50:28 [DEBUG] https://api.telegram.org:443 "POST /bot8624918359:AAGleKax3bKKXX_pdgTMX49IIYtUJVqWf48/sendMessage HTTP/1.1" 200 1826
2026-09-10 22:50:28 [INFO] ส่ง heartbeat: ถืออยู่ 0 ไม้ equity 1000.00
2026-09-10 22:50:28 [DEBUG] Starting new HTTPS connection (1): api.telegram.org:443
2026-09-10 22:50:30 [DEBUG] https://api.telegram.org:443 "POST /bot8624918359:AAGleKax3bKKXX_pdgTMX49IIYtUJVqWf48/sendMessage HTTP/1.1" 200 995
2026-09-10 22:50:30 [DEBUG] รอบตรวจ: แท่งล่าสุด 2026-09-10 18:30:00 close 4365.80 spread 34.0 (แท่งใหม่)
2026-09-10 22:50:30 [INFO] แท่งปิด 2026-09-10 18:30:00 | Close 4365.80 | H1 UPTREND | M5 UPTREND | RSI 45.3 | ADX 35.7 | ATR 12.80 | Spread 34.0
2026-09-10 22:50:30 [INFO] คำตัดสิน: HOLD — ยังไม่มีสัญญาณตัดกัน
2026-09-10 22:50:30 [DEBUG]   [ไม่ผ่าน] สัญญาณตัดกัน M15: MA20/MA50 ให้ HOLD
2026-09-10 22:50:30 [DEBUG] Starting new HTTPS connection (1): api.telegram.org:443
2026-09-10 22:50:31 [DEBUG] https://api.telegram.org:443 "POST /bot8624918359:AAGleKax3bKKXX_pdgTMX49IIYtUJVqWf48/sendMessage HTTP/1.1" 200 1397
2026-09-10 22:51:01 [DEBUG] รอบตรวจ: แท่งล่าสุด 2026-09-10 18:30:00 close 4365.80 spread 28.0 (ประมวลผลแล้ว)
2026-09-10 22:51:31 [DEBUG] รอบตรวจ: แท่งล่าสุด 2026-09-10 18:30:00 close 4365.80 spread 32.0 (ประมวลผลแล้ว)
2026-09-10 22:52:01 [DEBUG] รอบตรวจ: แท่งล่าสุด 2026-09-10 18:30:00 close 4365.80 spread 27.0 (ประมวลผลแล้ว)
2026-09-10 22:52:31 [DEBUG] รอบตรวจ: แท่งล่าสุด 2026-09-10 18:30:00 close 4365.80 spread 30.0 (ประมวลผลแล้ว)
2026-09-10 22:53:01 [DEBUG] รอบตรวจ: แท่งล่าสุด 2026-09-10 18:30:00 close 4365.80 spread 29.0 (ประมวลผลแล้ว)
2026-09-10 22:53:31 [DEBUG] รอบตรวจ: แท่งล่าสุด 2026-09-10 18:30:00 close 4365.80 spread 36.0 (ประมวลผลแล้ว)
2026-09-10 22:54:01 [DEBUG] รอบตรวจ: แท่งล่าสุด 2026-09-10 18:30:00 close 4365.80 spread 32.0 (ประมวลผลแล้ว)
2026-09-10 22:54:31 [DEBUG] รอบตรวจ: แท่งล่าสุด 2026-09-10 18:30:00 close 4365.80 spread 36.0 (ประมวลผลแล้ว)
2026-09-10 22:55:01 [DEBUG] รอบตรวจ: แท่งล่าสุด 2026-09-10 18:30:00 close 4365.80 spread 25.0 (ประมวลผลแล้ว)
2026-09-10 22:55:31 [DEBUG] รอบตรวจ: แท่งล่าสุด 2026-09-10 18:30:00 close 4365.80 spread 23.0 (ประมวลผลแล้ว)
2026-09-10 22:56:01 [DEBUG] รอบตรวจ: แท่งล่าสุด 2026-09-10 18:30:00 close 4365.80 spread 30.0 (ประมวลผลแล้ว)
2026-09-10 22:56:31 [DEBUG] รอบตรวจ: แท่งล่าสุด 2026-09-10 18:30:00 close 4365.80 spread 32.0 (ประมวลผลแล้ว)
2026-09-10 22:57:01 [DEBUG] รอบตรวจ: แท่งล่าสุด 2026-09-10 18:30:00 close 4365.80 spread 24.0 (ประมวลผลแล้ว)
2026-09-10 22:57:31 [DEBUG] รอบตรวจ: แท่งล่าสุด 2026-09-10 18:30:00 close 4365.80 spread 29.0 (ประมวลผลแล้ว)
2026-09-10 22:58:01 [DEBUG] รอบตรวจ: แท่งล่าสุด 2026-09-10 18:30:00 close 4365.80 spread 32.0 (ประมวลผลแล้ว)
2026-09-10 22:58:31 [DEBUG] รอบตรวจ: แท่งล่าสุด 2026-09-10 18:30:00 close 4365.80 spread 35.0 (ประมวลผลแล้ว)
2026-09-10 22:59:01 [DEBUG] รอบตรวจ: แท่งล่าสุด 2026-09-10 18:30:00 close 4365.80 spread 29.0 (ประมวลผลแล้ว)
2026-09-10 22:59:31 [DEBUG] รอบตรวจ: แท่งล่าสุด 2026-09-10 18:30:00 close 4365.80 spread 28.0 (ประมวลผลแล้ว)
2026-09-10 23:00:01 [DEBUG] รอบตรวจ: แท่งล่าสุด 2026-09-10 18:45:00 close 4365.75 spread 30.0 (แท่งใหม่)
2026-09-10 23:00:01 [INFO] แท่งปิด 2026-09-10 18:45:00 | Close 4365.75 | H1 UPTREND | M5 UPTREND | RSI 45.3 | ADX 34.8 | ATR 12.54 | Spread 30.0
2026-09-10 23:00:01 [INFO] คำตัดสิน: HOLD — ยังไม่มีสัญญาณตัดกัน
2026-09-10 23:00:01 [DEBUG]   [ไม่ผ่าน] สัญญาณตัดกัน M15: MA20/MA50 ให้ HOLD
2026-09-10 23:00:01 [DEBUG] Starting new HTTPS connection (1): api.telegram.org:443
2026-09-10 23:00:03 [DEBUG] https://api.telegram.org:443 "POST /bot8624918359:AAGleKax3bKKXX_pdgTMX49IIYtUJVqWf48/sendMessage HTTP/1.1" 200 1397
2026-09-10 23:00:33 [DEBUG] รอบตรวจ: แท่งล่าสุด 2026-09-10 18:45:00 close 4365.75 spread 32.0 (ประมวลผลแล้ว)
2026-09-10 23:01:03 [DEBUG] รอบตรวจ: แท่งล่าสุด 2026-09-10 18:45:00 close 4365.75 spread 25.0 (ประมวลผลแล้ว)
2026-09-10 23:01:33 [DEBUG] รอบตรวจ: แท่งล่าสุด 2026-09-10 18:45:00 close 4365.75 spread 26.0 (ประมวลผลแล้ว)
2026-09-10 23:02:03 [DEBUG] รอบตรวจ: แท่งล่าสุด 2026-09-10 18:45:00 close 4365.75 spread 26.0 (ประมวลผลแล้ว)
2026-09-10 23:02:33 [DEBUG] รอบตรวจ: แท่งล่าสุด 2026-09-10 18:45:00 close 4365.75 spread 26.0 (ประมวลผลแล้ว)
2026-09-10 23:03:03 [DEBUG] รอบตรวจ: แท่งล่าสุด 2026-09-10 18:45:00 close 4365.75 spread 26.0 (ประมวลผลแล้ว)
2026-09-10 23:03:33 [DEBUG] รอบตรวจ: แท่งล่าสุด 2026-09-10 18:45:00 close 4365.75 spread 24.0 (ประมวลผลแล้ว)
2026-09-10 23:04:03 [DEBUG] รอบตรวจ: แท่งล่าสุด 2026-09-10 18:45:00 close 4365.75 spread 24.0 (ประมวลผลแล้ว)
2026-09-10 23:04:33 [DEBUG] รอบตรวจ: แท่งล่าสุด 2026-09-10 18:45:00 close 4365.75 spread 24.0 (ประมวลผลแล้ว)
2026-09-10 23:05:03 [DEBUG] รอบตรวจ: แท่งล่าสุด 2026-09-10 18:45:00 close 4365.75 spread 24.0 (ประมวลผลแล้ว)
2026-09-10 23:05:33 [DEBUG] รอบตรวจ: แท่งล่าสุด 2026-09-10 18:45:00 close 4365.75 spread 24.0 (ประมวลผลแล้ว)
2026-09-10 23:06:03 [DEBUG] รอบตรวจ: แท่งล่าสุด 2026-09-10 18:45:00 close 4365.75 spread 24.0 (ประมวลผลแล้ว)
2026-09-10 23:06:33 [DEBUG] รอบตรวจ: แท่งล่าสุด 2026-09-10 18:45:00 close 4365.75 spread 33.0 (ประมวลผลแล้ว)
2026-09-10 23:07:03 [DEBUG] รอบตรวจ: แท่งล่าสุด 2026-09-10 18:45:00 close 4365.75 spread 27.0 (ประมวลผลแล้ว)
2026-09-10 23:07:33 [DEBUG] รอบตรวจ: แท่งล่าสุด 2026-09-10 18:45:00 close 4365.75 spread 24.0 (ประมวลผลแล้ว)
2026-09-10 23:08:03 [DEBUG] รอบตรวจ: แท่งล่าสุด 2026-09-10 18:45:00 close 4365.75 spread 32.0 (ประมวลผลแล้ว)
2026-09-10 23:08:33 [DEBUG] รอบตรวจ: แท่งล่าสุด 2026-09-10 18:45:00 close 4365.75 spread 24.0 (ประมวลผลแล้ว)
2026-09-10 23:09:03 [DEBUG] รอบตรวจ: แท่งล่าสุด 2026-09-10 18:45:00 close 4365.75 spread 32.0 (ประมวลผลแล้ว)
2026-09-10 23:09:33 [DEBUG] รอบตรวจ: แท่งล่าสุด 2026-09-10 18:45:00 close 4365.75 spread 29.0 (ประมวลผลแล้ว)
2026-09-10 23:10:03 [DEBUG] รอบตรวจ: แท่งล่าสุด 2026-09-10 18:45:00 close 4365.75 spread 37.0 (ประมวลผลแล้ว)
2026-09-10 23:10:33 [DEBUG] รอบตรวจ: แท่งล่าสุด 2026-09-10 18:45:00 close 4365.75 spread 31.0 (ประมวลผลแล้ว)
2026-09-10 23:11:03 [DEBUG] รอบตรวจ: แท่งล่าสุด 2026-09-10 18:45:00 close 4365.75 spread 32.0 (ประมวลผลแล้ว)
2026-09-10 23:11:33 [DEBUG] รอบตรวจ: แท่งล่าสุด 2026-09-10 18:45:00 close 4365.75 spread 28.0 (ประมวลผลแล้ว)
2026-09-10 23:12:03 [DEBUG] รอบตรวจ: แท่งล่าสุด 2026-09-10 18:45:00 close 4365.75 spread 30.0 (ประมวลผลแล้ว)
2026-09-10 23:12:33 [DEBUG] รอบตรวจ: แท่งล่าสุด 2026-09-10 18:45:00 close 4365.75 spread 36.0 (ประมวลผลแล้ว)
2026-09-10 23:13:03 [DEBUG] รอบตรวจ: แท่งล่าสุด 2026-09-10 18:45:00 close 4365.75 spread 37.0 (ประมวลผลแล้ว)
2026-09-10 23:13:33 [DEBUG] รอบตรวจ: แท่งล่าสุด 2026-09-10 18:45:00 close 4365.75 spread 34.0 (ประมวลผลแล้ว)
2026-09-10 23:14:03 [DEBUG] รอบตรวจ: แท่งล่าสุด 2026-09-10 18:45:00 close 4365.75 spread 23.0 (ประมวลผลแล้ว)
2026-09-10 23:14:33 [DEBUG] รอบตรวจ: แท่งล่าสุด 2026-09-10 18:45:00 close 4365.75 spread 27.0 (ประมวลผลแล้ว)
2026-09-10 23:15:03 [DEBUG] รอบตรวจ: แท่งล่าสุด 2026-09-10 19:00:00 close 4359.02 spread 28.0 (แท่งใหม่)
2026-09-10 23:15:03 [INFO] แท่งปิด 2026-09-10 19:00:00 | Close 4359.02 | H1 UPTREND | M5 UPTREND | RSI 40.5 | ADX 34.4 | ATR 12.79 | Spread 28.0
2026-09-10 23:15:03 [INFO] คำตัดสิน: HOLD — ยังไม่มีสัญญาณตัดกัน
2026-09-10 23:15:03 [DEBUG]   [ไม่ผ่าน] สัญญาณตัดกัน M15: MA20/MA50 ให้ HOLD
2026-09-10 23:15:03 [DEBUG] Starting new HTTPS connection (1): api.telegram.org:443
2026-09-10 23:15:04 [DEBUG] https://api.telegram.org:443 "POST /bot8624918359:AAGleKax3bKKXX_pdgTMX49IIYtUJVqWf48/sendMessage HTTP/1.1" 200 1397
2026-09-10 23:15:34 [DEBUG] รอบตรวจ: แท่งล่าสุด 2026-09-10 19:00:00 close 4359.02 spread 27.0 (ประมวลผลแล้ว)
2026-09-10 23:16:04 [DEBUG] รอบตรวจ: แท่งล่าสุด 2026-09-10 19:00:00 close 4359.02 spread 37.0 (ประมวลผลแล้ว)
2026-09-10 23:16:34 [DEBUG] รอบตรวจ: แท่งล่าสุด 2026-09-10 19:00:00 close 4359.02 spread 33.0 (ประมวลผลแล้ว)
2026-09-10 23:17:04 [DEBUG] รอบตรวจ: แท่งล่าสุด 2026-09-10 19:00:00 close 4359.02 spread 31.0 (ประมวลผลแล้ว)
2026-09-10 23:17:34 [DEBUG] รอบตรวจ: แท่งล่าสุด 2026-09-10 19:00:00 close 4359.02 spread 29.0 (ประมวลผลแล้ว)
2026-09-10 23:18:04 [DEBUG] รอบตรวจ: แท่งล่าสุด 2026-09-10 19:00:00 close 4359.02 spread 28.0 (ประมวลผลแล้ว)
2026-09-10 23:18:34 [DEBUG] รอบตรวจ: แท่งล่าสุด 2026-09-10 19:00:00 close 4359.02 spread 30.0 (ประมวลผลแล้ว)
2026-09-10 23:19:04 [DEBUG] รอบตรวจ: แท่งล่าสุด 2026-09-10 19:00:00 close 4359.02 spread 30.0 (ประมวลผลแล้ว)
2026-09-10 23:19:34 [DEBUG] รอบตรวจ: แท่งล่าสุด 2026-09-10 19:00:00 close 4359.02 spread 27.0 (ประมวลผลแล้ว)
2026-09-10 23:20:04 [DEBUG] รอบตรวจ: แท่งล่าสุด 2026-09-10 19:00:00 close 4359.02 spread 26.0 (ประมวลผลแล้ว)
2026-09-10 23:20:34 [DEBUG] รอบตรวจ: แท่งล่าสุด 2026-09-10 19:00:00 close 4359.02 spread 27.0 (ประมวลผลแล้ว)
2026-09-10 23:21:04 [DEBUG] รอบตรวจ: แท่งล่าสุด 2026-09-10 19:00:00 close 4359.02 spread 32.0 (ประมวลผลแล้ว)
2026-09-10 23:21:34 [DEBUG] รอบตรวจ: แท่งล่าสุด 2026-09-10 19:00:00 close 4359.02 spread 31.0 (ประมวลผลแล้ว)
2026-09-10 23:22:04 [DEBUG] รอบตรวจ: แท่งล่าสุด 2026-09-10 19:00:00 close 4359.02 spread 33.0 (ประมวลผลแล้ว)
2026-09-10 23:22:34 [DEBUG] รอบตรวจ: แท่งล่าสุด 2026-09-10 19:00:00 close 4359.02 spread 36.0 (ประมวลผลแล้ว)
2026-09-10 23:23:04 [DEBUG] รอบตรวจ: แท่งล่าสุด 2026-09-10 19:00:00 close 4359.02 spread 35.0 (ประมวลผลแล้ว)
2026-09-10 23:23:34 [DEBUG] รอบตรวจ: แท่งล่าสุด 2026-09-10 19:00:00 close 4359.02 spread 24.0 (ประมวลผลแล้ว)
2026-09-10 23:24:04 [DEBUG] รอบตรวจ: แท่งล่าสุด 2026-09-10 19:00:00 close 4359.02 spread 26.0 (ประมวลผลแล้ว)
2026-09-10 23:24:34 [DEBUG] รอบตรวจ: แท่งล่าสุด 2026-09-10 19:00:00 close 4359.02 spread 24.0 (ประมวลผลแล้ว)
2026-09-10 23:25:04 [DEBUG] รอบตรวจ: แท่งล่าสุด 2026-09-10 19:00:00 close 4359.02 spread 28.0 (ประมวลผลแล้ว)
2026-09-10 23:25:34 [DEBUG] รอบตรวจ: แท่งล่าสุด 2026-09-10 19:00:00 close 4359.02 spread 28.0 (ประมวลผลแล้ว)
2026-09-10 23:26:04 [DEBUG] รอบตรวจ: แท่งล่าสุด 2026-09-10 19:00:00 close 4359.02 spread 27.0 (ประมวลผลแล้ว)
2026-09-10 23:26:34 [DEBUG] รอบตรวจ: แท่งล่าสุด 2026-09-10 19:00:00 close 4359.02 spread 27.0 (ประมวลผลแล้ว)
2026-09-10 23:27:04 [DEBUG] รอบตรวจ: แท่งล่าสุด 2026-09-10 19:00:00 close 4359.02 spread 28.0 (ประมวลผลแล้ว)
2026-09-10 23:27:34 [DEBUG] รอบตรวจ: แท่งล่าสุด 2026-09-10 19:00:00 close 4359.02 spread 28.0 (ประมวลผลแล้ว)
2026-09-10 23:28:04 [DEBUG] รอบตรวจ: แท่งล่าสุด 2026-09-10 19:00:00 close 4359.02 spread 27.0 (ประมวลผลแล้ว)
2026-09-10 23:28:34 [DEBUG] รอบตรวจ: แท่งล่าสุด 2026-09-10 19:00:00 close 4359.02 spread 27.0 (ประมวลผลแล้ว)
2026-09-10 23:29:04 [DEBUG] รอบตรวจ: แท่งล่าสุด 2026-09-10 19:00:00 close 4359.02 spread 32.0 (ประมวลผลแล้ว)
2026-09-10 23:29:34 [DEBUG] รอบตรวจ: แท่งล่าสุด 2026-09-10 19:00:00 close 4359.02 spread 26.0 (ประมวลผลแล้ว)
2026-09-10 23:30:04 [DEBUG] รอบตรวจ: แท่งล่าสุด 2026-09-10 19:15:00 close 4362.98 spread 29.0 (แท่งใหม่)
2026-09-10 23:30:04 [INFO] แท่งปิด 2026-09-10 19:15:00 | Close 4362.98 | H1 UPTREND | M5 UPTREND | RSI 44.2 | ADX 34.1 | ATR 12.47 | Spread 29.0
2026-09-10 23:30:04 [INFO] คำตัดสิน: HOLD — ยังไม่มีสัญญาณตัดกัน
2026-09-10 23:30:04 [DEBUG]   [ไม่ผ่าน] สัญญาณตัดกัน M15: MA20/MA50 ให้ HOLD
2026-09-10 23:30:04 [DEBUG] Starting new HTTPS connection (1): api.telegram.org:443
2026-09-10 23:30:06 [DEBUG] https://api.telegram.org:443 "POST /bot8624918359:AAGleKax3bKKXX_pdgTMX49IIYtUJVqWf48/sendMessage HTTP/1.1" 200 1397
2026-09-10 23:30:36 [DEBUG] รอบตรวจ: แท่งล่าสุด 2026-09-10 19:15:00 close 4362.98 spread 26.0 (ประมวลผลแล้ว)
2026-09-10 23:31:06 [DEBUG] รอบตรวจ: แท่งล่าสุด 2026-09-10 19:15:00 close 4362.98 spread 34.0 (ประมวลผลแล้ว)
2026-09-10 23:31:36 [DEBUG] รอบตรวจ: แท่งล่าสุด 2026-09-10 19:15:00 close 4362.98 spread 35.0 (ประมวลผลแล้ว)
2026-09-10 23:32:06 [DEBUG] รอบตรวจ: แท่งล่าสุด 2026-09-10 19:15:00 close 4362.98 spread 37.0 (ประมวลผลแล้ว)
2026-09-10 23:32:36 [DEBUG] รอบตรวจ: แท่งล่าสุด 2026-09-10 19:15:00 close 4362.98 spread 37.0 (ประมวลผลแล้ว)
2026-09-10 23:33:06 [DEBUG] รอบตรวจ: แท่งล่าสุด 2026-09-10 19:15:00 close 4362.98 spread 33.0 (ประมวลผลแล้ว)
2026-09-10 23:33:36 [DEBUG] รอบตรวจ: แท่งล่าสุด 2026-09-10 19:15:00 close 4362.98 spread 26.0 (ประมวลผลแล้ว)
2026-09-10 23:34:06 [DEBUG] รอบตรวจ: แท่งล่าสุด 2026-09-10 19:15:00 close 4362.98 spread 28.0 (ประมวลผลแล้ว)
2026-09-10 23:34:36 [DEBUG] รอบตรวจ: แท่งล่าสุด 2026-09-10 19:15:00 close 4362.98 spread 37.0 (ประมวลผลแล้ว)
2026-09-10 23:35:06 [DEBUG] รอบตรวจ: แท่งล่าสุด 2026-09-10 19:15:00 close 4362.98 spread 32.0 (ประมวลผลแล้ว)
2026-09-10 23:35:36 [DEBUG] รอบตรวจ: แท่งล่าสุด 2026-09-10 19:15:00 close 4362.98 spread 32.0 (ประมวลผลแล้ว)
2026-09-10 23:36:06 [DEBUG] รอบตรวจ: แท่งล่าสุด 2026-09-10 19:15:00 close 4362.98 spread 32.0 (ประมวลผลแล้ว)
2026-09-10 23:36:36 [DEBUG] รอบตรวจ: แท่งล่าสุด 2026-09-10 19:15:00 close 4362.98 spread 35.0 (ประมวลผลแล้ว)
2026-09-10 23:37:06 [DEBUG] รอบตรวจ: แท่งล่าสุด 2026-09-10 19:15:00 close 4362.98 spread 33.0 (ประมวลผลแล้ว)
2026-09-10 23:37:36 [DEBUG] รอบตรวจ: แท่งล่าสุด 2026-09-10 19:15:00 close 4362.98 spread 34.0 (ประมวลผลแล้ว)
2026-09-10 23:37:40 [DEBUG] Starting new HTTPS connection (1): api.telegram.org:443
2026-09-10 23:37:41 [DEBUG] https://api.telegram.org:443 "POST /bot8624918359:AAGleKax3bKKXX_pdgTMX49IIYtUJVqWf48/sendMessage HTTP/1.1" 200 894
2026-09-10 23:37:51 [INFO] บัญชี 106516572 (Demo) server FBS-Demo balance 1000.00 USD
2026-09-10 23:37:51 [INFO] โหมด: เทรดจริง
2026-09-10 23:37:51 [INFO] ตลาด: XAUUSD | เข้า M15 | เทรนด์ H1 | ยืนยัน M5
2026-09-10 23:37:51 [INFO] ตัวกรองที่เปิด: เทรนด์ H1, ADX >= 20, RSI 30-70, M5 ไม่สวนทาง, spread <= 50
2026-09-10 23:37:51 [INFO] ความเสี่ยง: 1.0% ต่อไม้ | SL 1.5xATR | TP 3.0xATR
2026-09-10 23:37:51 [INFO] ดูแลไม้: เสมอทุนที่ 1.0R, ไล่ stop จาก 1.5R ห่าง 2.0xATR | ตัวตัดวงจร: ขาดทุน 3.0%/วัน, 5 ไม้/วัน, แพ้ติดกัน 3
2026-09-10 23:37:51 [INFO] เก็บกำไรบางส่วน: 50% ที่ 1.0R | heartbeat ทุก 12 ชั่วโมง
2026-09-10 23:37:51 [INFO] Symbol: 2 หลัก, point 0.01, lot 0.01-500.00 ก้าว 0.01, stops level 0 points
2026-09-10 23:37:51 [INFO] เวลาเซิร์ฟเวอร์ broker = GMT+3 (ใช้ตั้ง SESSION_HOURS)
2026-09-10 23:37:51 [INFO] แจ้งเตือน Telegram: 🤖 ระบบ, 🕒 ตลาด, 📊 สัญญาณ, 🚀 เข้าไม้, 🛡️ ดูแลไม้, 🏁 ปิดไม้, ⚠️ ความเสี่ยง, 📅 สรุป
2026-09-10 23:37:51 [DEBUG] Starting new HTTPS connection (1): api.telegram.org:443
2026-09-10 23:37:55 [DEBUG] https://api.telegram.org:443 "POST /bot8624918359:AAGleKax3bKKXX_pdgTMX49IIYtUJVqWf48/sendMessage HTTP/1.1" 200 1826
2026-09-10 23:37:55 [DEBUG] รอบตรวจ: แท่งล่าสุด 2026-09-10 19:15:00 close 4362.98 spread 32.0 (ประมวลผลแล้ว)
2026-09-10 23:38:04 [DEBUG] Starting new HTTPS connection (1): api.telegram.org:443
2026-09-10 23:38:05 [DEBUG] https://api.telegram.org:443 "POST /bot8624918359:AAGleKax3bKKXX_pdgTMX49IIYtUJVqWf48/sendMessage HTTP/1.1" 200 894
2026-09-10 23:38:15 [INFO] บัญชี 106516572 (Demo) server FBS-Demo balance 1000.00 USD
2026-09-10 23:38:15 [INFO] โหมด: เทรดจริง
2026-09-10 23:38:15 [INFO] ตลาด: XAUUSD | เข้า M15 | เทรนด์ H1 | ยืนยัน M5
2026-09-10 23:38:15 [INFO] ตัวกรองที่เปิด: เทรนด์ H1, ADX >= 20, RSI 30-70, M5 ไม่สวนทาง, spread <= 50
2026-09-10 23:38:15 [INFO] ความเสี่ยง: 1.0% ต่อไม้ | SL 1.5xATR | TP 3.0xATR
2026-09-10 23:38:15 [INFO] ดูแลไม้: เสมอทุนที่ 1.0R, ไล่ stop จาก 1.5R ห่าง 2.0xATR | ตัวตัดวงจร: ขาดทุน 3.0%/วัน, 5 ไม้/วัน, แพ้ติดกัน 3
2026-09-10 23:38:15 [INFO] เก็บกำไรบางส่วน: 50% ที่ 1.0R | heartbeat ทุก 12 ชั่วโมง
2026-09-10 23:38:15 [INFO] Symbol: 2 หลัก, point 0.01, lot 0.01-500.00 ก้าว 0.01, stops level 0 points
2026-09-10 23:38:15 [INFO] เวลาเซิร์ฟเวอร์ broker = GMT+3 (ใช้ตั้ง SESSION_HOURS)
2026-09-10 23:38:15 [INFO] แจ้งเตือน Telegram: 🤖 ระบบ, 🕒 ตลาด, 📊 สัญญาณ, 🚀 เข้าไม้, 🛡️ ดูแลไม้, 🏁 ปิดไม้, ⚠️ ความเสี่ยง, 📅 สรุป
2026-09-10 23:38:15 [DEBUG] Starting new HTTPS connection (1): api.telegram.org:443
2026-09-10 23:38:16 [DEBUG] https://api.telegram.org:443 "POST /bot8624918359:AAGleKax3bKKXX_pdgTMX49IIYtUJVqWf48/sendMessage HTTP/1.1" 200 1826
2026-09-10 23:38:16 [DEBUG] รอบตรวจ: แท่งล่าสุด 2026-09-10 19:15:00 close 4362.98 spread 35.0 (ประมวลผลแล้ว)
2026-09-10 23:38:46 [DEBUG] รอบตรวจ: แท่งล่าสุด 2026-09-10 19:15:00 close 4362.98 spread 33.0 (ประมวลผลแล้ว)
2026-09-10 23:39:16 [DEBUG] รอบตรวจ: แท่งล่าสุด 2026-09-10 19:15:00 close 4362.98 spread 27.0 (ประมวลผลแล้ว)
2026-09-10 23:39:46 [DEBUG] รอบตรวจ: แท่งล่าสุด 2026-09-10 19:15:00 close 4362.98 spread 31.0 (ประมวลผลแล้ว)
2026-09-10 23:40:16 [DEBUG] รอบตรวจ: แท่งล่าสุด 2026-09-10 19:15:00 close 4362.98 spread 31.0 (ประมวลผลแล้ว)
2026-09-10 23:40:46 [DEBUG] รอบตรวจ: แท่งล่าสุด 2026-09-10 19:15:00 close 4362.98 spread 30.0 (ประมวลผลแล้ว)
2026-09-10 23:41:16 [DEBUG] รอบตรวจ: แท่งล่าสุด 2026-09-10 19:15:00 close 4362.98 spread 30.0 (ประมวลผลแล้ว)
2026-09-10 23:41:46 [DEBUG] รอบตรวจ: แท่งล่าสุด 2026-09-10 19:15:00 close 4362.98 spread 29.0 (ประมวลผลแล้ว)
2026-09-10 23:42:16 [DEBUG] รอบตรวจ: แท่งล่าสุด 2026-09-10 19:15:00 close 4362.98 spread 31.0 (ประมวลผลแล้ว)
2026-09-10 23:42:46 [DEBUG] รอบตรวจ: แท่งล่าสุด 2026-09-10 19:15:00 close 4362.98 spread 30.0 (ประมวลผลแล้ว)
2026-09-10 23:42:50 [DEBUG] Starting new HTTPS connection (1): api.telegram.org:443
2026-09-10 23:42:51 [DEBUG] https://api.telegram.org:443 "POST /bot8624918359:AAGleKax3bKKXX_pdgTMX49IIYtUJVqWf48/sendMessage HTTP/1.1" 200 894
2026-09-10 23:43:29 [INFO] บัญชี 106516572 (Demo) server FBS-Demo balance 1000.00 USD
2026-09-10 23:43:29 [INFO] โหมด: เฝ้าดูอย่างเดียว ไม่ส่งคำสั่ง
2026-09-10 23:43:29 [INFO] ตลาด: XAUUSD | เข้า M15 | เทรนด์ H1 | ยืนยัน M5
2026-09-10 23:43:29 [INFO] ตัวกรองที่เปิด: เทรนด์ H1, ADX >= 20, RSI 30-70, M5 ไม่สวนทาง, spread <= 50
2026-09-10 23:43:29 [INFO] ความเสี่ยง: 1.0% ต่อไม้ | SL 1.5xATR | TP 3.0xATR
2026-09-10 23:43:29 [INFO] ดูแลไม้: เสมอทุนที่ 1.0R, ไล่ stop จาก 1.5R ห่าง 2.0xATR | ตัวตัดวงจร: ขาดทุน 3.0%/วัน, 5 ไม้/วัน, แพ้ติดกัน 3
2026-09-10 23:43:29 [INFO] เก็บกำไรบางส่วน: 50% ที่ 1.0R | heartbeat ทุก 12 ชั่วโมง
2026-09-10 23:43:29 [INFO] Symbol: 2 หลัก, point 0.01, lot 0.01-500.00 ก้าว 0.01, stops level 0 points
2026-09-10 23:43:29 [INFO] เวลาเซิร์ฟเวอร์ broker = GMT+3 (ใช้ตั้ง SESSION_HOURS)
2026-09-10 23:43:29 [INFO] แจ้งเตือน Telegram: 🤖 ระบบ, 🕒 ตลาด, 📊 สัญญาณ, 🚀 เข้าไม้, 🛡️ ดูแลไม้, 🏁 ปิดไม้, ⚠️ ความเสี่ยง, 📅 สรุป
2026-09-10 23:43:29 [DEBUG] Starting new HTTPS connection (1): api.telegram.org:443
2026-09-10 23:43:30 [DEBUG] https://api.telegram.org:443 "POST /bot8624918359:AAGleKax3bKKXX_pdgTMX49IIYtUJVqWf48/sendMessage HTTP/1.1" 200 1948
2026-09-10 23:43:30 [DEBUG] รอบตรวจ: แท่งล่าสุด 2026-09-10 19:15:00 close 4362.98 spread 24.0 (ประมวลผลแล้ว)
2026-09-10 23:43:40 [DEBUG] Starting new HTTPS connection (1): api.telegram.org:443
2026-09-10 23:43:42 [DEBUG] https://api.telegram.org:443 "POST /bot8624918359:AAGleKax3bKKXX_pdgTMX49IIYtUJVqWf48/sendMessage HTTP/1.1" 200 894
2026-09-10 23:43:48 [INFO] บัญชี 106516572 (Demo) server FBS-Demo balance 1000.00 USD
2026-09-10 23:43:48 [INFO] โหมด: เทรดจริง
2026-09-10 23:43:48 [INFO] ตลาด: XAUUSD | เข้า M15 | เทรนด์ H1 | ยืนยัน M5
2026-09-10 23:43:48 [INFO] ตัวกรองที่เปิด: เทรนด์ H1, ADX >= 20, RSI 30-70, M5 ไม่สวนทาง, spread <= 50
2026-09-10 23:43:48 [INFO] ความเสี่ยง: 1.0% ต่อไม้ | SL 1.5xATR | TP 3.0xATR
2026-09-10 23:43:48 [INFO] ดูแลไม้: เสมอทุนที่ 1.0R, ไล่ stop จาก 1.5R ห่าง 2.0xATR | ตัวตัดวงจร: ขาดทุน 3.0%/วัน, 5 ไม้/วัน, แพ้ติดกัน 3
2026-09-10 23:43:48 [INFO] เก็บกำไรบางส่วน: 50% ที่ 1.0R | heartbeat ทุก 12 ชั่วโมง
2026-09-10 23:43:48 [INFO] Symbol: 2 หลัก, point 0.01, lot 0.01-500.00 ก้าว 0.01, stops level 0 points
2026-09-10 23:43:48 [INFO] เวลาเซิร์ฟเวอร์ broker = GMT+3 (ใช้ตั้ง SESSION_HOURS)
2026-09-10 23:43:48 [INFO] แจ้งเตือน Telegram: 🤖 ระบบ, 🕒 ตลาด, 📊 สัญญาณ, 🚀 เข้าไม้, 🛡️ ดูแลไม้, 🏁 ปิดไม้, ⚠️ ความเสี่ยง, 📅 สรุป
2026-09-10 23:43:48 [DEBUG] Starting new HTTPS connection (1): api.telegram.org:443
2026-09-10 23:43:51 [DEBUG] https://api.telegram.org:443 "POST /bot8624918359:AAGleKax3bKKXX_pdgTMX49IIYtUJVqWf48/sendMessage HTTP/1.1" 200 1826
2026-09-10 23:43:51 [DEBUG] รอบตรวจ: แท่งล่าสุด 2026-09-10 19:15:00 close 4362.98 spread 32.0 (ประมวลผลแล้ว)
2026-09-10 23:44:21 [DEBUG] รอบตรวจ: แท่งล่าสุด 2026-09-10 19:15:00 close 4362.98 spread 34.0 (ประมวลผลแล้ว)
2026-09-10 23:44:26 [DEBUG] Starting new HTTPS connection (1): api.telegram.org:443
2026-09-10 23:44:29 [DEBUG] https://api.telegram.org:443 "POST /bot8624918359:AAGleKax3bKKXX_pdgTMX49IIYtUJVqWf48/sendMessage HTTP/1.1" 200 894
2026-09-10 23:44:32 [INFO] บัญชี 106516572 (Demo) server FBS-Demo balance 1000.00 USD
2026-09-10 23:44:32 [INFO] โหมด: เทรดจริง
2026-09-10 23:44:32 [INFO] ตลาด: XAUUSD | เข้า M15 | เทรนด์ H1 | ยืนยัน M5
2026-09-10 23:44:32 [INFO] ตัวกรองที่เปิด: เทรนด์ H1, ADX >= 20, RSI 30-70, M5 ไม่สวนทาง, spread <= 50
2026-09-10 23:44:32 [INFO] ความเสี่ยง: 1.0% ต่อไม้ | SL 1.5xATR | TP 3.0xATR
2026-09-10 23:44:32 [INFO] ดูแลไม้: เสมอทุนที่ 1.0R, ไล่ stop จาก 1.5R ห่าง 2.0xATR | ตัวตัดวงจร: ขาดทุน 3.0%/วัน, 5 ไม้/วัน, แพ้ติดกัน 3
2026-09-10 23:44:32 [INFO] เก็บกำไรบางส่วน: 50% ที่ 1.0R | heartbeat ทุก 12 ชั่วโมง
2026-09-10 23:44:32 [INFO] Symbol: 2 หลัก, point 0.01, lot 0.01-500.00 ก้าว 0.01, stops level 0 points
2026-09-10 23:44:32 [INFO] เวลาเซิร์ฟเวอร์ broker = GMT+3 (ใช้ตั้ง SESSION_HOURS)
2026-09-10 23:44:32 [INFO] แจ้งเตือน Telegram: 🤖 ระบบ, 🕒 ตลาด, 📊 สัญญาณ, 🚀 เข้าไม้, 🛡️ ดูแลไม้, 🏁 ปิดไม้, ⚠️ ความเสี่ยง, 📅 สรุป
2026-09-10 23:44:32 [DEBUG] Starting new HTTPS connection (1): api.telegram.org:443
2026-09-10 23:44:33 [DEBUG] https://api.telegram.org:443 "POST /bot8624918359:AAGleKax3bKKXX_pdgTMX49IIYtUJVqWf48/sendMessage HTTP/1.1" 200 1826
2026-09-10 23:44:33 [DEBUG] รอบตรวจ: แท่งล่าสุด 2026-09-10 19:15:00 close 4362.98 spread 31.0 (ประมวลผลแล้ว)
2026-09-10 23:45:03 [DEBUG] รอบตรวจ: แท่งล่าสุด 2026-09-10 19:30:00 close 4356.28 spread 32.0 (แท่งใหม่)
2026-09-10 23:45:03 [INFO] แท่งปิด 2026-09-10 19:30:00 | Close 4356.28 | H1 UPTREND | M5 UPTREND | RSI 39.7 | ADX 33.5 | ATR 12.28 | Spread 32.0
2026-09-10 23:45:03 [INFO] คำตัดสิน: [2mHOLD — ยังไม่มีสัญญาณตัดกัน[0m
2026-09-10 23:45:03 [DEBUG]   [ไม่ผ่าน] สัญญาณตัดกัน M15: MA20/MA50 ให้ HOLD
2026-09-10 23:45:03 [DEBUG] Starting new HTTPS connection (1): api.telegram.org:443
2026-09-10 23:45:04 [DEBUG] https://api.telegram.org:443 "POST /bot8624918359:AAGleKax3bKKXX_pdgTMX49IIYtUJVqWf48/sendMessage HTTP/1.1" 200 1397
2026-09-10 23:45:34 [DEBUG] รอบตรวจ: แท่งล่าสุด 2026-09-10 19:30:00 close 4356.28 spread 32.0 (ประมวลผลแล้ว)
2026-09-10 23:46:04 [DEBUG] รอบตรวจ: แท่งล่าสุด 2026-09-10 19:30:00 close 4356.28 spread 32.0 (ประมวลผลแล้ว)
2026-09-10 23:46:34 [DEBUG] รอบตรวจ: แท่งล่าสุด 2026-09-10 19:30:00 close 4356.28 spread 27.0 (ประมวลผลแล้ว)
2026-09-10 23:47:04 [DEBUG] รอบตรวจ: แท่งล่าสุด 2026-09-10 19:30:00 close 4356.28 spread 35.0 (ประมวลผลแล้ว)
2026-09-10 23:47:34 [DEBUG] รอบตรวจ: แท่งล่าสุด 2026-09-10 19:30:00 close 4356.28 spread 37.0 (ประมวลผลแล้ว)
2026-09-10 23:48:04 [DEBUG] รอบตรวจ: แท่งล่าสุด 2026-09-10 19:30:00 close 4356.28 spread 25.0 (ประมวลผลแล้ว)
2026-09-10 23:48:34 [DEBUG] รอบตรวจ: แท่งล่าสุด 2026-09-10 19:30:00 close 4356.28 spread 24.0 (ประมวลผลแล้ว)
2026-09-10 23:49:04 [DEBUG] รอบตรวจ: แท่งล่าสุด 2026-09-10 19:30:00 close 4356.28 spread 24.0 (ประมวลผลแล้ว)
2026-09-10 23:49:34 [DEBUG] รอบตรวจ: แท่งล่าสุด 2026-09-10 19:30:00 close 4356.28 spread 31.0 (ประมวลผลแล้ว)
2026-09-10 23:50:04 [DEBUG] รอบตรวจ: แท่งล่าสุด 2026-09-10 19:30:00 close 4356.28 spread 32.0 (ประมวลผลแล้ว)
2026-09-10 23:50:34 [DEBUG] รอบตรวจ: แท่งล่าสุด 2026-09-10 19:30:00 close 4356.28 spread 35.0 (ประมวลผลแล้ว)
2026-09-10 23:51:04 [DEBUG] รอบตรวจ: แท่งล่าสุด 2026-09-10 19:30:00 close 4356.28 spread 36.0 (ประมวลผลแล้ว)
2026-09-10 23:51:34 [DEBUG] รอบตรวจ: แท่งล่าสุด 2026-09-10 19:30:00 close 4356.28 spread 37.0 (ประมวลผลแล้ว)
2026-09-10 23:52:04 [DEBUG] รอบตรวจ: แท่งล่าสุด 2026-09-10 19:30:00 close 4356.28 spread 28.0 (ประมวลผลแล้ว)
2026-09-10 23:52:35 [DEBUG] รอบตรวจ: แท่งล่าสุด 2026-09-10 19:30:00 close 4356.28 spread 26.0 (ประมวลผลแล้ว)
2026-09-10 23:53:05 [DEBUG] รอบตรวจ: แท่งล่าสุด 2026-09-10 19:30:00 close 4356.28 spread 25.0 (ประมวลผลแล้ว)
2026-09-10 23:53:35 [DEBUG] รอบตรวจ: แท่งล่าสุด 2026-09-10 19:30:00 close 4356.28 spread 25.0 (ประมวลผลแล้ว)
2026-09-10 23:54:05 [DEBUG] รอบตรวจ: แท่งล่าสุด 2026-09-10 19:30:00 close 4356.28 spread 26.0 (ประมวลผลแล้ว)
2026-09-10 23:54:35 [DEBUG] รอบตรวจ: แท่งล่าสุด 2026-09-10 19:30:00 close 4356.28 spread 25.0 (ประมวลผลแล้ว)
2026-09-10 23:55:05 [DEBUG] รอบตรวจ: แท่งล่าสุด 2026-09-10 19:30:00 close 4356.28 spread 34.0 (ประมวลผลแล้ว)
2026-09-10 23:55:35 [DEBUG] รอบตรวจ: แท่งล่าสุด 2026-09-10 19:30:00 close 4356.28 spread 24.0 (ประมวลผลแล้ว)
2026-09-10 23:56:05 [DEBUG] รอบตรวจ: แท่งล่าสุด 2026-09-10 19:30:00 close 4356.28 spread 34.0 (ประมวลผลแล้ว)
2026-09-10 23:56:35 [DEBUG] รอบตรวจ: แท่งล่าสุด 2026-09-10 19:30:00 close 4356.28 spread 26.0 (ประมวลผลแล้ว)
2026-09-10 23:57:05 [DEBUG] รอบตรวจ: แท่งล่าสุด 2026-09-10 19:30:00 close 4356.28 spread 34.0 (ประมวลผลแล้ว)
2026-09-10 23:57:35 [DEBUG] รอบตรวจ: แท่งล่าสุด 2026-09-10 19:30:00 close 4356.28 spread 30.0 (ประมวลผลแล้ว)
2026-09-10 23:58:05 [DEBUG] รอบตรวจ: แท่งล่าสุด 2026-09-10 19:30:00 close 4356.28 spread 37.0 (ประมวลผลแล้ว)
2026-09-10 23:58:35 [DEBUG] รอบตรวจ: แท่งล่าสุด 2026-09-10 19:30:00 close 4356.28 spread 26.0 (ประมวลผลแล้ว)
2026-09-10 23:59:05 [DEBUG] รอบตรวจ: แท่งล่าสุด 2026-09-10 19:30:00 close 4356.28 spread 25.0 (ประมวลผลแล้ว)
2026-09-10 23:59:35 [DEBUG] รอบตรวจ: แท่งล่าสุด 2026-09-10 19:30:00 close 4356.28 spread 25.0 (ประมวลผลแล้ว)
2026-09-11 00:00:05 [INFO] สรุปวัน 2026-09-10: 0 ไม้ ชนะ 0 แพ้ 0 กำไรสุทธิ 0.00
2026-09-11 00:00:05 [DEBUG] Starting new HTTPS connection (1): api.telegram.org:443
2026-09-11 00:00:06 [DEBUG] https://api.telegram.org:443 "POST /bot8624918359:AAGleKax3bKKXX_pdgTMX49IIYtUJVqWf48/sendMessage HTTP/1.1" 200 951
2026-09-11 00:00:06 [INFO] เริ่มวันใหม่ 2026-09-11 ทุนต้นวัน 1000.00
2026-09-11 00:00:06 [DEBUG] รอบตรวจ: แท่งล่าสุด 2026-09-10 19:45:00 close 4364.07 spread 26.0 (แท่งใหม่)
2026-09-11 00:00:06 [INFO] แท่งปิด 2026-09-10 19:45:00 | Close 4364.07 | H1 UPTREND | M5 UPTREND | RSI 46.6 | ADX 33.0 | ATR 11.98 | Spread 26.0
2026-09-11 00:00:06 [INFO] คำตัดสิน: [2mHOLD — ยังไม่มีสัญญาณตัดกัน[0m
2026-09-11 00:00:06 [DEBUG]   [ไม่ผ่าน] สัญญาณตัดกัน M15: MA20/MA50 ให้ HOLD
2026-09-11 00:00:06 [DEBUG] Starting new HTTPS connection (1): api.telegram.org:443
2026-09-11 00:00:07 [DEBUG] https://api.telegram.org:443 "POST /bot8624918359:AAGleKax3bKKXX_pdgTMX49IIYtUJVqWf48/sendMessage HTTP/1.1" 200 1397
2026-09-11 00:00:37 [DEBUG] รอบตรวจ: แท่งล่าสุด 2026-09-10 19:45:00 close 4364.07 spread 25.0 (ประมวลผลแล้ว)
2026-09-11 00:01:07 [DEBUG] รอบตรวจ: แท่งล่าสุด 2026-09-10 19:45:00 close 4364.07 spread 25.0 (ประมวลผลแล้ว)
2026-09-11 00:01:37 [DEBUG] รอบตรวจ: แท่งล่าสุด 2026-09-10 19:45:00 close 4364.07 spread 34.0 (ประมวลผลแล้ว)
2026-09-11 00:02:07 [DEBUG] รอบตรวจ: แท่งล่าสุด 2026-09-10 19:45:00 close 4364.07 spread 28.0 (ประมวลผลแล้ว)
2026-09-11 00:02:37 [DEBUG] รอบตรวจ: แท่งล่าสุด 2026-09-10 19:45:00 close 4364.07 spread 28.0 (ประมวลผลแล้ว)
2026-09-11 00:03:07 [DEBUG] รอบตรวจ: แท่งล่าสุด 2026-09-10 19:45:00 close 4364.07 spread 37.0 (ประมวลผลแล้ว)
2026-09-11 00:03:37 [DEBUG] รอบตรวจ: แท่งล่าสุด 2026-09-10 19:45:00 close 4364.07 spread 37.0 (ประมวลผลแล้ว)
2026-09-11 00:04:07 [DEBUG] รอบตรวจ: แท่งล่าสุด 2026-09-10 19:45:00 close 4364.07 spread 37.0 (ประมวลผลแล้ว)
2026-09-11 00:04:37 [DEBUG] รอบตรวจ: แท่งล่าสุด 2026-09-10 19:45:00 close 4364.07 spread 37.0 (ประมวลผลแล้ว)
2026-09-11 00:05:07 [DEBUG] รอบตรวจ: แท่งล่าสุด 2026-09-10 19:45:00 close 4364.07 spread 33.0 (ประมวลผลแล้ว)
2026-09-11 00:05:37 [DEBUG] รอบตรวจ: แท่งล่าสุด 2026-09-10 19:45:00 close 4364.07 spread 37.0 (ประมวลผลแล้ว)
2026-09-11 00:06:07 [DEBUG] รอบตรวจ: แท่งล่าสุด 2026-09-10 19:45:00 close 4364.07 spread 35.0 (ประมวลผลแล้ว)
2026-09-11 00:06:37 [DEBUG] รอบตรวจ: แท่งล่าสุด 2026-09-10 19:45:00 close 4364.07 spread 37.0 (ประมวลผลแล้ว)
2026-09-11 00:07:07 [DEBUG] รอบตรวจ: แท่งล่าสุด 2026-09-10 19:45:00 close 4364.07 spread 37.0 (ประมวลผลแล้ว)
2026-09-11 00:07:37 [DEBUG] รอบตรวจ: แท่งล่าสุด 2026-09-10 19:45:00 close 4364.07 spread 37.0 (ประมวลผลแล้ว)
2026-09-11 00:08:07 [DEBUG] รอบตรวจ: แท่งล่าสุด 2026-09-10 19:45:00 close 4364.07 spread 36.0 (ประมวลผลแล้ว)
2026-09-11 00:08:37 [DEBUG] รอบตรวจ: แท่งล่าสุด 2026-09-10 19:45:00 close 4364.07 spread 34.0 (ประมวลผลแล้ว)
2026-09-11 00:09:07 [DEBUG] รอบตรวจ: แท่งล่าสุด 2026-09-10 19:45:00 close 4364.07 spread 34.0 (ประมวลผลแล้ว)
2026-09-11 00:09:37 [DEBUG] รอบตรวจ: แท่งล่าสุด 2026-09-10 19:45:00 close 4364.07 spread 24.0 (ประมวลผลแล้ว)
2026-09-11 00:10:07 [DEBUG] รอบตรวจ: แท่งล่าสุด 2026-09-10 19:45:00 close 4364.07 spread 35.0 (ประมวลผลแล้ว)
2026-09-11 00:10:37 [DEBUG] รอบตรวจ: แท่งล่าสุด 2026-09-10 19:45:00 close 4364.07 spread 37.0 (ประมวลผลแล้ว)
2026-09-11 00:11:07 [DEBUG] รอบตรวจ: แท่งล่าสุด 2026-09-10 19:45:00 close 4364.07 spread 33.0 (ประมวลผลแล้ว)
2026-09-11 00:11:37 [DEBUG] รอบตรวจ: แท่งล่าสุด 2026-09-10 19:45:00 close 4364.07 spread 23.0 (ประมวลผลแล้ว)
2026-09-11 00:12:07 [DEBUG] รอบตรวจ: แท่งล่าสุด 2026-09-10 19:45:00 close 4364.07 spread 27.0 (ประมวลผลแล้ว)
2026-09-11 00:12:37 [DEBUG] รอบตรวจ: แท่งล่าสุด 2026-09-10 19:45:00 close 4364.07 spread 25.0 (ประมวลผลแล้ว)
2026-09-11 00:13:07 [DEBUG] รอบตรวจ: แท่งล่าสุด 2026-09-10 19:45:00 close 4364.07 spread 29.0 (ประมวลผลแล้ว)
2026-09-11 00:13:37 [DEBUG] รอบตรวจ: แท่งล่าสุด 2026-09-10 19:45:00 close 4364.07 spread 32.0 (ประมวลผลแล้ว)
2026-09-11 00:14:07 [DEBUG] รอบตรวจ: แท่งล่าสุด 2026-09-10 19:45:00 close 4364.07 spread 30.0 (ประมวลผลแล้ว)
2026-09-11 00:14:37 [DEBUG] รอบตรวจ: แท่งล่าสุด 2026-09-10 19:45:00 close 4364.07 spread 32.0 (ประมวลผลแล้ว)
2026-09-11 00:15:07 [DEBUG] รอบตรวจ: แท่งล่าสุด 2026-09-10 20:00:00 close 4362.38 spread 32.0 (แท่งใหม่)
2026-09-11 00:15:07 [INFO] แท่งปิด 2026-09-10 20:00:00 | Close 4362.38 | H1 UPTREND | M5 UPTREND | RSI 45.4 | ADX 32.0 | ATR 11.72 | Spread 32.0
2026-09-11 00:15:07 [INFO] คำตัดสิน: [2mHOLD — ยังไม่มีสัญญาณตัดกัน[0m
2026-09-11 00:15:07 [DEBUG]   [ไม่ผ่าน] สัญญาณตัดกัน M15: MA20/MA50 ให้ HOLD
2026-09-11 00:15:07 [DEBUG] Starting new HTTPS connection (1): api.telegram.org:443
2026-09-11 00:15:08 [DEBUG] https://api.telegram.org:443 "POST /bot8624918359:AAGleKax3bKKXX_pdgTMX49IIYtUJVqWf48/sendMessage HTTP/1.1" 200 1397
2026-09-11 00:15:38 [DEBUG] รอบตรวจ: แท่งล่าสุด 2026-09-10 20:00:00 close 4362.38 spread 37.0 (ประมวลผลแล้ว)
2026-09-11 00:16:08 [DEBUG] รอบตรวจ: แท่งล่าสุด 2026-09-10 20:00:00 close 4362.38 spread 33.0 (ประมวลผลแล้ว)
2026-09-11 00:16:38 [DEBUG] รอบตรวจ: แท่งล่าสุด 2026-09-10 20:00:00 close 4362.38 spread 33.0 (ประมวลผลแล้ว)
2026-09-11 00:17:08 [DEBUG] รอบตรวจ: แท่งล่าสุด 2026-09-10 20:00:00 close 4362.38 spread 34.0 (ประมวลผลแล้ว)
2026-09-11 00:17:38 [DEBUG] รอบตรวจ: แท่งล่าสุด 2026-09-10 20:00:00 close 4362.38 spread 32.0 (ประมวลผลแล้ว)
2026-09-11 00:18:08 [DEBUG] รอบตรวจ: แท่งล่าสุด 2026-09-10 20:00:00 close 4362.38 spread 33.0 (ประมวลผลแล้ว)
2026-09-11 00:18:38 [DEBUG] รอบตรวจ: แท่งล่าสุด 2026-09-10 20:00:00 close 4362.38 spread 29.0 (ประมวลผลแล้ว)
2026-09-11 00:19:08 [DEBUG] รอบตรวจ: แท่งล่าสุด 2026-09-10 20:00:00 close 4362.38 spread 31.0 (ประมวลผลแล้ว)
2026-09-11 00:19:39 [DEBUG] รอบตรวจ: แท่งล่าสุด 2026-09-10 20:00:00 close 4362.38 spread 35.0 (ประมวลผลแล้ว)
2026-09-11 00:20:09 [DEBUG] รอบตรวจ: แท่งล่าสุด 2026-09-10 20:00:00 close 4362.38 spread 31.0 (ประมวลผลแล้ว)
2026-09-11 00:20:39 [DEBUG] รอบตรวจ: แท่งล่าสุด 2026-09-10 20:00:00 close 4362.38 spread 27.0 (ประมวลผลแล้ว)
2026-09-11 00:21:09 [DEBUG] รอบตรวจ: แท่งล่าสุด 2026-09-10 20:00:00 close 4362.38 spread 26.0 (ประมวลผลแล้ว)
2026-09-11 00:21:39 [DEBUG] รอบตรวจ: แท่งล่าสุด 2026-09-10 20:00:00 close 4362.38 spread 34.0 (ประมวลผลแล้ว)
2026-09-11 00:22:09 [DEBUG] รอบตรวจ: แท่งล่าสุด 2026-09-10 20:00:00 close 4362.38 spread 35.0 (ประมวลผลแล้ว)
2026-09-11 00:22:39 [DEBUG] รอบตรวจ: แท่งล่าสุด 2026-09-10 20:00:00 close 4362.38 spread 27.0 (ประมวลผลแล้ว)
2026-09-11 00:23:09 [DEBUG] รอบตรวจ: แท่งล่าสุด 2026-09-10 20:00:00 close 4362.38 spread 36.0 (ประมวลผลแล้ว)
2026-09-11 00:23:39 [DEBUG] รอบตรวจ: แท่งล่าสุด 2026-09-10 20:00:00 close 4362.38 spread 30.0 (ประมวลผลแล้ว)
2026-09-11 00:24:09 [DEBUG] รอบตรวจ: แท่งล่าสุด 2026-09-10 20:00:00 close 4362.38 spread 34.0 (ประมวลผลแล้ว)
2026-09-11 00:24:39 [DEBUG] รอบตรวจ: แท่งล่าสุด 2026-09-10 20:00:00 close 4362.38 spread 34.0 (ประมวลผลแล้ว)
2026-09-11 00:25:09 [DEBUG] รอบตรวจ: แท่งล่าสุด 2026-09-10 20:00:00 close 4362.38 spread 24.0 (ประมวลผลแล้ว)
2026-09-11 00:25:39 [DEBUG] รอบตรวจ: แท่งล่าสุด 2026-09-10 20:00:00 close 4362.38 spread 35.0 (ประมวลผลแล้ว)
2026-09-11 00:26:09 [DEBUG] รอบตรวจ: แท่งล่าสุด 2026-09-10 20:00:00 close 4362.38 spread 33.0 (ประมวลผลแล้ว)
2026-09-11 00:26:39 [DEBUG] รอบตรวจ: แท่งล่าสุด 2026-09-10 20:00:00 close 4362.38 spread 36.0 (ประมวลผลแล้ว)
2026-09-11 00:27:09 [DEBUG] รอบตรวจ: แท่งล่าสุด 2026-09-10 20:00:00 close 4362.38 spread 36.0 (ประมวลผลแล้ว)
2026-09-11 00:27:39 [DEBUG] รอบตรวจ: แท่งล่าสุด 2026-09-10 20:00:00 close 4362.38 spread 35.0 (ประมวลผลแล้ว)
2026-09-11 00:28:09 [DEBUG] รอบตรวจ: แท่งล่าสุด 2026-09-10 20:00:00 close 4362.38 spread 25.0 (ประมวลผลแล้ว)
2026-09-11 00:28:39 [DEBUG] รอบตรวจ: แท่งล่าสุด 2026-09-10 20:00:00 close 4362.38 spread 31.0 (ประมวลผลแล้ว)
2026-09-11 00:29:09 [DEBUG] รอบตรวจ: แท่งล่าสุด 2026-09-10 20:00:00 close 4362.38 spread 30.0 (ประมวลผลแล้ว)
2026-09-11 00:29:39 [DEBUG] รอบตรวจ: แท่งล่าสุด 2026-09-10 20:00:00 close 4362.38 spread 31.0 (ประมวลผลแล้ว)
2026-09-11 00:30:09 [DEBUG] รอบตรวจ: แท่งล่าสุด 2026-09-10 20:15:00 close 4365.78 spread 34.0 (แท่งใหม่)
2026-09-11 00:30:09 [INFO] แท่งปิด 2026-09-10 20:15:00 | Close 4365.78 | H1 UPTREND | M5 DOWNTREND | RSI 48.2 | ADX 31.0 | ATR 11.28 | Spread 34.0
2026-09-11 00:30:09 [INFO] คำตัดสิน: [2mHOLD — ยังไม่มีสัญญาณตัดกัน[0m
2026-09-11 00:30:09 [DEBUG]   [ไม่ผ่าน] สัญญาณตัดกัน M15: MA20/MA50 ให้ HOLD
2026-09-11 00:30:09 [DEBUG] Starting new HTTPS connection (1): api.telegram.org:443
2026-09-11 00:30:10 [DEBUG] https://api.telegram.org:443 "POST /bot8624918359:AAGleKax3bKKXX_pdgTMX49IIYtUJVqWf48/sendMessage HTTP/1.1" 200 1399
2026-09-11 00:30:40 [DEBUG] รอบตรวจ: แท่งล่าสุด 2026-09-10 20:15:00 close 4365.78 spread 26.0 (ประมวลผลแล้ว)
2026-09-11 00:31:10 [DEBUG] รอบตรวจ: แท่งล่าสุด 2026-09-10 20:15:00 close 4365.78 spread 33.0 (ประมวลผลแล้ว)
2026-09-11 00:31:40 [DEBUG] รอบตรวจ: แท่งล่าสุด 2026-09-10 20:15:00 close 4365.78 spread 33.0 (ประมวลผลแล้ว)
2026-09-11 00:32:10 [DEBUG] รอบตรวจ: แท่งล่าสุด 2026-09-10 20:15:00 close 4365.78 spread 27.0 (ประมวลผลแล้ว)
2026-09-11 00:32:40 [DEBUG] รอบตรวจ: แท่งล่าสุด 2026-09-10 20:15:00 close 4365.78 spread 32.0 (ประมวลผลแล้ว)
2026-09-11 00:33:10 [DEBUG] รอบตรวจ: แท่งล่าสุด 2026-09-10 20:15:00 close 4365.78 spread 33.0 (ประมวลผลแล้ว)
2026-09-11 00:33:40 [DEBUG] รอบตรวจ: แท่งล่าสุด 2026-09-10 20:15:00 close 4365.78 spread 31.0 (ประมวลผลแล้ว)
2026-09-11 00:34:10 [DEBUG] รอบตรวจ: แท่งล่าสุด 2026-09-10 20:15:00 close 4365.78 spread 27.0 (ประมวลผลแล้ว)
2026-09-11 00:34:40 [DEBUG] รอบตรวจ: แท่งล่าสุด 2026-09-10 20:15:00 close 4365.78 spread 29.0 (ประมวลผลแล้ว)
2026-09-11 00:35:10 [DEBUG] รอบตรวจ: แท่งล่าสุด 2026-09-10 20:15:00 close 4365.78 spread 28.0 (ประมวลผลแล้ว)
2026-09-11 00:35:40 [DEBUG] รอบตรวจ: แท่งล่าสุด 2026-09-10 20:15:00 close 4365.78 spread 30.0 (ประมวลผลแล้ว)
2026-09-11 00:36:10 [DEBUG] รอบตรวจ: แท่งล่าสุด 2026-09-10 20:15:00 close 4365.78 spread 26.0 (ประมวลผลแล้ว)
2026-09-11 00:36:40 [DEBUG] รอบตรวจ: แท่งล่าสุด 2026-09-10 20:15:00 close 4365.78 spread 33.0 (ประมวลผลแล้ว)
2026-09-11 00:37:10 [DEBUG] รอบตรวจ: แท่งล่าสุด 2026-09-10 20:15:00 close 4365.78 spread 31.0 (ประมวลผลแล้ว)
2026-09-11 00:37:40 [DEBUG] รอบตรวจ: แท่งล่าสุด 2026-09-10 20:15:00 close 4365.78 spread 30.0 (ประมวลผลแล้ว)
2026-09-11 00:38:10 [DEBUG] รอบตรวจ: แท่งล่าสุด 2026-09-10 20:15:00 close 4365.78 spread 23.0 (ประมวลผลแล้ว)
2026-09-11 00:38:40 [DEBUG] รอบตรวจ: แท่งล่าสุด 2026-09-10 20:15:00 close 4365.78 spread 31.0 (ประมวลผลแล้ว)
2026-09-11 00:39:10 [DEBUG] รอบตรวจ: แท่งล่าสุด 2026-09-10 20:15:00 close 4365.78 spread 31.0 (ประมวลผลแล้ว)
2026-09-11 00:39:40 [DEBUG] รอบตรวจ: แท่งล่าสุด 2026-09-10 20:15:00 close 4365.78 spread 24.0 (ประมวลผลแล้ว)
2026-09-11 00:40:10 [DEBUG] รอบตรวจ: แท่งล่าสุด 2026-09-10 20:15:00 close 4365.78 spread 25.0 (ประมวลผลแล้ว)
2026-09-11 00:40:40 [DEBUG] รอบตรวจ: แท่งล่าสุด 2026-09-10 20:15:00 close 4365.78 spread 37.0 (ประมวลผลแล้ว)
2026-09-11 00:41:10 [DEBUG] รอบตรวจ: แท่งล่าสุด 2026-09-10 20:15:00 close 4365.78 spread 27.0 (ประมวลผลแล้ว)
2026-09-11 00:41:40 [DEBUG] รอบตรวจ: แท่งล่าสุด 2026-09-10 20:15:00 close 4365.78 spread 32.0 (ประมวลผลแล้ว)
2026-09-11 00:42:10 [DEBUG] รอบตรวจ: แท่งล่าสุด 2026-09-10 20:15:00 close 4365.78 spread 27.0 (ประมวลผลแล้ว)
2026-09-11 00:42:40 [DEBUG] รอบตรวจ: แท่งล่าสุด 2026-09-10 20:15:00 close 4365.78 spread 30.0 (ประมวลผลแล้ว)
2026-09-11 00:43:10 [DEBUG] รอบตรวจ: แท่งล่าสุด 2026-09-10 20:15:00 close 4365.78 spread 32.0 (ประมวลผลแล้ว)
2026-09-11 00:43:40 [DEBUG] รอบตรวจ: แท่งล่าสุด 2026-09-10 20:15:00 close 4365.78 spread 29.0 (ประมวลผลแล้ว)
2026-09-11 00:44:10 [DEBUG] รอบตรวจ: แท่งล่าสุด 2026-09-10 20:15:00 close 4365.78 spread 25.0 (ประมวลผลแล้ว)
2026-09-11 00:44:40 [DEBUG] รอบตรวจ: แท่งล่าสุด 2026-09-10 20:15:00 close 4365.78 spread 24.0 (ประมวลผลแล้ว)
2026-09-11 00:45:10 [DEBUG] รอบตรวจ: แท่งล่าสุด 2026-09-10 20:30:00 close 4359.36 spread 24.0 (แท่งใหม่)
2026-09-11 00:45:10 [INFO] แท่งปิด 2026-09-10 20:30:00 | Close 4359.36 | H1 UPTREND | M5 DOWNTREND | RSI 43.6 | ADX 30.7 | ATR 11.27 | Spread 24.0
2026-09-11 00:45:10 [INFO] คำตัดสิน: [2mHOLD — ยังไม่มีสัญญาณตัดกัน[0m
2026-09-11 00:45:10 [DEBUG]   [ไม่ผ่าน] สัญญาณตัดกัน M15: MA20/MA50 ให้ HOLD
2026-09-11 00:45:10 [DEBUG] Starting new HTTPS connection (1): api.telegram.org:443
2026-09-11 00:45:21 [DEBUG] https://api.telegram.org:443 "POST /bot8624918359:AAGleKax3bKKXX_pdgTMX49IIYtUJVqWf48/sendMessage HTTP/1.1" 200 1399
2026-09-11 00:45:51 [DEBUG] รอบตรวจ: แท่งล่าสุด 2026-09-10 20:30:00 close 4359.36 spread 31.0 (ประมวลผลแล้ว)
2026-09-11 00:46:21 [DEBUG] รอบตรวจ: แท่งล่าสุด 2026-09-10 20:30:00 close 4359.36 spread 24.0 (ประมวลผลแล้ว)
2026-09-11 00:46:51 [DEBUG] รอบตรวจ: แท่งล่าสุด 2026-09-10 20:30:00 close 4359.36 spread 35.0 (ประมวลผลแล้ว)
2026-09-11 00:47:21 [DEBUG] รอบตรวจ: แท่งล่าสุด 2026-09-10 20:30:00 close 4359.36 spread 29.0 (ประมวลผลแล้ว)
2026-09-11 00:47:51 [DEBUG] รอบตรวจ: แท่งล่าสุด 2026-09-10 20:30:00 close 4359.36 spread 29.0 (ประมวลผลแล้ว)
2026-09-11 00:48:21 [DEBUG] รอบตรวจ: แท่งล่าสุด 2026-09-10 20:30:00 close 4359.36 spread 31.0 (ประมวลผลแล้ว)
2026-09-11 00:48:52 [DEBUG] รอบตรวจ: แท่งล่าสุด 2026-09-10 20:30:00 close 4359.36 spread 34.0 (ประมวลผลแล้ว)
2026-09-11 00:49:22 [DEBUG] รอบตรวจ: แท่งล่าสุด 2026-09-10 20:30:00 close 4359.36 spread 31.0 (ประมวลผลแล้ว)
2026-09-11 00:49:52 [DEBUG] รอบตรวจ: แท่งล่าสุด 2026-09-10 20:30:00 close 4359.36 spread 33.0 (ประมวลผลแล้ว)
2026-09-11 00:50:22 [DEBUG] รอบตรวจ: แท่งล่าสุด 2026-09-10 20:30:00 close 4359.36 spread 33.0 (ประมวลผลแล้ว)
2026-09-11 00:50:52 [DEBUG] รอบตรวจ: แท่งล่าสุด 2026-09-10 20:30:00 close 4359.36 spread 28.0 (ประมวลผลแล้ว)
2026-09-11 00:51:22 [DEBUG] รอบตรวจ: แท่งล่าสุด 2026-09-10 20:30:00 close 4359.36 spread 29.0 (ประมวลผลแล้ว)
2026-09-11 00:51:52 [DEBUG] รอบตรวจ: แท่งล่าสุด 2026-09-10 20:30:00 close 4359.36 spread 29.0 (ประมวลผลแล้ว)
2026-09-11 00:52:22 [DEBUG] รอบตรวจ: แท่งล่าสุด 2026-09-10 20:30:00 close 4359.36 spread 26.0 (ประมวลผลแล้ว)
2026-09-11 00:52:52 [DEBUG] รอบตรวจ: แท่งล่าสุด 2026-09-10 20:30:00 close 4359.36 spread 26.0 (ประมวลผลแล้ว)
2026-09-11 00:53:22 [DEBUG] รอบตรวจ: แท่งล่าสุด 2026-09-10 20:30:00 close 4359.36 spread 23.0 (ประมวลผลแล้ว)
2026-09-11 00:53:52 [DEBUG] รอบตรวจ: แท่งล่าสุด 2026-09-10 20:30:00 close 4359.36 spread 33.0 (ประมวลผลแล้ว)
2026-09-11 00:54:22 [DEBUG] รอบตรวจ: แท่งล่าสุด 2026-09-10 20:30:00 close 4359.36 spread 36.0 (ประมวลผลแล้ว)
2026-09-11 00:54:52 [DEBUG] รอบตรวจ: แท่งล่าสุด 2026-09-10 20:30:00 close 4359.36 spread 30.0 (ประมวลผลแล้ว)
2026-09-11 00:55:22 [DEBUG] รอบตรวจ: แท่งล่าสุด 2026-09-10 20:30:00 close 4359.36 spread 25.0 (ประมวลผลแล้ว)
2026-09-11 00:55:52 [DEBUG] รอบตรวจ: แท่งล่าสุด 2026-09-10 20:30:00 close 4359.36 spread 24.0 (ประมวลผลแล้ว)
2026-09-11 00:56:22 [DEBUG] รอบตรวจ: แท่งล่าสุด 2026-09-10 20:30:00 close 4359.36 spread 31.0 (ประมวลผลแล้ว)
2026-09-11 00:56:52 [DEBUG] รอบตรวจ: แท่งล่าสุด 2026-09-10 20:30:00 close 4359.36 spread 29.0 (ประมวลผลแล้ว)
2026-09-11 00:57:22 [DEBUG] รอบตรวจ: แท่งล่าสุด 2026-09-10 20:30:00 close 4359.36 spread 28.0 (ประมวลผลแล้ว)
2026-09-11 00:57:52 [DEBUG] รอบตรวจ: แท่งล่าสุด 2026-09-10 20:30:00 close 4359.36 spread 35.0 (ประมวลผลแล้ว)
2026-09-11 00:58:22 [DEBUG] รอบตรวจ: แท่งล่าสุด 2026-09-10 20:30:00 close 4359.36 spread 31.0 (ประมวลผลแล้ว)
2026-09-11 00:58:52 [DEBUG] รอบตรวจ: แท่งล่าสุด 2026-09-10 20:30:00 close 4359.36 spread 37.0 (ประมวลผลแล้ว)
2026-09-11 00:59:22 [DEBUG] รอบตรวจ: แท่งล่าสุด 2026-09-10 20:30:00 close 4359.36 spread 37.0 (ประมวลผลแล้ว)
2026-09-11 00:59:52 [DEBUG] รอบตรวจ: แท่งล่าสุด 2026-09-10 20:30:00 close 4359.36 spread 25.0 (ประมวลผลแล้ว)
2026-09-11 01:00:22 [DEBUG] รอบตรวจ: แท่งล่าสุด 2026-09-10 20:45:00 close 4352.66 spread 35.0 (แท่งใหม่)
2026-09-11 01:00:22 [INFO] แท่งปิด 2026-09-10 20:45:00 | Close 4352.66 | H1 DOWNTREND | M5 DOWNTREND | RSI 39.3 | ADX 30.8 | ATR 11.12 | Spread 35.0
2026-09-11 01:00:22 [INFO] คำตัดสิน: [2mHOLD — ยังไม่มีสัญญาณตัดกัน[0m
2026-09-11 01:00:22 [DEBUG]   [ไม่ผ่าน] สัญญาณตัดกัน M15: MA20/MA50 ให้ HOLD
2026-09-11 01:00:22 [DEBUG] Starting new HTTPS connection (1): api.telegram.org:443
2026-09-11 01:00:23 [DEBUG] https://api.telegram.org:443 "POST /bot8624918359:AAGleKax3bKKXX_pdgTMX49IIYtUJVqWf48/sendMessage HTTP/1.1" 200 1402
2026-09-11 01:00:53 [DEBUG] รอบตรวจ: แท่งล่าสุด 2026-09-10 20:45:00 close 4352.66 spread 32.0 (ประมวลผลแล้ว)
2026-09-11 01:01:23 [DEBUG] รอบตรวจ: แท่งล่าสุด 2026-09-10 20:45:00 close 4352.66 spread 28.0 (ประมวลผลแล้ว)
2026-09-11 01:01:53 [DEBUG] รอบตรวจ: แท่งล่าสุด 2026-09-10 20:45:00 close 4352.66 spread 35.0 (ประมวลผลแล้ว)
2026-09-11 01:02:23 [DEBUG] รอบตรวจ: แท่งล่าสุด 2026-09-10 20:45:00 close 4352.66 spread 35.0 (ประมวลผลแล้ว)
2026-09-11 01:02:53 [DEBUG] รอบตรวจ: แท่งล่าสุด 2026-09-10 20:45:00 close 4352.66 spread 29.0 (ประมวลผลแล้ว)
2026-09-11 01:03:23 [DEBUG] รอบตรวจ: แท่งล่าสุด 2026-09-10 20:45:00 close 4352.66 spread 30.0 (ประมวลผลแล้ว)
2026-09-11 01:03:53 [DEBUG] รอบตรวจ: แท่งล่าสุด 2026-09-10 20:45:00 close 4352.66 spread 30.0 (ประมวลผลแล้ว)
2026-09-11 01:04:23 [DEBUG] รอบตรวจ: แท่งล่าสุด 2026-09-10 20:45:00 close 4352.66 spread 32.0 (ประมวลผลแล้ว)
2026-09-11 01:04:53 [DEBUG] รอบตรวจ: แท่งล่าสุด 2026-09-10 20:45:00 close 4352.66 spread 32.0 (ประมวลผลแล้ว)
2026-09-11 01:05:23 [DEBUG] รอบตรวจ: แท่งล่าสุด 2026-09-10 20:45:00 close 4352.66 spread 27.0 (ประมวลผลแล้ว)
2026-09-11 01:05:53 [DEBUG] รอบตรวจ: แท่งล่าสุด 2026-09-10 20:45:00 close 4352.66 spread 30.0 (ประมวลผลแล้ว)
2026-09-11 01:06:23 [DEBUG] รอบตรวจ: แท่งล่าสุด 2026-09-10 20:45:00 close 4352.66 spread 33.0 (ประมวลผลแล้ว)
2026-09-11 01:06:53 [DEBUG] รอบตรวจ: แท่งล่าสุด 2026-09-10 20:45:00 close 4352.66 spread 31.0 (ประมวลผลแล้ว)
2026-09-11 01:07:23 [DEBUG] รอบตรวจ: แท่งล่าสุด 2026-09-10 20:45:00 close 4352.66 spread 30.0 (ประมวลผลแล้ว)
2026-09-11 01:07:53 [DEBUG] รอบตรวจ: แท่งล่าสุด 2026-09-10 20:45:00 close 4352.66 spread 35.0 (ประมวลผลแล้ว)
2026-09-11 01:08:23 [DEBUG] รอบตรวจ: แท่งล่าสุด 2026-09-10 20:45:00 close 4352.66 spread 31.0 (ประมวลผลแล้ว)
2026-09-11 01:08:53 [DEBUG] รอบตรวจ: แท่งล่าสุด 2026-09-10 20:45:00 close 4352.66 spread 33.0 (ประมวลผลแล้ว)
2026-09-11 01:09:23 [DEBUG] รอบตรวจ: แท่งล่าสุด 2026-09-10 20:45:00 close 4352.66 spread 32.0 (ประมวลผลแล้ว)
2026-09-11 01:09:53 [DEBUG] รอบตรวจ: แท่งล่าสุด 2026-09-10 20:45:00 close 4352.66 spread 23.0 (ประมวลผลแล้ว)
2026-09-11 01:10:23 [DEBUG] รอบตรวจ: แท่งล่าสุด 2026-09-10 20:45:00 close 4352.66 spread 33.0 (ประมวลผลแล้ว)
2026-09-11 01:10:53 [DEBUG] รอบตรวจ: แท่งล่าสุด 2026-09-10 20:45:00 close 4352.66 spread 33.0 (ประมวลผลแล้ว)
2026-09-11 01:11:23 [DEBUG] รอบตรวจ: แท่งล่าสุด 2026-09-10 20:45:00 close 4352.66 spread 34.0 (ประมวลผลแล้ว)
2026-09-11 01:11:53 [DEBUG] รอบตรวจ: แท่งล่าสุด 2026-09-10 20:45:00 close 4352.66 spread 32.0 (ประมวลผลแล้ว)
2026-09-11 01:12:23 [DEBUG] รอบตรวจ: แท่งล่าสุด 2026-09-10 20:45:00 close 4352.66 spread 33.0 (ประมวลผลแล้ว)
2026-09-11 01:12:53 [DEBUG] รอบตรวจ: แท่งล่าสุด 2026-09-10 20:45:00 close 4352.66 spread 26.0 (ประมวลผลแล้ว)
2026-09-11 01:13:23 [DEBUG] รอบตรวจ: แท่งล่าสุด 2026-09-10 20:45:00 close 4352.66 spread 28.0 (ประมวลผลแล้ว)
2026-09-11 01:13:53 [DEBUG] รอบตรวจ: แท่งล่าสุด 2026-09-10 20:45:00 close 4352.66 spread 34.0 (ประมวลผลแล้ว)
2026-09-11 01:14:23 [DEBUG] รอบตรวจ: แท่งล่าสุด 2026-09-10 20:45:00 close 4352.66 spread 23.0 (ประมวลผลแล้ว)
2026-09-11 01:14:53 [DEBUG] รอบตรวจ: แท่งล่าสุด 2026-09-10 20:45:00 close 4352.66 spread 29.0 (ประมวลผลแล้ว)
2026-09-11 01:15:23 [DEBUG] รอบตรวจ: แท่งล่าสุด 2026-09-10 21:00:00 close 4341.07 spread 30.0 (แท่งใหม่)
2026-09-11 01:15:23 [INFO] แท่งปิด 2026-09-10 21:00:00 | Close 4341.07 | H1 DOWNTREND | M5 DOWNTREND | RSI 33.2 | ADX 31.8 | ATR 11.45 | Spread 30.0
2026-09-11 01:15:23 [INFO] คำตัดสิน: [2mHOLD — ยังไม่มีสัญญาณตัดกัน[0m
2026-09-11 01:15:23 [DEBUG]   [ไม่ผ่าน] สัญญาณตัดกัน M15: MA20/MA50 ให้ HOLD
2026-09-11 01:15:23 [DEBUG] Starting new HTTPS connection (1): api.telegram.org:443
2026-09-11 01:15:24 [DEBUG] https://api.telegram.org:443 "POST /bot8624918359:AAGleKax3bKKXX_pdgTMX49IIYtUJVqWf48/sendMessage HTTP/1.1" 200 1402
2026-09-11 01:15:54 [DEBUG] รอบตรวจ: แท่งล่าสุด 2026-09-10 21:00:00 close 4341.07 spread 31.0 (ประมวลผลแล้ว)
2026-09-11 01:16:24 [DEBUG] รอบตรวจ: แท่งล่าสุด 2026-09-10 21:00:00 close 4341.07 spread 34.0 (ประมวลผลแล้ว)
2026-09-11 01:16:54 [DEBUG] รอบตรวจ: แท่งล่าสุด 2026-09-10 21:00:00 close 4341.07 spread 23.0 (ประมวลผลแล้ว)
2026-09-11 01:17:24 [DEBUG] รอบตรวจ: แท่งล่าสุด 2026-09-10 21:00:00 close 4341.07 spread 32.0 (ประมวลผลแล้ว)
2026-09-11 01:17:54 [DEBUG] รอบตรวจ: แท่งล่าสุด 2026-09-10 21:00:00 close 4341.07 spread 35.0 (ประมวลผลแล้ว)
2026-09-11 01:18:25 [DEBUG] รอบตรวจ: แท่งล่าสุด 2026-09-10 21:00:00 close 4341.07 spread 35.0 (ประมวลผลแล้ว)
2026-09-11 01:18:55 [DEBUG] รอบตรวจ: แท่งล่าสุด 2026-09-10 21:00:00 close 4341.07 spread 32.0 (ประมวลผลแล้ว)
2026-09-11 01:19:25 [DEBUG] รอบตรวจ: แท่งล่าสุด 2026-09-10 21:00:00 close 4341.07 spread 35.0 (ประมวลผลแล้ว)
2026-09-11 01:19:55 [DEBUG] รอบตรวจ: แท่งล่าสุด 2026-09-10 21:00:00 close 4341.07 spread 23.0 (ประมวลผลแล้ว)
2026-09-11 01:20:25 [DEBUG] รอบตรวจ: แท่งล่าสุด 2026-09-10 21:00:00 close 4341.07 spread 25.0 (ประมวลผลแล้ว)
2026-09-11 01:20:55 [DEBUG] รอบตรวจ: แท่งล่าสุด 2026-09-10 21:00:00 close 4341.07 spread 23.0 (ประมวลผลแล้ว)
2026-09-11 01:21:25 [DEBUG] รอบตรวจ: แท่งล่าสุด 2026-09-10 21:00:00 close 4341.07 spread 33.0 (ประมวลผลแล้ว)
2026-09-11 01:21:55 [DEBUG] รอบตรวจ: แท่งล่าสุด 2026-09-10 21:00:00 close 4341.07 spread 29.0 (ประมวลผลแล้ว)
2026-09-11 01:22:25 [DEBUG] รอบตรวจ: แท่งล่าสุด 2026-09-10 21:00:00 close 4341.07 spread 23.0 (ประมวลผลแล้ว)
2026-09-11 01:22:55 [DEBUG] รอบตรวจ: แท่งล่าสุด 2026-09-10 21:00:00 close 4341.07 spread 23.0 (ประมวลผลแล้ว)
2026-09-11 01:23:25 [DEBUG] รอบตรวจ: แท่งล่าสุด 2026-09-10 21:00:00 close 4341.07 spread 27.0 (ประมวลผลแล้ว)
2026-09-11 01:23:55 [DEBUG] รอบตรวจ: แท่งล่าสุด 2026-09-10 21:00:00 close 4341.07 spread 23.0 (ประมวลผลแล้ว)
2026-09-11 01:24:25 [DEBUG] รอบตรวจ: แท่งล่าสุด 2026-09-10 21:00:00 close 4341.07 spread 23.0 (ประมวลผลแล้ว)
2026-09-11 01:24:55 [DEBUG] รอบตรวจ: แท่งล่าสุด 2026-09-10 21:00:00 close 4341.07 spread 31.0 (ประมวลผลแล้ว)
2026-09-11 01:25:25 [DEBUG] รอบตรวจ: แท่งล่าสุด 2026-09-10 21:00:00 close 4341.07 spread 25.0 (ประมวลผลแล้ว)
2026-09-11 01:25:55 [DEBUG] รอบตรวจ: แท่งล่าสุด 2026-09-10 21:00:00 close 4341.07 spread 26.0 (ประมวลผลแล้ว)
2026-09-11 01:26:25 [DEBUG] รอบตรวจ: แท่งล่าสุด 2026-09-10 21:00:00 close 4341.07 spread 23.0 (ประมวลผลแล้ว)
2026-09-11 01:26:55 [DEBUG] รอบตรวจ: แท่งล่าสุด 2026-09-10 21:00:00 close 4341.07 spread 23.0 (ประมวลผลแล้ว)
2026-09-11 01:27:25 [DEBUG] รอบตรวจ: แท่งล่าสุด 2026-09-10 21:00:00 close 4341.07 spread 23.0 (ประมวลผลแล้ว)
2026-09-11 01:27:55 [DEBUG] รอบตรวจ: แท่งล่าสุด 2026-09-10 21:00:00 close 4341.07 spread 27.0 (ประมวลผลแล้ว)
2026-09-11 01:28:25 [DEBUG] รอบตรวจ: แท่งล่าสุด 2026-09-10 21:00:00 close 4341.07 spread 23.0 (ประมวลผลแล้ว)
2026-09-11 01:28:55 [DEBUG] รอบตรวจ: แท่งล่าสุด 2026-09-10 21:00:00 close 4341.07 spread 23.0 (ประมวลผลแล้ว)
2026-09-11 01:29:25 [DEBUG] รอบตรวจ: แท่งล่าสุด 2026-09-10 21:00:00 close 4341.07 spread 23.0 (ประมวลผลแล้ว)
2026-09-11 01:29:55 [DEBUG] รอบตรวจ: แท่งล่าสุด 2026-09-10 21:00:00 close 4341.07 spread 23.0 (ประมวลผลแล้ว)
2026-09-11 01:30:25 [DEBUG] รอบตรวจ: แท่งล่าสุด 2026-09-10 21:15:00 close 4339.06 spread 37.0 (แท่งใหม่)
2026-09-11 01:30:25 [INFO] แท่งปิด 2026-09-10 21:15:00 | Close 4339.06 | H1 DOWNTREND | M5 DOWNTREND | RSI 32.3 | ADX 32.9 | ATR 11.26 | Spread 37.0
2026-09-11 01:30:25 [INFO] คำตัดสิน: [2mHOLD — ยังไม่มีสัญญาณตัดกัน[0m
2026-09-11 01:30:25 [DEBUG]   [ไม่ผ่าน] สัญญาณตัดกัน M15: MA20/MA50 ให้ HOLD
2026-09-11 01:30:25 [DEBUG] Starting new HTTPS connection (1): api.telegram.org:443
2026-09-11 01:30:26 [DEBUG] https://api.telegram.org:443 "POST /bot8624918359:AAGleKax3bKKXX_pdgTMX49IIYtUJVqWf48/sendMessage HTTP/1.1" 200 1402
2026-09-11 01:30:56 [DEBUG] รอบตรวจ: แท่งล่าสุด 2026-09-10 21:15:00 close 4339.06 spread 23.0 (ประมวลผลแล้ว)
2026-09-11 01:31:26 [DEBUG] รอบตรวจ: แท่งล่าสุด 2026-09-10 21:15:00 close 4339.06 spread 23.0 (ประมวลผลแล้ว)
2026-09-11 01:31:56 [DEBUG] รอบตรวจ: แท่งล่าสุด 2026-09-10 21:15:00 close 4339.06 spread 23.0 (ประมวลผลแล้ว)
2026-09-11 01:32:26 [DEBUG] รอบตรวจ: แท่งล่าสุด 2026-09-10 21:15:00 close 4339.06 spread 25.0 (ประมวลผลแล้ว)
2026-09-11 01:32:56 [DEBUG] รอบตรวจ: แท่งล่าสุด 2026-09-10 21:15:00 close 4339.06 spread 23.0 (ประมวลผลแล้ว)
2026-09-11 01:33:26 [DEBUG] รอบตรวจ: แท่งล่าสุด 2026-09-10 21:15:00 close 4339.06 spread 23.0 (ประมวลผลแล้ว)
2026-09-11 01:33:56 [DEBUG] รอบตรวจ: แท่งล่าสุด 2026-09-10 21:15:00 close 4339.06 spread 23.0 (ประมวลผลแล้ว)
2026-09-11 01:34:26 [DEBUG] รอบตรวจ: แท่งล่าสุด 2026-09-10 21:15:00 close 4339.06 spread 23.0 (ประมวลผลแล้ว)
2026-09-11 01:34:56 [DEBUG] รอบตรวจ: แท่งล่าสุด 2026-09-10 21:15:00 close 4339.06 spread 27.0 (ประมวลผลแล้ว)
2026-09-11 01:35:26 [DEBUG] รอบตรวจ: แท่งล่าสุด 2026-09-10 21:15:00 close 4339.06 spread 37.0 (ประมวลผลแล้ว)
2026-09-11 01:35:56 [DEBUG] รอบตรวจ: แท่งล่าสุด 2026-09-10 21:15:00 close 4339.06 spread 37.0 (ประมวลผลแล้ว)
2026-09-11 01:36:26 [DEBUG] รอบตรวจ: แท่งล่าสุด 2026-09-10 21:15:00 close 4339.06 spread 26.0 (ประมวลผลแล้ว)
2026-09-11 01:36:56 [DEBUG] รอบตรวจ: แท่งล่าสุด 2026-09-10 21:15:00 close 4339.06 spread 37.0 (ประมวลผลแล้ว)
2026-09-11 01:37:26 [DEBUG] รอบตรวจ: แท่งล่าสุด 2026-09-10 21:15:00 close 4339.06 spread 37.0 (ประมวลผลแล้ว)
2026-09-11 01:37:56 [DEBUG] รอบตรวจ: แท่งล่าสุด 2026-09-10 21:15:00 close 4339.06 spread 35.0 (ประมวลผลแล้ว)
2026-09-11 01:38:26 [DEBUG] รอบตรวจ: แท่งล่าสุด 2026-09-10 21:15:00 close 4339.06 spread 31.0 (ประมวลผลแล้ว)
2026-09-11 01:38:56 [DEBUG] รอบตรวจ: แท่งล่าสุด 2026-09-10 21:15:00 close 4339.06 spread 28.0 (ประมวลผลแล้ว)
2026-09-11 01:39:26 [DEBUG] รอบตรวจ: แท่งล่าสุด 2026-09-10 21:15:00 close 4339.06 spread 34.0 (ประมวลผลแล้ว)
2026-09-11 01:39:56 [DEBUG] รอบตรวจ: แท่งล่าสุด 2026-09-10 21:15:00 close 4339.06 spread 33.0 (ประมวลผลแล้ว)
2026-09-11 01:40:26 [DEBUG] รอบตรวจ: แท่งล่าสุด 2026-09-10 21:15:00 close 4339.06 spread 33.0 (ประมวลผลแล้ว)
2026-09-11 01:40:56 [DEBUG] รอบตรวจ: แท่งล่าสุด 2026-09-10 21:15:00 close 4339.06 spread 37.0 (ประมวลผลแล้ว)
2026-09-11 01:41:26 [DEBUG] รอบตรวจ: แท่งล่าสุด 2026-09-10 21:15:00 close 4339.06 spread 29.0 (ประมวลผลแล้ว)
2026-09-11 01:41:56 [DEBUG] รอบตรวจ: แท่งล่าสุด 2026-09-10 21:15:00 close 4339.06 spread 33.0 (ประมวลผลแล้ว)
2026-09-11 01:42:26 [DEBUG] รอบตรวจ: แท่งล่าสุด 2026-09-10 21:15:00 close 4339.06 spread 35.0 (ประมวลผลแล้ว)
2026-09-11 01:42:56 [DEBUG] รอบตรวจ: แท่งล่าสุด 2026-09-10 21:15:00 close 4339.06 spread 29.0 (ประมวลผลแล้ว)
2026-09-11 01:43:26 [DEBUG] รอบตรวจ: แท่งล่าสุด 2026-09-10 21:15:00 close 4339.06 spread 23.0 (ประมวลผลแล้ว)
2026-09-11 01:43:56 [DEBUG] รอบตรวจ: แท่งล่าสุด 2026-09-10 21:15:00 close 4339.06 spread 30.0 (ประมวลผลแล้ว)
2026-09-11 01:44:26 [DEBUG] รอบตรวจ: แท่งล่าสุด 2026-09-10 21:15:00 close 4339.06 spread 23.0 (ประมวลผลแล้ว)
2026-09-11 01:44:56 [DEBUG] รอบตรวจ: แท่งล่าสุด 2026-09-10 21:15:00 close 4339.06 spread 30.0 (ประมวลผลแล้ว)
2026-09-11 01:45:26 [DEBUG] รอบตรวจ: แท่งล่าสุด 2026-09-10 21:30:00 close 4333.82 spread 23.0 (แท่งใหม่)
2026-09-11 01:45:26 [INFO] แท่งปิด 2026-09-10 21:30:00 | Close 4333.82 | H1 DOWNTREND | M5 DOWNTREND | RSI 29.9 | ADX 34.3 | ATR 10.98 | Spread 23.0
2026-09-11 01:45:26 [INFO] คำตัดสิน: [2mHOLD — ยังไม่มีสัญญาณตัดกัน[0m
2026-09-11 01:45:26 [DEBUG]   [ไม่ผ่าน] สัญญาณตัดกัน M15: MA20/MA50 ให้ HOLD
2026-09-11 01:45:26 [DEBUG] Starting new HTTPS connection (1): api.telegram.org:443
2026-09-11 01:45:27 [DEBUG] https://api.telegram.org:443 "POST /bot8624918359:AAGleKax3bKKXX_pdgTMX49IIYtUJVqWf48/sendMessage HTTP/1.1" 200 1432
2026-09-11 01:45:57 [DEBUG] รอบตรวจ: แท่งล่าสุด 2026-09-10 21:30:00 close 4333.82 spread 23.0 (ประมวลผลแล้ว)
2026-09-11 01:46:27 [DEBUG] รอบตรวจ: แท่งล่าสุด 2026-09-10 21:30:00 close 4333.82 spread 23.0 (ประมวลผลแล้ว)
2026-09-11 01:46:57 [DEBUG] รอบตรวจ: แท่งล่าสุด 2026-09-10 21:30:00 close 4333.82 spread 23.0 (ประมวลผลแล้ว)
2026-09-11 01:47:27 [DEBUG] รอบตรวจ: แท่งล่าสุด 2026-09-10 21:30:00 close 4333.82 spread 25.0 (ประมวลผลแล้ว)
2026-09-11 01:47:58 [DEBUG] รอบตรวจ: แท่งล่าสุด 2026-09-10 21:30:00 close 4333.82 spread 23.0 (ประมวลผลแล้ว)
2026-09-11 01:48:28 [DEBUG] รอบตรวจ: แท่งล่าสุด 2026-09-10 21:30:00 close 4333.82 spread 23.0 (ประมวลผลแล้ว)
2026-09-11 01:48:58 [DEBUG] รอบตรวจ: แท่งล่าสุด 2026-09-10 21:30:00 close 4333.82 spread 23.0 (ประมวลผลแล้ว)
2026-09-11 01:49:28 [DEBUG] รอบตรวจ: แท่งล่าสุด 2026-09-10 21:30:00 close 4333.82 spread 27.0 (ประมวลผลแล้ว)
2026-09-11 01:49:58 [DEBUG] รอบตรวจ: แท่งล่าสุด 2026-09-10 21:30:00 close 4333.82 spread 23.0 (ประมวลผลแล้ว)
2026-09-11 01:50:28 [DEBUG] รอบตรวจ: แท่งล่าสุด 2026-09-10 21:30:00 close 4333.82 spread 33.0 (ประมวลผลแล้ว)
2026-09-11 01:50:58 [DEBUG] รอบตรวจ: แท่งล่าสุด 2026-09-10 21:30:00 close 4333.82 spread 34.0 (ประมวลผลแล้ว)
2026-09-11 01:51:28 [DEBUG] รอบตรวจ: แท่งล่าสุด 2026-09-10 21:30:00 close 4333.82 spread 36.0 (ประมวลผลแล้ว)
2026-09-11 01:51:58 [DEBUG] รอบตรวจ: แท่งล่าสุด 2026-09-10 21:30:00 close 4333.82 spread 37.0 (ประมวลผลแล้ว)
2026-09-11 01:52:28 [DEBUG] รอบตรวจ: แท่งล่าสุด 2026-09-10 21:30:00 close 4333.82 spread 31.0 (ประมวลผลแล้ว)
2026-09-11 01:52:58 [DEBUG] รอบตรวจ: แท่งล่าสุด 2026-09-10 21:30:00 close 4333.82 spread 30.0 (ประมวลผลแล้ว)
2026-09-11 01:53:28 [DEBUG] รอบตรวจ: แท่งล่าสุด 2026-09-10 21:30:00 close 4333.82 spread 29.0 (ประมวลผลแล้ว)
2026-09-11 01:53:58 [DEBUG] รอบตรวจ: แท่งล่าสุด 2026-09-10 21:30:00 close 4333.82 spread 23.0 (ประมวลผลแล้ว)
2026-09-11 01:54:28 [DEBUG] รอบตรวจ: แท่งล่าสุด 2026-09-10 21:30:00 close 4333.82 spread 29.0 (ประมวลผลแล้ว)
2026-09-11 01:54:58 [DEBUG] รอบตรวจ: แท่งล่าสุด 2026-09-10 21:30:00 close 4333.82 spread 26.0 (ประมวลผลแล้ว)
2026-09-11 01:55:28 [DEBUG] รอบตรวจ: แท่งล่าสุด 2026-09-10 21:30:00 close 4333.82 spread 23.0 (ประมวลผลแล้ว)
2026-09-11 01:55:58 [DEBUG] รอบตรวจ: แท่งล่าสุด 2026-09-10 21:30:00 close 4333.82 spread 25.0 (ประมวลผลแล้ว)
2026-09-11 01:56:28 [DEBUG] รอบตรวจ: แท่งล่าสุด 2026-09-10 21:30:00 close 4333.82 spread 23.0 (ประมวลผลแล้ว)
2026-09-11 01:56:58 [DEBUG] รอบตรวจ: แท่งล่าสุด 2026-09-10 21:30:00 close 4333.82 spread 24.0 (ประมวลผลแล้ว)
2026-09-11 01:57:28 [DEBUG] รอบตรวจ: แท่งล่าสุด 2026-09-10 21:30:00 close 4333.82 spread 23.0 (ประมวลผลแล้ว)
2026-09-11 01:57:58 [DEBUG] รอบตรวจ: แท่งล่าสุด 2026-09-10 21:30:00 close 4333.82 spread 25.0 (ประมวลผลแล้ว)
2026-09-11 01:58:28 [DEBUG] รอบตรวจ: แท่งล่าสุด 2026-09-10 21:30:00 close 4333.82 spread 23.0 (ประมวลผลแล้ว)
2026-09-11 01:58:58 [DEBUG] รอบตรวจ: แท่งล่าสุด 2026-09-10 21:30:00 close 4333.82 spread 23.0 (ประมวลผลแล้ว)
2026-09-11 01:59:28 [DEBUG] รอบตรวจ: แท่งล่าสุด 2026-09-10 21:30:00 close 4333.82 spread 23.0 (ประมวลผลแล้ว)
2026-09-11 01:59:58 [DEBUG] รอบตรวจ: แท่งล่าสุด 2026-09-10 21:30:00 close 4333.82 spread 23.0 (ประมวลผลแล้ว)
2026-09-11 02:00:28 [DEBUG] รอบตรวจ: แท่งล่าสุด 2026-09-10 21:45:00 close 4332.92 spread 26.0 (แท่งใหม่)
2026-09-11 02:00:28 [INFO] แท่งปิด 2026-09-10 21:45:00 | Close 4332.92 | H1 DOWNTREND | M5 DOWNTREND | RSI 29.5 | ADX 35.6 | ATR 10.80 | Spread 26.0
2026-09-11 02:00:28 [INFO] คำตัดสิน: [2mHOLD — ยังไม่มีสัญญาณตัดกัน[0m
2026-09-11 02:00:28 [DEBUG]   [ไม่ผ่าน] สัญญาณตัดกัน M15: MA20/MA50 ให้ HOLD
2026-09-11 02:00:28 [DEBUG] Starting new HTTPS connection (1): api.telegram.org:443
2026-09-11 02:00:29 [DEBUG] https://api.telegram.org:443 "POST /bot8624918359:AAGleKax3bKKXX_pdgTMX49IIYtUJVqWf48/sendMessage HTTP/1.1" 200 1432
2026-09-11 02:00:59 [DEBUG] รอบตรวจ: แท่งล่าสุด 2026-09-10 21:45:00 close 4332.92 spread 23.0 (ประมวลผลแล้ว)
2026-09-11 02:01:29 [DEBUG] รอบตรวจ: แท่งล่าสุด 2026-09-10 21:45:00 close 4332.92 spread 23.0 (ประมวลผลแล้ว)
2026-09-11 02:01:59 [DEBUG] รอบตรวจ: แท่งล่าสุด 2026-09-10 21:45:00 close 4332.92 spread 24.0 (ประมวลผลแล้ว)
2026-09-11 02:02:29 [DEBUG] รอบตรวจ: แท่งล่าสุด 2026-09-10 21:45:00 close 4332.92 spread 27.0 (ประมวลผลแล้ว)
2026-09-11 02:02:59 [DEBUG] รอบตรวจ: แท่งล่าสุด 2026-09-10 21:45:00 close 4332.92 spread 23.0 (ประมวลผลแล้ว)
2026-09-11 02:03:29 [DEBUG] รอบตรวจ: แท่งล่าสุด 2026-09-10 21:45:00 close 4332.92 spread 23.0 (ประมวลผลแล้ว)
2026-09-11 02:03:59 [DEBUG] รอบตรวจ: แท่งล่าสุด 2026-09-10 21:45:00 close 4332.92 spread 37.0 (ประมวลผลแล้ว)
2026-09-11 02:04:29 [DEBUG] รอบตรวจ: แท่งล่าสุด 2026-09-10 21:45:00 close 4332.92 spread 23.0 (ประมวลผลแล้ว)
2026-09-11 02:04:59 [DEBUG] รอบตรวจ: แท่งล่าสุด 2026-09-10 21:45:00 close 4332.92 spread 23.0 (ประมวลผลแล้ว)
2026-09-11 02:05:29 [DEBUG] รอบตรวจ: แท่งล่าสุด 2026-09-10 21:45:00 close 4332.92 spread 23.0 (ประมวลผลแล้ว)
2026-09-11 02:05:59 [DEBUG] รอบตรวจ: แท่งล่าสุด 2026-09-10 21:45:00 close 4332.92 spread 23.0 (ประมวลผลแล้ว)
2026-09-11 02:06:29 [DEBUG] รอบตรวจ: แท่งล่าสุด 2026-09-10 21:45:00 close 4332.92 spread 23.0 (ประมวลผลแล้ว)
2026-09-11 02:06:59 [DEBUG] รอบตรวจ: แท่งล่าสุด 2026-09-10 21:45:00 close 4332.92 spread 34.0 (ประมวลผลแล้ว)
2026-09-11 02:07:29 [DEBUG] รอบตรวจ: แท่งล่าสุด 2026-09-10 21:45:00 close 4332.92 spread 23.0 (ประมวลผลแล้ว)
2026-09-11 02:07:59 [DEBUG] รอบตรวจ: แท่งล่าสุด 2026-09-10 21:45:00 close 4332.92 spread 31.0 (ประมวลผลแล้ว)
2026-09-11 02:08:29 [DEBUG] รอบตรวจ: แท่งล่าสุด 2026-09-10 21:45:00 close 4332.92 spread 23.0 (ประมวลผลแล้ว)
2026-09-11 02:08:59 [DEBUG] รอบตรวจ: แท่งล่าสุด 2026-09-10 21:45:00 close 4332.92 spread 23.0 (ประมวลผลแล้ว)
2026-09-11 02:09:29 [DEBUG] รอบตรวจ: แท่งล่าสุด 2026-09-10 21:45:00 close 4332.92 spread 36.0 (ประมวลผลแล้ว)
2026-09-11 02:09:59 [DEBUG] รอบตรวจ: แท่งล่าสุด 2026-09-10 21:45:00 close 4332.92 spread 29.0 (ประมวลผลแล้ว)
2026-09-11 02:10:29 [DEBUG] รอบตรวจ: แท่งล่าสุด 2026-09-10 21:45:00 close 4332.92 spread 37.0 (ประมวลผลแล้ว)
2026-09-11 02:10:59 [DEBUG] รอบตรวจ: แท่งล่าสุด 2026-09-10 21:45:00 close 4332.92 spread 35.0 (ประมวลผลแล้ว)
2026-09-11 02:11:29 [DEBUG] รอบตรวจ: แท่งล่าสุด 2026-09-10 21:45:00 close 4332.92 spread 37.0 (ประมวลผลแล้ว)
2026-09-11 02:11:59 [DEBUG] รอบตรวจ: แท่งล่าสุด 2026-09-10 21:45:00 close 4332.92 spread 35.0 (ประมวลผลแล้ว)
2026-09-11 02:12:29 [DEBUG] รอบตรวจ: แท่งล่าสุด 2026-09-10 21:45:00 close 4332.92 spread 23.0 (ประมวลผลแล้ว)
2026-09-11 02:12:59 [DEBUG] รอบตรวจ: แท่งล่าสุด 2026-09-10 21:45:00 close 4332.92 spread 23.0 (ประมวลผลแล้ว)
2026-09-11 02:13:29 [DEBUG] รอบตรวจ: แท่งล่าสุด 2026-09-10 21:45:00 close 4332.92 spread 23.0 (ประมวลผลแล้ว)
2026-09-11 02:13:59 [DEBUG] รอบตรวจ: แท่งล่าสุด 2026-09-10 21:45:00 close 4332.92 spread 29.0 (ประมวลผลแล้ว)
2026-09-11 02:14:29 [DEBUG] รอบตรวจ: แท่งล่าสุด 2026-09-10 21:45:00 close 4332.92 spread 23.0 (ประมวลผลแล้ว)
2026-09-11 02:14:59 [DEBUG] รอบตรวจ: แท่งล่าสุด 2026-09-10 22:00:00 close 4322.52 spread 29.0 (แท่งใหม่)
2026-09-11 02:14:59 [INFO] แท่งปิด 2026-09-10 22:00:00 | Close 4322.52 | H1 DOWNTREND | M5 DOWNTREND | RSI 25.3 | ADX 37.7 | ATR 11.40 | Spread 29.0
2026-09-11 02:14:59 [INFO] คำตัดสิน: [2mHOLD — ยังไม่มีสัญญาณตัดกัน[0m
2026-09-11 02:14:59 [DEBUG]   [ไม่ผ่าน] สัญญาณตัดกัน M15: MA20/MA50 ให้ HOLD
2026-09-11 02:14:59 [DEBUG] Starting new HTTPS connection (1): api.telegram.org:443
2026-09-11 02:15:00 [DEBUG] https://api.telegram.org:443 "POST /bot8624918359:AAGleKax3bKKXX_pdgTMX49IIYtUJVqWf48/sendMessage HTTP/1.1" 200 1432
2026-09-11 02:15:30 [DEBUG] รอบตรวจ: แท่งล่าสุด 2026-09-10 22:00:00 close 4322.52 spread 27.0 (ประมวลผลแล้ว)
2026-09-11 02:16:00 [DEBUG] รอบตรวจ: แท่งล่าสุด 2026-09-10 22:00:00 close 4322.52 spread 25.0 (ประมวลผลแล้ว)
2026-09-11 02:16:30 [DEBUG] รอบตรวจ: แท่งล่าสุด 2026-09-10 22:00:00 close 4322.52 spread 32.0 (ประมวลผลแล้ว)
2026-09-11 02:17:00 [DEBUG] รอบตรวจ: แท่งล่าสุด 2026-09-10 22:00:00 close 4322.52 spread 25.0 (ประมวลผลแล้ว)
2026-09-11 02:17:30 [DEBUG] รอบตรวจ: แท่งล่าสุด 2026-09-10 22:00:00 close 4322.52 spread 31.0 (ประมวลผลแล้ว)
2026-09-11 02:18:01 [DEBUG] รอบตรวจ: แท่งล่าสุด 2026-09-10 22:00:00 close 4322.52 spread 29.0 (ประมวลผลแล้ว)
2026-09-11 02:18:31 [DEBUG] รอบตรวจ: แท่งล่าสุด 2026-09-10 22:00:00 close 4322.52 spread 27.0 (ประมวลผลแล้ว)
2026-09-11 02:19:01 [DEBUG] รอบตรวจ: แท่งล่าสุด 2026-09-10 22:00:00 close 4322.52 spread 26.0 (ประมวลผลแล้ว)
2026-09-11 02:19:31 [DEBUG] รอบตรวจ: แท่งล่าสุด 2026-09-10 22:00:00 close 4322.52 spread 25.0 (ประมวลผลแล้ว)
2026-09-11 02:20:01 [DEBUG] รอบตรวจ: แท่งล่าสุด 2026-09-10 22:00:00 close 4322.52 spread 25.0 (ประมวลผลแล้ว)
2026-09-11 02:20:31 [DEBUG] รอบตรวจ: แท่งล่าสุด 2026-09-10 22:00:00 close 4322.52 spread 25.0 (ประมวลผลแล้ว)
2026-09-11 02:21:01 [DEBUG] รอบตรวจ: แท่งล่าสุด 2026-09-10 22:00:00 close 4322.52 spread 25.0 (ประมวลผลแล้ว)
2026-09-11 02:21:31 [DEBUG] รอบตรวจ: แท่งล่าสุด 2026-09-10 22:00:00 close 4322.52 spread 25.0 (ประมวลผลแล้ว)
2026-09-11 02:22:01 [DEBUG] รอบตรวจ: แท่งล่าสุด 2026-09-10 22:00:00 close 4322.52 spread 29.0 (ประมวลผลแล้ว)
2026-09-11 02:22:31 [DEBUG] รอบตรวจ: แท่งล่าสุด 2026-09-10 22:00:00 close 4322.52 spread 26.0 (ประมวลผลแล้ว)
2026-09-11 02:23:01 [DEBUG] รอบตรวจ: แท่งล่าสุด 2026-09-10 22:00:00 close 4322.52 spread 30.0 (ประมวลผลแล้ว)
2026-09-11 02:23:31 [DEBUG] รอบตรวจ: แท่งล่าสุด 2026-09-10 22:00:00 close 4322.52 spread 25.0 (ประมวลผลแล้ว)
2026-09-11 02:24:01 [DEBUG] รอบตรวจ: แท่งล่าสุด 2026-09-10 22:00:00 close 4322.52 spread 25.0 (ประมวลผลแล้ว)
2026-09-11 02:24:31 [DEBUG] รอบตรวจ: แท่งล่าสุด 2026-09-10 22:00:00 close 4322.52 spread 25.0 (ประมวลผลแล้ว)
2026-09-11 02:25:01 [DEBUG] รอบตรวจ: แท่งล่าสุด 2026-09-10 22:00:00 close 4322.52 spread 25.0 (ประมวลผลแล้ว)
2026-09-11 02:25:31 [DEBUG] รอบตรวจ: แท่งล่าสุด 2026-09-10 22:00:00 close 4322.52 spread 25.0 (ประมวลผลแล้ว)
2026-09-11 02:26:01 [DEBUG] รอบตรวจ: แท่งล่าสุด 2026-09-10 22:00:00 close 4322.52 spread 28.0 (ประมวลผลแล้ว)
2026-09-11 02:26:31 [DEBUG] รอบตรวจ: แท่งล่าสุด 2026-09-10 22:00:00 close 4322.52 spread 25.0 (ประมวลผลแล้ว)
2026-09-11 02:27:01 [DEBUG] รอบตรวจ: แท่งล่าสุด 2026-09-10 22:00:00 close 4322.52 spread 25.0 (ประมวลผลแล้ว)
2026-09-11 02:27:31 [DEBUG] รอบตรวจ: แท่งล่าสุด 2026-09-10 22:00:00 close 4322.52 spread 29.0 (ประมวลผลแล้ว)
2026-09-11 02:28:01 [DEBUG] รอบตรวจ: แท่งล่าสุด 2026-09-10 22:00:00 close 4322.52 spread 25.0 (ประมวลผลแล้ว)
2026-09-11 02:28:31 [DEBUG] รอบตรวจ: แท่งล่าสุด 2026-09-10 22:00:00 close 4322.52 spread 25.0 (ประมวลผลแล้ว)
2026-09-11 02:29:01 [DEBUG] รอบตรวจ: แท่งล่าสุด 2026-09-10 22:00:00 close 4322.52 spread 25.0 (ประมวลผลแล้ว)
2026-09-11 02:29:31 [DEBUG] รอบตรวจ: แท่งล่าสุด 2026-09-10 22:00:00 close 4322.52 spread 25.0 (ประมวลผลแล้ว)
2026-09-11 02:30:01 [DEBUG] รอบตรวจ: แท่งล่าสุด 2026-09-10 22:15:00 close 4327.14 spread 25.0 (แท่งใหม่)
2026-09-11 02:30:01 [INFO] แท่งปิด 2026-09-10 22:15:00 | Close 4327.14 | H1 DOWNTREND | M5 DOWNTREND | RSI 30.1 | ADX 39.5 | ATR 11.40 | Spread 25.0
2026-09-11 02:30:01 [INFO] คำตัดสิน: [2mHOLD — ยังไม่มีสัญญาณตัดกัน[0m
2026-09-11 02:30:01 [DEBUG]   [ไม่ผ่าน] สัญญาณตัดกัน M15: MA20/MA50 ให้ HOLD
2026-09-11 02:30:01 [DEBUG] Starting new HTTPS connection (1): api.telegram.org:443
2026-09-11 02:30:02 [DEBUG] https://api.telegram.org:443 "POST /bot8624918359:AAGleKax3bKKXX_pdgTMX49IIYtUJVqWf48/sendMessage HTTP/1.1" 200 1402
2026-09-11 02:30:32 [DEBUG] รอบตรวจ: แท่งล่าสุด 2026-09-10 22:15:00 close 4327.14 spread 25.0 (ประมวลผลแล้ว)
2026-09-11 02:31:02 [DEBUG] รอบตรวจ: แท่งล่าสุด 2026-09-10 22:15:00 close 4327.14 spread 25.0 (ประมวลผลแล้ว)
2026-09-11 02:31:32 [DEBUG] รอบตรวจ: แท่งล่าสุด 2026-09-10 22:15:00 close 4327.14 spread 25.0 (ประมวลผลแล้ว)
2026-09-11 02:32:02 [DEBUG] รอบตรวจ: แท่งล่าสุด 2026-09-10 22:15:00 close 4327.14 spread 26.0 (ประมวลผลแล้ว)
2026-09-11 02:32:32 [DEBUG] รอบตรวจ: แท่งล่าสุด 2026-09-10 22:15:00 close 4327.14 spread 25.0 (ประมวลผลแล้ว)
2026-09-11 02:33:02 [DEBUG] รอบตรวจ: แท่งล่าสุด 2026-09-10 22:15:00 close 4327.14 spread 25.0 (ประมวลผลแล้ว)
2026-09-11 02:33:32 [DEBUG] รอบตรวจ: แท่งล่าสุด 2026-09-10 22:15:00 close 4327.14 spread 25.0 (ประมวลผลแล้ว)
2026-09-11 02:34:02 [DEBUG] รอบตรวจ: แท่งล่าสุด 2026-09-10 22:15:00 close 4327.14 spread 25.0 (ประมวลผลแล้ว)
2026-09-11 02:34:32 [DEBUG] รอบตรวจ: แท่งล่าสุด 2026-09-10 22:15:00 close 4327.14 spread 25.0 (ประมวลผลแล้ว)
2026-09-11 02:35:02 [DEBUG] รอบตรวจ: แท่งล่าสุด 2026-09-10 22:15:00 close 4327.14 spread 28.0 (ประมวลผลแล้ว)
2026-09-11 02:35:32 [DEBUG] รอบตรวจ: แท่งล่าสุด 2026-09-10 22:15:00 close 4327.14 spread 25.0 (ประมวลผลแล้ว)
2026-09-11 02:36:02 [DEBUG] รอบตรวจ: แท่งล่าสุด 2026-09-10 22:15:00 close 4327.14 spread 26.0 (ประมวลผลแล้ว)
2026-09-11 02:36:32 [DEBUG] รอบตรวจ: แท่งล่าสุด 2026-09-10 22:15:00 close 4327.14 spread 27.0 (ประมวลผลแล้ว)
2026-09-11 02:37:02 [DEBUG] รอบตรวจ: แท่งล่าสุด 2026-09-10 22:15:00 close 4327.14 spread 26.0 (ประมวลผลแล้ว)
2026-09-11 02:37:32 [DEBUG] รอบตรวจ: แท่งล่าสุด 2026-09-10 22:15:00 close 4327.14 spread 25.0 (ประมวลผลแล้ว)
2026-09-11 02:38:02 [DEBUG] รอบตรวจ: แท่งล่าสุด 2026-09-10 22:15:00 close 4327.14 spread 26.0 (ประมวลผลแล้ว)
2026-09-11 02:38:32 [DEBUG] รอบตรวจ: แท่งล่าสุด 2026-09-10 22:15:00 close 4327.14 spread 28.0 (ประมวลผลแล้ว)
2026-09-11 02:39:02 [DEBUG] รอบตรวจ: แท่งล่าสุด 2026-09-10 22:15:00 close 4327.14 spread 26.0 (ประมวลผลแล้ว)
2026-09-11 02:39:32 [DEBUG] รอบตรวจ: แท่งล่าสุด 2026-09-10 22:15:00 close 4327.14 spread 32.0 (ประมวลผลแล้ว)
2026-09-11 02:40:02 [DEBUG] รอบตรวจ: แท่งล่าสุด 2026-09-10 22:15:00 close 4327.14 spread 28.0 (ประมวลผลแล้ว)
2026-09-11 02:40:32 [DEBUG] รอบตรวจ: แท่งล่าสุด 2026-09-10 22:15:00 close 4327.14 spread 30.0 (ประมวลผลแล้ว)
2026-09-11 02:41:02 [DEBUG] รอบตรวจ: แท่งล่าสุด 2026-09-10 22:15:00 close 4327.14 spread 30.0 (ประมวลผลแล้ว)
2026-09-11 02:41:32 [DEBUG] รอบตรวจ: แท่งล่าสุด 2026-09-10 22:15:00 close 4327.14 spread 25.0 (ประมวลผลแล้ว)
2026-09-11 02:42:02 [DEBUG] รอบตรวจ: แท่งล่าสุด 2026-09-10 22:15:00 close 4327.14 spread 29.0 (ประมวลผลแล้ว)
2026-09-11 02:42:32 [DEBUG] รอบตรวจ: แท่งล่าสุด 2026-09-10 22:15:00 close 4327.14 spread 25.0 (ประมวลผลแล้ว)
2026-09-11 02:43:02 [DEBUG] รอบตรวจ: แท่งล่าสุด 2026-09-10 22:15:00 close 4327.14 spread 25.0 (ประมวลผลแล้ว)
2026-09-11 02:43:32 [DEBUG] รอบตรวจ: แท่งล่าสุด 2026-09-10 22:15:00 close 4327.14 spread 31.0 (ประมวลผลแล้ว)
2026-09-11 02:44:02 [DEBUG] รอบตรวจ: แท่งล่าสุด 2026-09-10 22:15:00 close 4327.14 spread 28.0 (ประมวลผลแล้ว)
2026-09-11 02:44:32 [DEBUG] รอบตรวจ: แท่งล่าสุด 2026-09-10 22:15:00 close 4327.14 spread 27.0 (ประมวลผลแล้ว)
2026-09-11 02:45:02 [DEBUG] รอบตรวจ: แท่งล่าสุด 2026-09-10 22:30:00 close 4324.34 spread 27.0 (แท่งใหม่)
2026-09-11 02:45:02 [INFO] แท่งปิด 2026-09-10 22:30:00 | Close 4324.34 | H1 DOWNTREND | M5 DOWNTREND | RSI 28.9 | ADX 41.3 | ATR 11.01 | Spread 27.0
2026-09-11 02:45:02 [INFO] คำตัดสิน: [2mHOLD — ยังไม่มีสัญญาณตัดกัน[0m
2026-09-11 02:45:02 [DEBUG]   [ไม่ผ่าน] สัญญาณตัดกัน M15: MA20/MA50 ให้ HOLD
2026-09-11 02:45:02 [DEBUG] Starting new HTTPS connection (1): api.telegram.org:443
2026-09-11 02:45:03 [DEBUG] https://api.telegram.org:443 "POST /bot8624918359:AAGleKax3bKKXX_pdgTMX49IIYtUJVqWf48/sendMessage HTTP/1.1" 200 1432
2026-09-11 02:45:33 [DEBUG] รอบตรวจ: แท่งล่าสุด 2026-09-10 22:30:00 close 4324.34 spread 25.0 (ประมวลผลแล้ว)
2026-09-11 02:46:03 [DEBUG] รอบตรวจ: แท่งล่าสุด 2026-09-10 22:30:00 close 4324.34 spread 27.0 (ประมวลผลแล้ว)
2026-09-11 02:46:33 [DEBUG] รอบตรวจ: แท่งล่าสุด 2026-09-10 22:30:00 close 4324.34 spread 31.0 (ประมวลผลแล้ว)
2026-09-11 02:47:03 [DEBUG] รอบตรวจ: แท่งล่าสุด 2026-09-10 22:30:00 close 4324.34 spread 25.0 (ประมวลผลแล้ว)
2026-09-11 02:47:34 [DEBUG] รอบตรวจ: แท่งล่าสุด 2026-09-10 22:30:00 close 4324.34 spread 25.0 (ประมวลผลแล้ว)
2026-09-11 02:48:04 [DEBUG] รอบตรวจ: แท่งล่าสุด 2026-09-10 22:30:00 close 4324.34 spread 29.0 (ประมวลผลแล้ว)
2026-09-11 02:48:34 [DEBUG] รอบตรวจ: แท่งล่าสุด 2026-09-10 22:30:00 close 4324.34 spread 26.0 (ประมวลผลแล้ว)
2026-09-11 02:49:04 [DEBUG] รอบตรวจ: แท่งล่าสุด 2026-09-10 22:30:00 close 4324.34 spread 35.0 (ประมวลผลแล้ว)
2026-09-11 02:49:34 [DEBUG] รอบตรวจ: แท่งล่าสุด 2026-09-10 22:30:00 close 4324.34 spread 26.0 (ประมวลผลแล้ว)
2026-09-11 02:50:04 [DEBUG] รอบตรวจ: แท่งล่าสุด 2026-09-10 22:30:00 close 4324.34 spread 25.0 (ประมวลผลแล้ว)
2026-09-11 02:50:34 [DEBUG] รอบตรวจ: แท่งล่าสุด 2026-09-10 22:30:00 close 4324.34 spread 30.0 (ประมวลผลแล้ว)
2026-09-11 02:51:04 [DEBUG] รอบตรวจ: แท่งล่าสุด 2026-09-10 22:30:00 close 4324.34 spread 26.0 (ประมวลผลแล้ว)
2026-09-11 02:51:34 [DEBUG] รอบตรวจ: แท่งล่าสุด 2026-09-10 22:30:00 close 4324.34 spread 25.0 (ประมวลผลแล้ว)
2026-09-11 02:52:04 [DEBUG] รอบตรวจ: แท่งล่าสุด 2026-09-10 22:30:00 close 4324.34 spread 25.0 (ประมวลผลแล้ว)
2026-09-11 02:52:34 [DEBUG] รอบตรวจ: แท่งล่าสุด 2026-09-10 22:30:00 close 4324.34 spread 25.0 (ประมวลผลแล้ว)
2026-09-11 02:53:04 [DEBUG] รอบตรวจ: แท่งล่าสุด 2026-09-10 22:30:00 close 4324.34 spread 25.0 (ประมวลผลแล้ว)
2026-09-11 02:53:34 [DEBUG] รอบตรวจ: แท่งล่าสุด 2026-09-10 22:30:00 close 4324.34 spread 25.0 (ประมวลผลแล้ว)
2026-09-11 02:54:04 [DEBUG] รอบตรวจ: แท่งล่าสุด 2026-09-10 22:30:00 close 4324.34 spread 27.0 (ประมวลผลแล้ว)
2026-09-11 02:54:34 [DEBUG] รอบตรวจ: แท่งล่าสุด 2026-09-10 22:30:00 close 4324.34 spread 25.0 (ประมวลผลแล้ว)
2026-09-11 02:55:04 [DEBUG] รอบตรวจ: แท่งล่าสุด 2026-09-10 22:30:00 close 4324.34 spread 26.0 (ประมวลผลแล้ว)
2026-09-11 02:55:34 [DEBUG] รอบตรวจ: แท่งล่าสุด 2026-09-10 22:30:00 close 4324.34 spread 25.0 (ประมวลผลแล้ว)
2026-09-11 02:56:04 [DEBUG] รอบตรวจ: แท่งล่าสุด 2026-09-10 22:30:00 close 4324.34 spread 31.0 (ประมวลผลแล้ว)
2026-09-11 02:56:34 [DEBUG] รอบตรวจ: แท่งล่าสุด 2026-09-10 22:30:00 close 4324.34 spread 26.0 (ประมวลผลแล้ว)
2026-09-11 02:57:04 [DEBUG] รอบตรวจ: แท่งล่าสุด 2026-09-10 22:30:00 close 4324.34 spread 27.0 (ประมวลผลแล้ว)
2026-09-11 02:57:34 [DEBUG] รอบตรวจ: แท่งล่าสุด 2026-09-10 22:30:00 close 4324.34 spread 29.0 (ประมวลผลแล้ว)
2026-09-11 02:58:04 [DEBUG] รอบตรวจ: แท่งล่าสุด 2026-09-10 22:30:00 close 4324.34 spread 31.0 (ประมวลผลแล้ว)
2026-09-11 02:58:34 [DEBUG] รอบตรวจ: แท่งล่าสุด 2026-09-10 22:30:00 close 4324.34 spread 28.0 (ประมวลผลแล้ว)
2026-09-11 02:59:04 [DEBUG] รอบตรวจ: แท่งล่าสุด 2026-09-10 22:30:00 close 4324.34 spread 25.0 (ประมวลผลแล้ว)
2026-09-11 02:59:34 [DEBUG] รอบตรวจ: แท่งล่าสุด 2026-09-10 22:30:00 close 4324.34 spread 25.0 (ประมวลผลแล้ว)
2026-09-11 03:00:04 [DEBUG] รอบตรวจ: แท่งล่าสุด 2026-09-10 22:45:00 close 4324.18 spread 25.0 (แท่งใหม่)
2026-09-11 03:00:04 [INFO] แท่งปิด 2026-09-10 22:45:00 | Close 4324.18 | H1 DOWNTREND | M5 DOWNTREND | RSI 28.8 | ADX 43.1 | ATR 10.65 | Spread 25.0
2026-09-11 03:00:04 [INFO] คำตัดสิน: [2mHOLD — ยังไม่มีสัญญาณตัดกัน[0m
2026-09-11 03:00:04 [DEBUG]   [ไม่ผ่าน] สัญญาณตัดกัน M15: MA20/MA50 ให้ HOLD
2026-09-11 03:00:04 [DEBUG] Starting new HTTPS connection (1): api.telegram.org:443
2026-09-11 03:00:05 [DEBUG] https://api.telegram.org:443 "POST /bot8624918359:AAGleKax3bKKXX_pdgTMX49IIYtUJVqWf48/sendMessage HTTP/1.1" 200 1432
2026-09-11 03:00:35 [DEBUG] รอบตรวจ: แท่งล่าสุด 2026-09-10 22:45:00 close 4324.18 spread 25.0 (ประมวลผลแล้ว)
2026-09-11 03:01:05 [DEBUG] รอบตรวจ: แท่งล่าสุด 2026-09-10 22:45:00 close 4324.18 spread 26.0 (ประมวลผลแล้ว)
2026-09-11 03:01:35 [DEBUG] รอบตรวจ: แท่งล่าสุด 2026-09-10 22:45:00 close 4324.18 spread 25.0 (ประมวลผลแล้ว)
2026-09-11 03:02:05 [DEBUG] รอบตรวจ: แท่งล่าสุด 2026-09-10 22:45:00 close 4324.18 spread 25.0 (ประมวลผลแล้ว)
2026-09-11 03:02:35 [DEBUG] รอบตรวจ: แท่งล่าสุด 2026-09-10 22:45:00 close 4324.18 spread 27.0 (ประมวลผลแล้ว)
2026-09-11 03:03:05 [DEBUG] รอบตรวจ: แท่งล่าสุด 2026-09-10 22:45:00 close 4324.18 spread 25.0 (ประมวลผลแล้ว)
2026-09-11 03:03:35 [DEBUG] รอบตรวจ: แท่งล่าสุด 2026-09-10 22:45:00 close 4324.18 spread 25.0 (ประมวลผลแล้ว)
2026-09-11 03:04:05 [DEBUG] รอบตรวจ: แท่งล่าสุด 2026-09-10 22:45:00 close 4324.18 spread 39.0 (ประมวลผลแล้ว)
2026-09-11 03:04:35 [DEBUG] รอบตรวจ: แท่งล่าสุด 2026-09-10 22:45:00 close 4324.18 spread 25.0 (ประมวลผลแล้ว)
2026-09-11 03:05:05 [DEBUG] รอบตรวจ: แท่งล่าสุด 2026-09-10 22:45:00 close 4324.18 spread 25.0 (ประมวลผลแล้ว)
2026-09-11 03:05:35 [DEBUG] รอบตรวจ: แท่งล่าสุด 2026-09-10 22:45:00 close 4324.18 spread 26.0 (ประมวลผลแล้ว)
2026-09-11 03:06:05 [DEBUG] รอบตรวจ: แท่งล่าสุด 2026-09-10 22:45:00 close 4324.18 spread 25.0 (ประมวลผลแล้ว)
2026-09-11 03:06:35 [DEBUG] รอบตรวจ: แท่งล่าสุด 2026-09-10 22:45:00 close 4324.18 spread 26.0 (ประมวลผลแล้ว)
2026-09-11 03:07:05 [DEBUG] รอบตรวจ: แท่งล่าสุด 2026-09-10 22:45:00 close 4324.18 spread 29.0 (ประมวลผลแล้ว)
2026-09-11 03:07:35 [DEBUG] รอบตรวจ: แท่งล่าสุด 2026-09-10 22:45:00 close 4324.18 spread 26.0 (ประมวลผลแล้ว)
2026-09-11 03:08:05 [DEBUG] รอบตรวจ: แท่งล่าสุด 2026-09-10 22:45:00 close 4324.18 spread 25.0 (ประมวลผลแล้ว)
2026-09-11 03:08:35 [DEBUG] รอบตรวจ: แท่งล่าสุด 2026-09-10 22:45:00 close 4324.18 spread 25.0 (ประมวลผลแล้ว)
2026-09-11 03:09:05 [DEBUG] รอบตรวจ: แท่งล่าสุด 2026-09-10 22:45:00 close 4324.18 spread 25.0 (ประมวลผลแล้ว)
2026-09-11 03:09:35 [DEBUG] รอบตรวจ: แท่งล่าสุด 2026-09-10 22:45:00 close 4324.18 spread 25.0 (ประมวลผลแล้ว)
2026-09-11 03:10:05 [DEBUG] รอบตรวจ: แท่งล่าสุด 2026-09-10 22:45:00 close 4324.18 spread 25.0 (ประมวลผลแล้ว)
2026-09-11 03:10:35 [DEBUG] รอบตรวจ: แท่งล่าสุด 2026-09-10 22:45:00 close 4324.18 spread 25.0 (ประมวลผลแล้ว)
2026-09-11 03:11:05 [DEBUG] รอบตรวจ: แท่งล่าสุด 2026-09-10 22:45:00 close 4324.18 spread 25.0 (ประมวลผลแล้ว)
2026-09-11 03:11:35 [DEBUG] รอบตรวจ: แท่งล่าสุด 2026-09-10 22:45:00 close 4324.18 spread 25.0 (ประมวลผลแล้ว)
2026-09-11 03:12:05 [DEBUG] รอบตรวจ: แท่งล่าสุด 2026-09-10 22:45:00 close 4324.18 spread 25.0 (ประมวลผลแล้ว)
2026-09-11 03:12:35 [DEBUG] รอบตรวจ: แท่งล่าสุด 2026-09-10 22:45:00 close 4324.18 spread 25.0 (ประมวลผลแล้ว)
2026-09-11 03:13:05 [DEBUG] รอบตรวจ: แท่งล่าสุด 2026-09-10 22:45:00 close 4324.18 spread 25.0 (ประมวลผลแล้ว)
2026-09-11 03:13:35 [DEBUG] รอบตรวจ: แท่งล่าสุด 2026-09-10 22:45:00 close 4324.18 spread 25.0 (ประมวลผลแล้ว)
2026-09-11 03:14:05 [DEBUG] รอบตรวจ: แท่งล่าสุด 2026-09-10 22:45:00 close 4324.18 spread 25.0 (ประมวลผลแล้ว)
2026-09-11 03:14:35 [DEBUG] รอบตรวจ: แท่งล่าสุด 2026-09-10 22:45:00 close 4324.18 spread 25.0 (ประมวลผลแล้ว)
2026-09-11 03:15:05 [DEBUG] รอบตรวจ: แท่งล่าสุด 2026-09-10 23:00:00 close 4322.97 spread 25.0 (แท่งใหม่)
2026-09-11 03:15:05 [INFO] แท่งปิด 2026-09-10 23:00:00 | Close 4322.97 | H1 DOWNTREND | M5 DOWNTREND | RSI 28.2 | ADX 44.7 | ATR 10.21 | Spread 25.0
2026-09-11 03:15:05 [INFO] คำตัดสิน: [2mHOLD — ยังไม่มีสัญญาณตัดกัน[0m
2026-09-11 03:15:05 [DEBUG]   [ไม่ผ่าน] สัญญาณตัดกัน M15: MA20/MA50 ให้ HOLD
2026-09-11 03:15:05 [DEBUG] Starting new HTTPS connection (1): api.telegram.org:443
2026-09-11 03:15:06 [DEBUG] https://api.telegram.org:443 "POST /bot8624918359:AAGleKax3bKKXX_pdgTMX49IIYtUJVqWf48/sendMessage HTTP/1.1" 200 1432
2026-09-11 03:15:36 [DEBUG] รอบตรวจ: แท่งล่าสุด 2026-09-10 23:00:00 close 4322.97 spread 25.0 (ประมวลผลแล้ว)
2026-09-11 03:16:06 [DEBUG] รอบตรวจ: แท่งล่าสุด 2026-09-10 23:00:00 close 4322.97 spread 25.0 (ประมวลผลแล้ว)
2026-09-11 03:16:36 [DEBUG] รอบตรวจ: แท่งล่าสุด 2026-09-10 23:00:00 close 4322.97 spread 25.0 (ประมวลผลแล้ว)
2026-09-11 03:17:07 [DEBUG] รอบตรวจ: แท่งล่าสุด 2026-09-10 23:00:00 close 4322.97 spread 25.0 (ประมวลผลแล้ว)
2026-09-11 03:17:37 [DEBUG] รอบตรวจ: แท่งล่าสุด 2026-09-10 23:00:00 close 4322.97 spread 25.0 (ประมวลผลแล้ว)
2026-09-11 03:18:07 [DEBUG] รอบตรวจ: แท่งล่าสุด 2026-09-10 23:00:00 close 4322.97 spread 25.0 (ประมวลผลแล้ว)
2026-09-11 03:18:37 [DEBUG] รอบตรวจ: แท่งล่าสุด 2026-09-10 23:00:00 close 4322.97 spread 25.0 (ประมวลผลแล้ว)
2026-09-11 03:19:07 [DEBUG] รอบตรวจ: แท่งล่าสุด 2026-09-10 23:00:00 close 4322.97 spread 25.0 (ประมวลผลแล้ว)
2026-09-11 03:19:37 [DEBUG] รอบตรวจ: แท่งล่าสุด 2026-09-10 23:00:00 close 4322.97 spread 25.0 (ประมวลผลแล้ว)
2026-09-11 03:20:07 [DEBUG] รอบตรวจ: แท่งล่าสุด 2026-09-10 23:00:00 close 4322.97 spread 25.0 (ประมวลผลแล้ว)
2026-09-11 03:20:37 [DEBUG] รอบตรวจ: แท่งล่าสุด 2026-09-10 23:00:00 close 4322.97 spread 25.0 (ประมวลผลแล้ว)
2026-09-11 03:21:07 [DEBUG] รอบตรวจ: แท่งล่าสุด 2026-09-10 23:00:00 close 4322.97 spread 25.0 (ประมวลผลแล้ว)
2026-09-11 03:21:37 [DEBUG] รอบตรวจ: แท่งล่าสุด 2026-09-10 23:00:00 close 4322.97 spread 25.0 (ประมวลผลแล้ว)
2026-09-11 03:22:07 [DEBUG] รอบตรวจ: แท่งล่าสุด 2026-09-10 23:00:00 close 4322.97 spread 25.0 (ประมวลผลแล้ว)
2026-09-11 03:22:37 [DEBUG] รอบตรวจ: แท่งล่าสุด 2026-09-10 23:00:00 close 4322.97 spread 25.0 (ประมวลผลแล้ว)
2026-09-11 03:23:07 [DEBUG] รอบตรวจ: แท่งล่าสุด 2026-09-10 23:00:00 close 4322.97 spread 25.0 (ประมวลผลแล้ว)
2026-09-11 03:23:37 [DEBUG] รอบตรวจ: แท่งล่าสุด 2026-09-10 23:00:00 close 4322.97 spread 25.0 (ประมวลผลแล้ว)
2026-09-11 03:24:07 [DEBUG] รอบตรวจ: แท่งล่าสุด 2026-09-10 23:00:00 close 4322.97 spread 25.0 (ประมวลผลแล้ว)
2026-09-11 03:24:37 [DEBUG] รอบตรวจ: แท่งล่าสุด 2026-09-10 23:00:00 close 4322.97 spread 25.0 (ประมวลผลแล้ว)
2026-09-11 03:25:07 [DEBUG] รอบตรวจ: แท่งล่าสุด 2026-09-10 23:00:00 close 4322.97 spread 25.0 (ประมวลผลแล้ว)
2026-09-11 03:25:37 [DEBUG] รอบตรวจ: แท่งล่าสุด 2026-09-10 23:00:00 close 4322.97 spread 25.0 (ประมวลผลแล้ว)
2026-09-11 03:26:07 [DEBUG] รอบตรวจ: แท่งล่าสุด 2026-09-10 23:00:00 close 4322.97 spread 25.0 (ประมวลผลแล้ว)
2026-09-11 03:26:37 [DEBUG] รอบตรวจ: แท่งล่าสุด 2026-09-10 23:00:00 close 4322.97 spread 25.0 (ประมวลผลแล้ว)
2026-09-11 03:27:07 [DEBUG] รอบตรวจ: แท่งล่าสุด 2026-09-10 23:00:00 close 4322.97 spread 25.0 (ประมวลผลแล้ว)
2026-09-11 03:27:37 [DEBUG] รอบตรวจ: แท่งล่าสุด 2026-09-10 23:00:00 close 4322.97 spread 25.0 (ประมวลผลแล้ว)
2026-09-11 03:28:07 [DEBUG] รอบตรวจ: แท่งล่าสุด 2026-09-10 23:00:00 close 4322.97 spread 25.0 (ประมวลผลแล้ว)
2026-09-11 03:28:37 [DEBUG] รอบตรวจ: แท่งล่าสุด 2026-09-10 23:00:00 close 4322.97 spread 25.0 (ประมวลผลแล้ว)
2026-09-11 03:29:07 [DEBUG] รอบตรวจ: แท่งล่าสุด 2026-09-10 23:00:00 close 4322.97 spread 25.0 (ประมวลผลแล้ว)
2026-09-11 03:29:37 [DEBUG] รอบตรวจ: แท่งล่าสุด 2026-09-10 23:00:00 close 4322.97 spread 25.0 (ประมวลผลแล้ว)
2026-09-11 03:30:07 [DEBUG] รอบตรวจ: แท่งล่าสุด 2026-09-10 23:15:00 close 4318.79 spread 25.0 (แท่งใหม่)
2026-09-11 03:30:07 [INFO] แท่งปิด 2026-09-10 23:15:00 | Close 4318.79 | H1 DOWNTREND | M5 DOWNTREND | RSI 26.3 | ADX 46.4 | ATR 9.96 | Spread 25.0
2026-09-11 03:30:07 [INFO] คำตัดสิน: [2mHOLD — ยังไม่มีสัญญาณตัดกัน[0m
2026-09-11 03:30:07 [DEBUG]   [ไม่ผ่าน] สัญญาณตัดกัน M15: MA20/MA50 ให้ HOLD
2026-09-11 03:30:07 [DEBUG] Starting new HTTPS connection (1): api.telegram.org:443
2026-09-11 03:30:08 [DEBUG] https://api.telegram.org:443 "POST /bot8624918359:AAGleKax3bKKXX_pdgTMX49IIYtUJVqWf48/sendMessage HTTP/1.1" 200 1432
2026-09-11 03:30:38 [DEBUG] รอบตรวจ: แท่งล่าสุด 2026-09-10 23:15:00 close 4318.79 spread 25.0 (ประมวลผลแล้ว)
2026-09-11 03:31:08 [DEBUG] รอบตรวจ: แท่งล่าสุด 2026-09-10 23:15:00 close 4318.79 spread 25.0 (ประมวลผลแล้ว)
2026-09-11 03:31:38 [DEBUG] รอบตรวจ: แท่งล่าสุด 2026-09-10 23:15:00 close 4318.79 spread 25.0 (ประมวลผลแล้ว)
2026-09-11 03:32:08 [DEBUG] รอบตรวจ: แท่งล่าสุด 2026-09-10 23:15:00 close 4318.79 spread 25.0 (ประมวลผลแล้ว)
2026-09-11 03:32:38 [DEBUG] รอบตรวจ: แท่งล่าสุด 2026-09-10 23:15:00 close 4318.79 spread 25.0 (ประมวลผลแล้ว)
2026-09-11 03:33:08 [DEBUG] รอบตรวจ: แท่งล่าสุด 2026-09-10 23:15:00 close 4318.79 spread 25.0 (ประมวลผลแล้ว)
2026-09-11 03:33:38 [DEBUG] รอบตรวจ: แท่งล่าสุด 2026-09-10 23:15:00 close 4318.79 spread 25.0 (ประมวลผลแล้ว)
2026-09-11 03:34:08 [DEBUG] รอบตรวจ: แท่งล่าสุด 2026-09-10 23:15:00 close 4318.79 spread 25.0 (ประมวลผลแล้ว)
2026-09-11 03:34:38 [DEBUG] รอบตรวจ: แท่งล่าสุด 2026-09-10 23:15:00 close 4318.79 spread 25.0 (ประมวลผลแล้ว)
2026-09-11 03:35:08 [DEBUG] รอบตรวจ: แท่งล่าสุด 2026-09-10 23:15:00 close 4318.79 spread 45.0 (ประมวลผลแล้ว)
2026-09-11 03:35:38 [DEBUG] รอบตรวจ: แท่งล่าสุด 2026-09-10 23:15:00 close 4318.79 spread 45.0 (ประมวลผลแล้ว)
2026-09-11 03:36:08 [DEBUG] รอบตรวจ: แท่งล่าสุด 2026-09-10 23:15:00 close 4318.79 spread 45.0 (ประมวลผลแล้ว)
2026-09-11 03:36:38 [DEBUG] รอบตรวจ: แท่งล่าสุด 2026-09-10 23:15:00 close 4318.79 spread 45.0 (ประมวลผลแล้ว)
2026-09-11 03:37:08 [DEBUG] รอบตรวจ: แท่งล่าสุด 2026-09-10 23:15:00 close 4318.79 spread 45.0 (ประมวลผลแล้ว)
2026-09-11 03:37:38 [DEBUG] รอบตรวจ: แท่งล่าสุด 2026-09-10 23:15:00 close 4318.79 spread 45.0 (ประมวลผลแล้ว)
2026-09-11 03:38:08 [DEBUG] รอบตรวจ: แท่งล่าสุด 2026-09-10 23:15:00 close 4318.79 spread 45.0 (ประมวลผลแล้ว)
2026-09-11 03:38:38 [DEBUG] รอบตรวจ: แท่งล่าสุด 2026-09-10 23:15:00 close 4318.79 spread 45.0 (ประมวลผลแล้ว)
2026-09-11 03:39:08 [DEBUG] รอบตรวจ: แท่งล่าสุด 2026-09-10 23:15:00 close 4318.79 spread 45.0 (ประมวลผลแล้ว)
2026-09-11 03:39:38 [DEBUG] รอบตรวจ: แท่งล่าสุด 2026-09-10 23:15:00 close 4318.79 spread 45.0 (ประมวลผลแล้ว)
2026-09-11 03:40:08 [DEBUG] รอบตรวจ: แท่งล่าสุด 2026-09-10 23:15:00 close 4318.79 spread 45.0 (ประมวลผลแล้ว)
2026-09-11 03:40:38 [DEBUG] รอบตรวจ: แท่งล่าสุด 2026-09-10 23:15:00 close 4318.79 spread 45.0 (ประมวลผลแล้ว)
2026-09-11 03:41:08 [DEBUG] รอบตรวจ: แท่งล่าสุด 2026-09-10 23:15:00 close 4318.79 spread 45.0 (ประมวลผลแล้ว)
2026-09-11 03:41:38 [DEBUG] รอบตรวจ: แท่งล่าสุด 2026-09-10 23:15:00 close 4318.79 spread 45.0 (ประมวลผลแล้ว)
2026-09-11 03:42:08 [DEBUG] รอบตรวจ: แท่งล่าสุด 2026-09-10 23:15:00 close 4318.79 spread 45.0 (ประมวลผลแล้ว)
2026-09-11 03:42:38 [DEBUG] รอบตรวจ: แท่งล่าสุด 2026-09-10 23:15:00 close 4318.79 spread 45.0 (ประมวลผลแล้ว)
2026-09-11 03:43:08 [DEBUG] รอบตรวจ: แท่งล่าสุด 2026-09-10 23:15:00 close 4318.79 spread 45.0 (ประมวลผลแล้ว)
2026-09-11 03:43:38 [DEBUG] รอบตรวจ: แท่งล่าสุด 2026-09-10 23:15:00 close 4318.79 spread 45.0 (ประมวลผลแล้ว)
2026-09-11 03:44:08 [DEBUG] รอบตรวจ: แท่งล่าสุด 2026-09-10 23:15:00 close 4318.79 spread 45.0 (ประมวลผลแล้ว)
2026-09-11 03:44:38 [DEBUG] รอบตรวจ: แท่งล่าสุด 2026-09-10 23:15:00 close 4318.79 spread 45.0 (ประมวลผลแล้ว)
2026-09-11 03:45:08 [DEBUG] รอบตรวจ: แท่งล่าสุด 2026-09-10 23:30:00 close 4318.02 spread 45.0 (แท่งใหม่)
2026-09-11 03:45:08 [INFO] แท่งปิด 2026-09-10 23:30:00 | Close 4318.02 | H1 DOWNTREND | M5 DOWNTREND | RSI 26.0 | ADX 48.0 | ATR 9.48 | Spread 45.0
2026-09-11 03:45:08 [INFO] คำตัดสิน: [2mHOLD — ยังไม่มีสัญญาณตัดกัน[0m
2026-09-11 03:45:08 [DEBUG]   [ไม่ผ่าน] สัญญาณตัดกัน M15: MA20/MA50 ให้ HOLD
2026-09-11 03:45:08 [DEBUG] Starting new HTTPS connection (1): api.telegram.org:443
2026-09-11 03:45:10 [DEBUG] https://api.telegram.org:443 "POST /bot8624918359:AAGleKax3bKKXX_pdgTMX49IIYtUJVqWf48/sendMessage HTTP/1.1" 200 1432
2026-09-11 03:45:40 [DEBUG] รอบตรวจ: แท่งล่าสุด 2026-09-10 23:30:00 close 4318.02 spread 45.0 (ประมวลผลแล้ว)
2026-09-11 03:46:10 [DEBUG] รอบตรวจ: แท่งล่าสุด 2026-09-10 23:30:00 close 4318.02 spread 45.0 (ประมวลผลแล้ว)
2026-09-11 03:46:40 [DEBUG] รอบตรวจ: แท่งล่าสุด 2026-09-10 23:30:00 close 4318.02 spread 45.0 (ประมวลผลแล้ว)
2026-09-11 03:47:10 [DEBUG] รอบตรวจ: แท่งล่าสุด 2026-09-10 23:30:00 close 4318.02 spread 45.0 (ประมวลผลแล้ว)
2026-09-11 03:47:40 [DEBUG] รอบตรวจ: แท่งล่าสุด 2026-09-10 23:30:00 close 4318.02 spread 45.0 (ประมวลผลแล้ว)
2026-09-11 03:48:10 [DEBUG] รอบตรวจ: แท่งล่าสุด 2026-09-10 23:30:00 close 4318.02 spread 45.0 (ประมวลผลแล้ว)
2026-09-11 03:48:40 [DEBUG] รอบตรวจ: แท่งล่าสุด 2026-09-10 23:30:00 close 4318.02 spread 45.0 (ประมวลผลแล้ว)
2026-09-11 03:49:10 [DEBUG] รอบตรวจ: แท่งล่าสุด 2026-09-10 23:30:00 close 4318.02 spread 45.0 (ประมวลผลแล้ว)
2026-09-11 03:49:40 [DEBUG] รอบตรวจ: แท่งล่าสุด 2026-09-10 23:30:00 close 4318.02 spread 45.0 (ประมวลผลแล้ว)
2026-09-11 03:50:10 [DEBUG] รอบตรวจ: แท่งล่าสุด 2026-09-10 23:30:00 close 4318.02 spread 45.0 (ประมวลผลแล้ว)
2026-09-11 03:50:40 [DEBUG] รอบตรวจ: แท่งล่าสุด 2026-09-10 23:30:00 close 4318.02 spread 45.0 (ประมวลผลแล้ว)
2026-09-11 03:51:10 [DEBUG] รอบตรวจ: แท่งล่าสุด 2026-09-10 23:30:00 close 4318.02 spread 45.0 (ประมวลผลแล้ว)
2026-09-11 03:51:40 [DEBUG] รอบตรวจ: แท่งล่าสุด 2026-09-10 23:30:00 close 4318.02 spread 45.0 (ประมวลผลแล้ว)
2026-09-11 03:52:10 [DEBUG] รอบตรวจ: แท่งล่าสุด 2026-09-10 23:30:00 close 4318.02 spread 45.0 (ประมวลผลแล้ว)
2026-09-11 03:52:40 [DEBUG] รอบตรวจ: แท่งล่าสุด 2026-09-10 23:30:00 close 4318.02 spread 45.0 (ประมวลผลแล้ว)
2026-09-11 03:53:10 [DEBUG] รอบตรวจ: แท่งล่าสุด 2026-09-10 23:30:00 close 4318.02 spread 45.0 (ประมวลผลแล้ว)
2026-09-11 03:53:40 [DEBUG] รอบตรวจ: แท่งล่าสุด 2026-09-10 23:30:00 close 4318.02 spread 45.0 (ประมวลผลแล้ว)
2026-09-11 03:54:10 [DEBUG] รอบตรวจ: แท่งล่าสุด 2026-09-10 23:30:00 close 4318.02 spread 45.0 (ประมวลผลแล้ว)
2026-09-11 03:54:40 [DEBUG] รอบตรวจ: แท่งล่าสุด 2026-09-10 23:30:00 close 4318.02 spread 45.0 (ประมวลผลแล้ว)
2026-09-11 03:55:10 [DEBUG] รอบตรวจ: แท่งล่าสุด 2026-09-10 23:30:00 close 4318.02 spread 45.0 (ประมวลผลแล้ว)
2026-09-11 03:55:40 [DEBUG] รอบตรวจ: แท่งล่าสุด 2026-09-10 23:30:00 close 4318.02 spread 45.0 (ประมวลผลแล้ว)
2026-09-11 03:56:10 [DEBUG] รอบตรวจ: แท่งล่าสุด 2026-09-10 23:30:00 close 4318.02 spread 45.0 (ประมวลผลแล้ว)
2026-09-11 03:56:40 [DEBUG] รอบตรวจ: แท่งล่าสุด 2026-09-10 23:30:00 close 4318.02 spread 45.0 (ประมวลผลแล้ว)
2026-09-11 03:57:10 [DEBUG] รอบตรวจ: แท่งล่าสุด 2026-09-10 23:30:00 close 4318.02 spread 45.0 (ประมวลผลแล้ว)
2026-09-11 03:57:40 [DEBUG] รอบตรวจ: แท่งล่าสุด 2026-09-10 23:30:00 close 4318.02 spread 45.0 (ประมวลผลแล้ว)
2026-09-11 03:58:10 [DEBUG] รอบตรวจ: แท่งล่าสุด 2026-09-10 23:30:00 close 4318.02 spread 45.0 (ประมวลผลแล้ว)
2026-09-11 03:58:40 [DEBUG] รอบตรวจ: แท่งล่าสุด 2026-09-10 23:30:00 close 4318.02 spread 45.0 (ประมวลผลแล้ว)
2026-09-11 03:59:10 [DEBUG] รอบตรวจ: แท่งล่าสุด 2026-09-10 23:30:00 close 4318.02 spread 45.0 (ประมวลผลแล้ว)
2026-09-11 03:59:40 [DEBUG] รอบตรวจ: แท่งล่าสุด 2026-09-10 23:30:00 close 4318.02 spread 45.0 (ประมวลผลแล้ว)
2026-09-11 04:00:10 [DEBUG] รอบตรวจ: แท่งล่าสุด 2026-09-10 23:30:00 close 4318.02 spread 45.0 (ประมวลผลแล้ว)
2026-09-11 04:00:40 [DEBUG] รอบตรวจ: แท่งล่าสุด 2026-09-10 23:30:00 close 4318.02 spread 45.0 (ประมวลผลแล้ว)
2026-09-11 04:01:10 [DEBUG] รอบตรวจ: แท่งล่าสุด 2026-09-10 23:30:00 close 4318.02 spread 45.0 (ประมวลผลแล้ว)
2026-09-11 04:01:40 [DEBUG] รอบตรวจ: แท่งล่าสุด 2026-09-10 23:30:00 close 4318.02 spread 45.0 (ประมวลผลแล้ว)
2026-09-11 04:02:10 [DEBUG] รอบตรวจ: แท่งล่าสุด 2026-09-10 23:30:00 close 4318.02 spread 45.0 (ประมวลผลแล้ว)
2026-09-11 04:02:40 [DEBUG] รอบตรวจ: แท่งล่าสุด 2026-09-10 23:30:00 close 4318.02 spread 45.0 (ประมวลผลแล้ว)
2026-09-11 04:03:10 [DEBUG] รอบตรวจ: แท่งล่าสุด 2026-09-10 23:30:00 close 4318.02 spread 45.0 (ประมวลผลแล้ว)
2026-09-11 04:03:40 [DEBUG] รอบตรวจ: แท่งล่าสุด 2026-09-10 23:30:00 close 4318.02 spread 45.0 (ประมวลผลแล้ว)
2026-09-11 04:04:10 [DEBUG] รอบตรวจ: แท่งล่าสุด 2026-09-10 23:30:00 close 4318.02 spread 45.0 (ประมวลผลแล้ว)
2026-09-11 04:04:40 [DEBUG] รอบตรวจ: แท่งล่าสุด 2026-09-10 23:30:00 close 4318.02 spread 45.0 (ประมวลผลแล้ว)
2026-09-11 04:05:10 [DEBUG] รอบตรวจ: แท่งล่าสุด 2026-09-10 23:30:00 close 4318.02 spread 45.0 (ประมวลผลแล้ว)
2026-09-11 04:05:40 [DEBUG] รอบตรวจ: แท่งล่าสุด 2026-09-10 23:30:00 close 4318.02 spread 45.0 (ประมวลผลแล้ว)
2026-09-11 04:06:10 [DEBUG] รอบตรวจ: แท่งล่าสุด 2026-09-10 23:30:00 close 4318.02 spread 45.0 (ประมวลผลแล้ว)
2026-09-11 04:06:40 [DEBUG] รอบตรวจ: แท่งล่าสุด 2026-09-10 23:30:00 close 4318.02 spread 45.0 (ประมวลผลแล้ว)
2026-09-11 04:07:10 [DEBUG] รอบตรวจ: แท่งล่าสุด 2026-09-10 23:30:00 close 4318.02 spread 45.0 (ประมวลผลแล้ว)
2026-09-11 04:07:40 [DEBUG] รอบตรวจ: แท่งล่าสุด 2026-09-10 23:30:00 close 4318.02 spread 45.0 (ประมวลผลแล้ว)
2026-09-11 04:08:10 [DEBUG] รอบตรวจ: แท่งล่าสุด 2026-09-10 23:30:00 close 4318.02 spread 45.0 (ประมวลผลแล้ว)
2026-09-11 04:08:40 [DEBUG] รอบตรวจ: แท่งล่าสุด 2026-09-10 23:30:00 close 4318.02 spread 45.0 (ประมวลผลแล้ว)
2026-09-11 04:09:10 [DEBUG] รอบตรวจ: แท่งล่าสุด 2026-09-10 23:30:00 close 4318.02 spread 45.0 (ประมวลผลแล้ว)
2026-09-11 04:09:40 [DEBUG] รอบตรวจ: แท่งล่าสุด 2026-09-10 23:30:00 close 4318.02 spread 45.0 (ประมวลผลแล้ว)
2026-09-11 04:10:10 [DEBUG] รอบตรวจ: แท่งล่าสุด 2026-09-10 23:30:00 close 4318.02 spread 45.0 (ประมวลผลแล้ว)
2026-09-11 04:10:40 [DEBUG] รอบตรวจ: แท่งล่าสุด 2026-09-10 23:30:00 close 4318.02 spread 45.0 (ประมวลผลแล้ว)
2026-09-11 04:11:10 [DEBUG] รอบตรวจ: แท่งล่าสุด 2026-09-10 23:30:00 close 4318.02 spread 45.0 (ประมวลผลแล้ว)
2026-09-11 04:11:40 [DEBUG] รอบตรวจ: แท่งล่าสุด 2026-09-10 23:30:00 close 4318.02 spread 45.0 (ประมวลผลแล้ว)
2026-09-11 04:12:10 [DEBUG] รอบตรวจ: แท่งล่าสุด 2026-09-10 23:30:00 close 4318.02 spread 45.0 (ประมวลผลแล้ว)
2026-09-11 04:12:40 [DEBUG] รอบตรวจ: แท่งล่าสุด 2026-09-10 23:30:00 close 4318.02 spread 45.0 (ประมวลผลแล้ว)
2026-09-11 04:13:10 [DEBUG] รอบตรวจ: แท่งล่าสุด 2026-09-10 23:30:00 close 4318.02 spread 45.0 (ประมวลผลแล้ว)
2026-09-11 04:13:40 [DEBUG] รอบตรวจ: แท่งล่าสุด 2026-09-10 23:30:00 close 4318.02 spread 45.0 (ประมวลผลแล้ว)
2026-09-11 04:14:10 [DEBUG] รอบตรวจ: แท่งล่าสุด 2026-09-10 23:30:00 close 4318.02 spread 45.0 (ประมวลผลแล้ว)
2026-09-11 04:14:40 [DEBUG] รอบตรวจ: แท่งล่าสุด 2026-09-10 23:30:00 close 4318.02 spread 45.0 (ประมวลผลแล้ว)
2026-09-11 04:15:10 [DEBUG] รอบตรวจ: แท่งล่าสุด 2026-09-10 23:30:00 close 4318.02 spread 45.0 (ประมวลผลแล้ว)
2026-09-11 04:15:40 [DEBUG] รอบตรวจ: แท่งล่าสุด 2026-09-10 23:30:00 close 4318.02 spread 45.0 (ประมวลผลแล้ว)
2026-09-11 04:16:10 [DEBUG] รอบตรวจ: แท่งล่าสุด 2026-09-10 23:30:00 close 4318.02 spread 45.0 (ประมวลผลแล้ว)
2026-09-11 04:16:40 [DEBUG] รอบตรวจ: แท่งล่าสุด 2026-09-10 23:30:00 close 4318.02 spread 45.0 (ประมวลผลแล้ว)
2026-09-11 04:17:10 [DEBUG] รอบตรวจ: แท่งล่าสุด 2026-09-10 23:30:00 close 4318.02 spread 45.0 (ประมวลผลแล้ว)
2026-09-11 04:17:40 [DEBUG] รอบตรวจ: แท่งล่าสุด 2026-09-10 23:30:00 close 4318.02 spread 45.0 (ประมวลผลแล้ว)
2026-09-11 04:18:10 [DEBUG] รอบตรวจ: แท่งล่าสุด 2026-09-10 23:30:00 close 4318.02 spread 45.0 (ประมวลผลแล้ว)
2026-09-11 04:18:40 [DEBUG] รอบตรวจ: แท่งล่าสุด 2026-09-10 23:30:00 close 4318.02 spread 45.0 (ประมวลผลแล้ว)
2026-09-11 04:19:10 [DEBUG] รอบตรวจ: แท่งล่าสุด 2026-09-10 23:30:00 close 4318.02 spread 45.0 (ประมวลผลแล้ว)
2026-09-11 04:19:40 [DEBUG] รอบตรวจ: แท่งล่าสุด 2026-09-10 23:30:00 close 4318.02 spread 45.0 (ประมวลผลแล้ว)
2026-09-11 04:20:10 [DEBUG] รอบตรวจ: แท่งล่าสุด 2026-09-10 23:30:00 close 4318.02 spread 45.0 (ประมวลผลแล้ว)
2026-09-11 04:20:40 [DEBUG] รอบตรวจ: แท่งล่าสุด 2026-09-10 23:30:00 close 4318.02 spread 45.0 (ประมวลผลแล้ว)
2026-09-11 04:21:10 [DEBUG] รอบตรวจ: แท่งล่าสุด 2026-09-10 23:30:00 close 4318.02 spread 45.0 (ประมวลผลแล้ว)
2026-09-11 04:21:40 [DEBUG] รอบตรวจ: แท่งล่าสุด 2026-09-10 23:30:00 close 4318.02 spread 45.0 (ประมวลผลแล้ว)
2026-09-11 04:22:10 [DEBUG] รอบตรวจ: แท่งล่าสุด 2026-09-10 23:30:00 close 4318.02 spread 45.0 (ประมวลผลแล้ว)
2026-09-11 04:22:40 [DEBUG] รอบตรวจ: แท่งล่าสุด 2026-09-10 23:30:00 close 4318.02 spread 45.0 (ประมวลผลแล้ว)
2026-09-11 04:23:10 [DEBUG] รอบตรวจ: แท่งล่าสุด 2026-09-10 23:30:00 close 4318.02 spread 45.0 (ประมวลผลแล้ว)
2026-09-11 04:23:40 [DEBUG] รอบตรวจ: แท่งล่าสุด 2026-09-10 23:30:00 close 4318.02 spread 45.0 (ประมวลผลแล้ว)
2026-09-11 04:24:10 [DEBUG] รอบตรวจ: แท่งล่าสุด 2026-09-10 23:30:00 close 4318.02 spread 45.0 (ประมวลผลแล้ว)
2026-09-11 04:24:40 [DEBUG] รอบตรวจ: แท่งล่าสุด 2026-09-10 23:30:00 close 4318.02 spread 45.0 (ประมวลผลแล้ว)
2026-09-11 04:25:11 [DEBUG] รอบตรวจ: แท่งล่าสุด 2026-09-10 23:30:00 close 4318.02 spread 45.0 (ประมวลผลแล้ว)
2026-09-11 04:25:41 [DEBUG] รอบตรวจ: แท่งล่าสุด 2026-09-10 23:30:00 close 4318.02 spread 45.0 (ประมวลผลแล้ว)
2026-09-11 04:26:11 [DEBUG] รอบตรวจ: แท่งล่าสุด 2026-09-10 23:30:00 close 4318.02 spread 45.0 (ประมวลผลแล้ว)
2026-09-11 04:26:41 [DEBUG] รอบตรวจ: แท่งล่าสุด 2026-09-10 23:30:00 close 4318.02 spread 45.0 (ประมวลผลแล้ว)
2026-09-11 04:27:11 [DEBUG] รอบตรวจ: แท่งล่าสุด 2026-09-10 23:30:00 close 4318.02 spread 45.0 (ประมวลผลแล้ว)
2026-09-11 04:27:41 [DEBUG] รอบตรวจ: แท่งล่าสุด 2026-09-10 23:30:00 close 4318.02 spread 45.0 (ประมวลผลแล้ว)
2026-09-11 04:28:11 [DEBUG] รอบตรวจ: แท่งล่าสุด 2026-09-10 23:30:00 close 4318.02 spread 45.0 (ประมวลผลแล้ว)
2026-09-11 04:28:41 [DEBUG] รอบตรวจ: แท่งล่าสุด 2026-09-10 23:30:00 close 4318.02 spread 45.0 (ประมวลผลแล้ว)
2026-09-11 04:29:11 [DEBUG] รอบตรวจ: แท่งล่าสุด 2026-09-10 23:30:00 close 4318.02 spread 45.0 (ประมวลผลแล้ว)
2026-09-11 04:29:41 [DEBUG] รอบตรวจ: แท่งล่าสุด 2026-09-10 23:30:00 close 4318.02 spread 45.0 (ประมวลผลแล้ว)
2026-09-11 04:30:11 [DEBUG] รอบตรวจ: แท่งล่าสุด 2026-09-10 23:30:00 close 4318.02 spread 45.0 (ประมวลผลแล้ว)
2026-09-11 04:30:41 [DEBUG] รอบตรวจ: แท่งล่าสุด 2026-09-10 23:30:00 close 4318.02 spread 45.0 (ประมวลผลแล้ว)
2026-09-11 04:31:11 [DEBUG] รอบตรวจ: แท่งล่าสุด 2026-09-10 23:30:00 close 4318.02 spread 45.0 (ประมวลผลแล้ว)
2026-09-11 04:31:41 [DEBUG] รอบตรวจ: แท่งล่าสุด 2026-09-10 23:30:00 close 4318.02 spread 45.0 (ประมวลผลแล้ว)
2026-09-11 04:32:11 [DEBUG] รอบตรวจ: แท่งล่าสุด 2026-09-10 23:30:00 close 4318.02 spread 45.0 (ประมวลผลแล้ว)
2026-09-11 04:32:41 [DEBUG] รอบตรวจ: แท่งล่าสุด 2026-09-10 23:30:00 close 4318.02 spread 45.0 (ประมวลผลแล้ว)
2026-09-11 04:33:11 [DEBUG] รอบตรวจ: แท่งล่าสุด 2026-09-10 23:30:00 close 4318.02 spread 45.0 (ประมวลผลแล้ว)
2026-09-11 04:33:41 [DEBUG] รอบตรวจ: แท่งล่าสุด 2026-09-10 23:30:00 close 4318.02 spread 45.0 (ประมวลผลแล้ว)
2026-09-11 04:34:11 [DEBUG] รอบตรวจ: แท่งล่าสุด 2026-09-10 23:30:00 close 4318.02 spread 45.0 (ประมวลผลแล้ว)
2026-09-11 04:34:41 [DEBUG] รอบตรวจ: แท่งล่าสุด 2026-09-10 23:30:00 close 4318.02 spread 45.0 (ประมวลผลแล้ว)
2026-09-11 04:35:11 [DEBUG] รอบตรวจ: แท่งล่าสุด 2026-09-10 23:30:00 close 4318.02 spread 45.0 (ประมวลผลแล้ว)
2026-09-11 04:35:41 [DEBUG] รอบตรวจ: แท่งล่าสุด 2026-09-10 23:30:00 close 4318.02 spread 45.0 (ประมวลผลแล้ว)
2026-09-11 04:36:11 [DEBUG] รอบตรวจ: แท่งล่าสุด 2026-09-10 23:30:00 close 4318.02 spread 45.0 (ประมวลผลแล้ว)
2026-09-11 04:36:41 [DEBUG] รอบตรวจ: แท่งล่าสุด 2026-09-10 23:30:00 close 4318.02 spread 45.0 (ประมวลผลแล้ว)
2026-09-11 04:37:11 [DEBUG] รอบตรวจ: แท่งล่าสุด 2026-09-10 23:30:00 close 4318.02 spread 45.0 (ประมวลผลแล้ว)
2026-09-11 04:37:41 [DEBUG] รอบตรวจ: แท่งล่าสุด 2026-09-10 23:30:00 close 4318.02 spread 45.0 (ประมวลผลแล้ว)
2026-09-11 04:38:11 [DEBUG] รอบตรวจ: แท่งล่าสุด 2026-09-10 23:30:00 close 4318.02 spread 45.0 (ประมวลผลแล้ว)
2026-09-11 04:38:41 [DEBUG] รอบตรวจ: แท่งล่าสุด 2026-09-10 23:30:00 close 4318.02 spread 45.0 (ประมวลผลแล้ว)
2026-09-11 04:39:11 [DEBUG] รอบตรวจ: แท่งล่าสุด 2026-09-10 23:30:00 close 4318.02 spread 45.0 (ประมวลผลแล้ว)
2026-09-11 04:39:41 [DEBUG] รอบตรวจ: แท่งล่าสุด 2026-09-10 23:30:00 close 4318.02 spread 45.0 (ประมวลผลแล้ว)
2026-09-11 04:40:11 [DEBUG] รอบตรวจ: แท่งล่าสุด 2026-09-10 23:30:00 close 4318.02 spread 45.0 (ประมวลผลแล้ว)
2026-09-11 04:40:41 [DEBUG] รอบตรวจ: แท่งล่าสุด 2026-09-10 23:30:00 close 4318.02 spread 45.0 (ประมวลผลแล้ว)
2026-09-11 04:41:11 [DEBUG] รอบตรวจ: แท่งล่าสุด 2026-09-10 23:30:00 close 4318.02 spread 45.0 (ประมวลผลแล้ว)
2026-09-11 04:41:41 [DEBUG] รอบตรวจ: แท่งล่าสุด 2026-09-10 23:30:00 close 4318.02 spread 45.0 (ประมวลผลแล้ว)
2026-09-11 04:42:11 [DEBUG] รอบตรวจ: แท่งล่าสุด 2026-09-10 23:30:00 close 4318.02 spread 45.0 (ประมวลผลแล้ว)
2026-09-11 04:42:41 [DEBUG] รอบตรวจ: แท่งล่าสุด 2026-09-10 23:30:00 close 4318.02 spread 45.0 (ประมวลผลแล้ว)
2026-09-11 04:43:11 [DEBUG] รอบตรวจ: แท่งล่าสุด 2026-09-10 23:30:00 close 4318.02 spread 45.0 (ประมวลผลแล้ว)
2026-09-11 04:43:41 [DEBUG] รอบตรวจ: แท่งล่าสุด 2026-09-10 23:30:00 close 4318.02 spread 45.0 (ประมวลผลแล้ว)
2026-09-11 04:44:11 [DEBUG] รอบตรวจ: แท่งล่าสุด 2026-09-10 23:30:00 close 4318.02 spread 45.0 (ประมวลผลแล้ว)
2026-09-11 04:44:41 [DEBUG] รอบตรวจ: แท่งล่าสุด 2026-09-10 23:30:00 close 4318.02 spread 45.0 (ประมวลผลแล้ว)
2026-09-11 04:45:11 [DEBUG] รอบตรวจ: แท่งล่าสุด 2026-09-10 23:30:00 close 4318.02 spread 45.0 (ประมวลผลแล้ว)
2026-09-11 04:45:41 [DEBUG] รอบตรวจ: แท่งล่าสุด 2026-09-10 23:30:00 close 4318.02 spread 45.0 (ประมวลผลแล้ว)
2026-09-11 04:46:11 [DEBUG] รอบตรวจ: แท่งล่าสุด 2026-09-10 23:30:00 close 4318.02 spread 45.0 (ประมวลผลแล้ว)
2026-09-11 04:46:41 [DEBUG] รอบตรวจ: แท่งล่าสุด 2026-09-10 23:30:00 close 4318.02 spread 45.0 (ประมวลผลแล้ว)
2026-09-11 04:47:11 [DEBUG] รอบตรวจ: แท่งล่าสุด 2026-09-10 23:30:00 close 4318.02 spread 45.0 (ประมวลผลแล้ว)
2026-09-11 04:47:41 [DEBUG] รอบตรวจ: แท่งล่าสุด 2026-09-10 23:30:00 close 4318.02 spread 45.0 (ประมวลผลแล้ว)
2026-09-11 04:48:11 [DEBUG] รอบตรวจ: แท่งล่าสุด 2026-09-10 23:30:00 close 4318.02 spread 45.0 (ประมวลผลแล้ว)
2026-09-11 04:48:41 [DEBUG] รอบตรวจ: แท่งล่าสุด 2026-09-10 23:30:00 close 4318.02 spread 45.0 (ประมวลผลแล้ว)
2026-09-11 04:49:11 [DEBUG] รอบตรวจ: แท่งล่าสุด 2026-09-10 23:30:00 close 4318.02 spread 45.0 (ประมวลผลแล้ว)
2026-09-11 04:49:41 [DEBUG] รอบตรวจ: แท่งล่าสุด 2026-09-10 23:30:00 close 4318.02 spread 45.0 (ประมวลผลแล้ว)
2026-09-11 04:50:11 [DEBUG] รอบตรวจ: แท่งล่าสุด 2026-09-10 23:30:00 close 4318.02 spread 45.0 (ประมวลผลแล้ว)
2026-09-11 04:50:41 [DEBUG] รอบตรวจ: แท่งล่าสุด 2026-09-10 23:30:00 close 4318.02 spread 45.0 (ประมวลผลแล้ว)
2026-09-11 04:51:11 [DEBUG] รอบตรวจ: แท่งล่าสุด 2026-09-10 23:30:00 close 4318.02 spread 45.0 (ประมวลผลแล้ว)
2026-09-11 04:51:41 [DEBUG] รอบตรวจ: แท่งล่าสุด 2026-09-10 23:30:00 close 4318.02 spread 45.0 (ประมวลผลแล้ว)
2026-09-11 04:52:11 [DEBUG] รอบตรวจ: แท่งล่าสุด 2026-09-10 23:30:00 close 4318.02 spread 45.0 (ประมวลผลแล้ว)
2026-09-11 04:52:41 [DEBUG] รอบตรวจ: แท่งล่าสุด 2026-09-10 23:30:00 close 4318.02 spread 45.0 (ประมวลผลแล้ว)
2026-09-11 04:53:11 [DEBUG] รอบตรวจ: แท่งล่าสุด 2026-09-10 23:30:00 close 4318.02 spread 45.0 (ประมวลผลแล้ว)
2026-09-11 04:53:41 [DEBUG] รอบตรวจ: แท่งล่าสุด 2026-09-10 23:30:00 close 4318.02 spread 45.0 (ประมวลผลแล้ว)
2026-09-11 04:54:11 [DEBUG] รอบตรวจ: แท่งล่าสุด 2026-09-10 23:30:00 close 4318.02 spread 45.0 (ประมวลผลแล้ว)
2026-09-11 04:54:41 [DEBUG] รอบตรวจ: แท่งล่าสุด 2026-09-10 23:30:00 close 4318.02 spread 45.0 (ประมวลผลแล้ว)
2026-09-11 04:55:11 [DEBUG] รอบตรวจ: แท่งล่าสุด 2026-09-10 23:30:00 close 4318.02 spread 45.0 (ประมวลผลแล้ว)
2026-09-11 04:55:41 [DEBUG] รอบตรวจ: แท่งล่าสุด 2026-09-10 23:30:00 close 4318.02 spread 45.0 (ประมวลผลแล้ว)
2026-09-11 04:56:11 [DEBUG] รอบตรวจ: แท่งล่าสุด 2026-09-10 23:30:00 close 4318.02 spread 45.0 (ประมวลผลแล้ว)
2026-09-11 04:56:41 [DEBUG] รอบตรวจ: แท่งล่าสุด 2026-09-10 23:30:00 close 4318.02 spread 45.0 (ประมวลผลแล้ว)
2026-09-11 04:57:11 [DEBUG] รอบตรวจ: แท่งล่าสุด 2026-09-10 23:30:00 close 4318.02 spread 45.0 (ประมวลผลแล้ว)
2026-09-11 04:57:41 [DEBUG] รอบตรวจ: แท่งล่าสุด 2026-09-10 23:30:00 close 4318.02 spread 45.0 (ประมวลผลแล้ว)
2026-09-11 04:58:11 [DEBUG] รอบตรวจ: แท่งล่าสุด 2026-09-10 23:30:00 close 4318.02 spread 45.0 (ประมวลผลแล้ว)
2026-09-11 04:58:41 [DEBUG] รอบตรวจ: แท่งล่าสุด 2026-09-10 23:30:00 close 4318.02 spread 45.0 (ประมวลผลแล้ว)
2026-09-11 04:59:11 [DEBUG] รอบตรวจ: แท่งล่าสุด 2026-09-10 23:30:00 close 4318.02 spread 45.0 (ประมวลผลแล้ว)
2026-09-11 04:59:41 [DEBUG] รอบตรวจ: แท่งล่าสุด 2026-09-10 23:30:00 close 4318.02 spread 45.0 (ประมวลผลแล้ว)
2026-09-11 05:00:11 [DEBUG] รอบตรวจ: แท่งล่าสุด 2026-09-10 23:30:00 close 4318.02 spread 45.0 (ประมวลผลแล้ว)
2026-09-11 05:00:41 [DEBUG] รอบตรวจ: แท่งล่าสุด 2026-09-10 23:30:00 close 4318.02 spread 45.0 (ประมวลผลแล้ว)
2026-09-11 05:01:11 [DEBUG] รอบตรวจ: แท่งล่าสุด 2026-09-10 23:30:00 close 4318.02 spread 45.0 (ประมวลผลแล้ว)
2026-09-11 05:01:41 [DEBUG] รอบตรวจ: แท่งล่าสุด 2026-09-10 23:30:00 close 4318.02 spread 45.0 (ประมวลผลแล้ว)
2026-09-11 05:02:11 [DEBUG] รอบตรวจ: แท่งล่าสุด 2026-09-10 23:30:00 close 4318.02 spread 45.0 (ประมวลผลแล้ว)
2026-09-11 05:02:41 [DEBUG] รอบตรวจ: แท่งล่าสุด 2026-09-10 23:30:00 close 4318.02 spread 45.0 (ประมวลผลแล้ว)
2026-09-11 05:03:11 [DEBUG] รอบตรวจ: แท่งล่าสุด 2026-09-10 23:30:00 close 4318.02 spread 45.0 (ประมวลผลแล้ว)
2026-09-11 05:03:41 [DEBUG] รอบตรวจ: แท่งล่าสุด 2026-09-10 23:30:00 close 4318.02 spread 45.0 (ประมวลผลแล้ว)
2026-09-11 05:04:11 [DEBUG] รอบตรวจ: แท่งล่าสุด 2026-09-10 23:30:00 close 4318.02 spread 45.0 (ประมวลผลแล้ว)
2026-09-11 05:04:41 [DEBUG] รอบตรวจ: แท่งล่าสุด 2026-09-10 23:30:00 close 4318.02 spread 45.0 (ประมวลผลแล้ว)
2026-09-11 05:05:11 [DEBUG] รอบตรวจ: แท่งล่าสุด 2026-09-10 23:45:00 close 4316.97 spread 45.0 (แท่งใหม่)
2026-09-11 05:05:12 [INFO] แท่งปิด 2026-09-10 23:45:00 | Close 4316.97 | H1 DOWNTREND | M5 DOWNTREND | RSI 25.5 | ADX 49.6 | ATR 9.10 | Spread 45.0
2026-09-11 05:05:12 [INFO] คำตัดสิน: [2mHOLD — ยังไม่มีสัญญาณตัดกัน[0m
2026-09-11 05:05:12 [DEBUG]   [ไม่ผ่าน] สัญญาณตัดกัน M15: MA20/MA50 ให้ HOLD
2026-09-11 05:05:12 [DEBUG] Starting new HTTPS connection (1): api.telegram.org:443
2026-09-11 05:05:13 [DEBUG] https://api.telegram.org:443 "POST /bot8624918359:AAGleKax3bKKXX_pdgTMX49IIYtUJVqWf48/sendMessage HTTP/1.1" 200 1432
2026-09-11 05:05:43 [DEBUG] รอบตรวจ: แท่งล่าสุด 2026-09-10 23:45:00 close 4316.97 spread 45.0 (ประมวลผลแล้ว)
2026-09-11 05:06:13 [DEBUG] รอบตรวจ: แท่งล่าสุด 2026-09-10 23:45:00 close 4316.97 spread 45.0 (ประมวลผลแล้ว)
2026-09-11 05:06:43 [DEBUG] รอบตรวจ: แท่งล่าสุด 2026-09-10 23:45:00 close 4316.97 spread 45.0 (ประมวลผลแล้ว)
2026-09-11 05:07:13 [DEBUG] รอบตรวจ: แท่งล่าสุด 2026-09-10 23:45:00 close 4316.97 spread 45.0 (ประมวลผลแล้ว)
2026-09-11 05:07:43 [DEBUG] รอบตรวจ: แท่งล่าสุด 2026-09-10 23:45:00 close 4316.97 spread 45.0 (ประมวลผลแล้ว)
2026-09-11 05:08:13 [DEBUG] รอบตรวจ: แท่งล่าสุด 2026-09-10 23:45:00 close 4316.97 spread 45.0 (ประมวลผลแล้ว)
2026-09-11 05:08:43 [DEBUG] รอบตรวจ: แท่งล่าสุด 2026-09-10 23:45:00 close 4316.97 spread 45.0 (ประมวลผลแล้ว)
2026-09-11 05:09:13 [DEBUG] รอบตรวจ: แท่งล่าสุด 2026-09-10 23:45:00 close 4316.97 spread 45.0 (ประมวลผลแล้ว)
2026-09-11 05:09:43 [DEBUG] รอบตรวจ: แท่งล่าสุด 2026-09-10 23:45:00 close 4316.97 spread 45.0 (ประมวลผลแล้ว)
2026-09-11 05:10:13 [DEBUG] รอบตรวจ: แท่งล่าสุด 2026-09-10 23:45:00 close 4316.97 spread 45.0 (ประมวลผลแล้ว)
2026-09-11 05:10:43 [DEBUG] รอบตรวจ: แท่งล่าสุด 2026-09-10 23:45:00 close 4316.97 spread 43.0 (ประมวลผลแล้ว)
2026-09-11 05:11:13 [DEBUG] รอบตรวจ: แท่งล่าสุด 2026-09-10 23:45:00 close 4316.97 spread 45.0 (ประมวลผลแล้ว)
2026-09-11 05:11:43 [DEBUG] รอบตรวจ: แท่งล่าสุด 2026-09-10 23:45:00 close 4316.97 spread 32.0 (ประมวลผลแล้ว)
2026-09-11 05:12:13 [DEBUG] รอบตรวจ: แท่งล่าสุด 2026-09-10 23:45:00 close 4316.97 spread 45.0 (ประมวลผลแล้ว)
2026-09-11 05:12:43 [DEBUG] รอบตรวจ: แท่งล่าสุด 2026-09-10 23:45:00 close 4316.97 spread 45.0 (ประมวลผลแล้ว)
2026-09-11 05:13:13 [DEBUG] รอบตรวจ: แท่งล่าสุด 2026-09-10 23:45:00 close 4316.97 spread 45.0 (ประมวลผลแล้ว)
2026-09-11 05:13:43 [DEBUG] รอบตรวจ: แท่งล่าสุด 2026-09-10 23:45:00 close 4316.97 spread 45.0 (ประมวลผลแล้ว)
2026-09-11 05:14:13 [DEBUG] รอบตรวจ: แท่งล่าสุด 2026-09-10 23:45:00 close 4316.97 spread 30.0 (ประมวลผลแล้ว)
2026-09-11 05:14:43 [DEBUG] รอบตรวจ: แท่งล่าสุด 2026-09-10 23:45:00 close 4316.97 spread 45.0 (ประมวลผลแล้ว)
2026-09-11 05:15:13 [DEBUG] รอบตรวจ: แท่งล่าสุด 2026-09-11 01:00:00 close 4321.21 spread 45.0 (แท่งใหม่)
2026-09-11 05:15:13 [INFO] แท่งปิด 2026-09-11 01:00:00 | Close 4321.21 | H1 DOWNTREND | M5 DOWNTREND | RSI 31.2 | ADX 49.8 | ATR 8.94 | Spread 45.0
2026-09-11 05:15:13 [INFO] คำตัดสิน: [2mHOLD — ยังไม่มีสัญญาณตัดกัน[0m
2026-09-11 05:15:13 [DEBUG]   [ไม่ผ่าน] สัญญาณตัดกัน M15: MA20/MA50 ให้ HOLD
2026-09-11 05:15:13 [DEBUG] Starting new HTTPS connection (1): api.telegram.org:443
2026-09-11 05:15:14 [DEBUG] https://api.telegram.org:443 "POST /bot8624918359:AAGleKax3bKKXX_pdgTMX49IIYtUJVqWf48/sendMessage HTTP/1.1" 200 1402
2026-09-11 05:15:44 [DEBUG] รอบตรวจ: แท่งล่าสุด 2026-09-11 01:00:00 close 4321.21 spread 45.0 (ประมวลผลแล้ว)
2026-09-11 05:16:14 [DEBUG] รอบตรวจ: แท่งล่าสุด 2026-09-11 01:00:00 close 4321.21 spread 45.0 (ประมวลผลแล้ว)
2026-09-11 05:16:44 [DEBUG] รอบตรวจ: แท่งล่าสุด 2026-09-11 01:00:00 close 4321.21 spread 45.0 (ประมวลผลแล้ว)
2026-09-11 05:17:14 [DEBUG] รอบตรวจ: แท่งล่าสุด 2026-09-11 01:00:00 close 4321.21 spread 45.0 (ประมวลผลแล้ว)
2026-09-11 05:17:44 [DEBUG] รอบตรวจ: แท่งล่าสุด 2026-09-11 01:00:00 close 4321.21 spread 45.0 (ประมวลผลแล้ว)
2026-09-11 05:18:14 [DEBUG] รอบตรวจ: แท่งล่าสุด 2026-09-11 01:00:00 close 4321.21 spread 45.0 (ประมวลผลแล้ว)
2026-09-11 05:18:44 [DEBUG] รอบตรวจ: แท่งล่าสุด 2026-09-11 01:00:00 close 4321.21 spread 45.0 (ประมวลผลแล้ว)
2026-09-11 05:19:14 [DEBUG] รอบตรวจ: แท่งล่าสุด 2026-09-11 01:00:00 close 4321.21 spread 45.0 (ประมวลผลแล้ว)
2026-09-11 05:19:44 [DEBUG] รอบตรวจ: แท่งล่าสุด 2026-09-11 01:00:00 close 4321.21 spread 45.0 (ประมวลผลแล้ว)
2026-09-11 05:20:14 [DEBUG] รอบตรวจ: แท่งล่าสุด 2026-09-11 01:00:00 close 4321.21 spread 45.0 (ประมวลผลแล้ว)
2026-09-11 05:20:44 [DEBUG] รอบตรวจ: แท่งล่าสุด 2026-09-11 01:00:00 close 4321.21 spread 45.0 (ประมวลผลแล้ว)
2026-09-11 05:21:14 [DEBUG] รอบตรวจ: แท่งล่าสุด 2026-09-11 01:00:00 close 4321.21 spread 45.0 (ประมวลผลแล้ว)
2026-09-11 05:21:44 [DEBUG] รอบตรวจ: แท่งล่าสุด 2026-09-11 01:00:00 close 4321.21 spread 45.0 (ประมวลผลแล้ว)
2026-09-11 05:22:14 [DEBUG] รอบตรวจ: แท่งล่าสุด 2026-09-11 01:00:00 close 4321.21 spread 45.0 (ประมวลผลแล้ว)
2026-09-11 05:22:44 [DEBUG] รอบตรวจ: แท่งล่าสุด 2026-09-11 01:00:00 close 4321.21 spread 45.0 (ประมวลผลแล้ว)
2026-09-11 05:23:14 [DEBUG] รอบตรวจ: แท่งล่าสุด 2026-09-11 01:00:00 close 4321.21 spread 45.0 (ประมวลผลแล้ว)
2026-09-11 05:23:44 [DEBUG] รอบตรวจ: แท่งล่าสุด 2026-09-11 01:00:00 close 4321.21 spread 45.0 (ประมวลผลแล้ว)
2026-09-11 05:24:14 [DEBUG] รอบตรวจ: แท่งล่าสุด 2026-09-11 01:00:00 close 4321.21 spread 45.0 (ประมวลผลแล้ว)
2026-09-11 05:24:44 [DEBUG] รอบตรวจ: แท่งล่าสุด 2026-09-11 01:00:00 close 4321.21 spread 45.0 (ประมวลผลแล้ว)
2026-09-11 05:25:14 [DEBUG] รอบตรวจ: แท่งล่าสุด 2026-09-11 01:00:00 close 4321.21 spread 45.0 (ประมวลผลแล้ว)
2026-09-11 05:25:44 [DEBUG] รอบตรวจ: แท่งล่าสุด 2026-09-11 01:00:00 close 4321.21 spread 45.0 (ประมวลผลแล้ว)
2026-09-11 05:26:14 [DEBUG] รอบตรวจ: แท่งล่าสุด 2026-09-11 01:00:00 close 4321.21 spread 45.0 (ประมวลผลแล้ว)
2026-09-11 05:26:44 [DEBUG] รอบตรวจ: แท่งล่าสุด 2026-09-11 01:00:00 close 4321.21 spread 45.0 (ประมวลผลแล้ว)
2026-09-11 05:27:14 [DEBUG] รอบตรวจ: แท่งล่าสุด 2026-09-11 01:00:00 close 4321.21 spread 45.0 (ประมวลผลแล้ว)
2026-09-11 05:27:44 [DEBUG] รอบตรวจ: แท่งล่าสุด 2026-09-11 01:00:00 close 4321.21 spread 45.0 (ประมวลผลแล้ว)
2026-09-11 05:28:14 [DEBUG] รอบตรวจ: แท่งล่าสุด 2026-09-11 01:00:00 close 4321.21 spread 45.0 (ประมวลผลแล้ว)
2026-09-11 05:28:44 [DEBUG] รอบตรวจ: แท่งล่าสุด 2026-09-11 01:00:00 close 4321.21 spread 45.0 (ประมวลผลแล้ว)
2026-09-11 05:29:14 [DEBUG] รอบตรวจ: แท่งล่าสุด 2026-09-11 01:00:00 close 4321.21 spread 45.0 (ประมวลผลแล้ว)
2026-09-11 05:29:44 [DEBUG] รอบตรวจ: แท่งล่าสุด 2026-09-11 01:00:00 close 4321.21 spread 28.0 (ประมวลผลแล้ว)
2026-09-11 05:30:14 [DEBUG] รอบตรวจ: แท่งล่าสุด 2026-09-11 01:15:00 close 4319.61 spread 45.0 (แท่งใหม่)
2026-09-11 05:30:14 [INFO] แท่งปิด 2026-09-11 01:15:00 | Close 4319.61 | H1 DOWNTREND | M5 DOWNTREND | RSI 30.3 | ADX 50.2 | ATR 8.52 | Spread 45.0
2026-09-11 05:30:14 [INFO] คำตัดสิน: [2mHOLD — ยังไม่มีสัญญาณตัดกัน[0m
2026-09-11 05:30:14 [DEBUG]   [ไม่ผ่าน] สัญญาณตัดกัน M15: MA20/MA50 ให้ HOLD
2026-09-11 05:30:14 [DEBUG] Starting new HTTPS connection (1): api.telegram.org:443
2026-09-11 05:30:16 [DEBUG] https://api.telegram.org:443 "POST /bot8624918359:AAGleKax3bKKXX_pdgTMX49IIYtUJVqWf48/sendMessage HTTP/1.1" 200 1402
2026-09-11 05:30:46 [DEBUG] รอบตรวจ: แท่งล่าสุด 2026-09-11 01:15:00 close 4319.61 spread 45.0 (ประมวลผลแล้ว)
2026-09-11 05:31:16 [DEBUG] รอบตรวจ: แท่งล่าสุด 2026-09-11 01:15:00 close 4319.61 spread 45.0 (ประมวลผลแล้ว)
2026-09-11 05:31:46 [DEBUG] รอบตรวจ: แท่งล่าสุด 2026-09-11 01:15:00 close 4319.61 spread 45.0 (ประมวลผลแล้ว)
2026-09-11 05:32:16 [DEBUG] รอบตรวจ: แท่งล่าสุด 2026-09-11 01:15:00 close 4319.61 spread 45.0 (ประมวลผลแล้ว)
2026-09-11 05:32:46 [DEBUG] รอบตรวจ: แท่งล่าสุด 2026-09-11 01:15:00 close 4319.61 spread 45.0 (ประมวลผลแล้ว)
2026-09-11 05:33:16 [DEBUG] รอบตรวจ: แท่งล่าสุด 2026-09-11 01:15:00 close 4319.61 spread 45.0 (ประมวลผลแล้ว)
2026-09-11 05:33:46 [DEBUG] รอบตรวจ: แท่งล่าสุด 2026-09-11 01:15:00 close 4319.61 spread 45.0 (ประมวลผลแล้ว)
2026-09-11 05:34:16 [DEBUG] รอบตรวจ: แท่งล่าสุด 2026-09-11 01:15:00 close 4319.61 spread 45.0 (ประมวลผลแล้ว)
2026-09-11 05:34:46 [DEBUG] รอบตรวจ: แท่งล่าสุด 2026-09-11 01:15:00 close 4319.61 spread 45.0 (ประมวลผลแล้ว)
2026-09-11 05:35:16 [DEBUG] รอบตรวจ: แท่งล่าสุด 2026-09-11 01:15:00 close 4319.61 spread 45.0 (ประมวลผลแล้ว)
2026-09-11 05:35:46 [DEBUG] รอบตรวจ: แท่งล่าสุด 2026-09-11 01:15:00 close 4319.61 spread 45.0 (ประมวลผลแล้ว)
2026-09-11 05:36:16 [DEBUG] รอบตรวจ: แท่งล่าสุด 2026-09-11 01:15:00 close 4319.61 spread 45.0 (ประมวลผลแล้ว)
2026-09-11 05:36:46 [DEBUG] รอบตรวจ: แท่งล่าสุด 2026-09-11 01:15:00 close 4319.61 spread 45.0 (ประมวลผลแล้ว)
2026-09-11 05:37:16 [DEBUG] รอบตรวจ: แท่งล่าสุด 2026-09-11 01:15:00 close 4319.61 spread 45.0 (ประมวลผลแล้ว)
2026-09-11 05:37:46 [DEBUG] รอบตรวจ: แท่งล่าสุด 2026-09-11 01:15:00 close 4319.61 spread 45.0 (ประมวลผลแล้ว)
2026-09-11 05:38:16 [DEBUG] รอบตรวจ: แท่งล่าสุด 2026-09-11 01:15:00 close 4319.61 spread 45.0 (ประมวลผลแล้ว)
2026-09-11 05:38:46 [DEBUG] รอบตรวจ: แท่งล่าสุด 2026-09-11 01:15:00 close 4319.61 spread 45.0 (ประมวลผลแล้ว)
2026-09-11 05:39:16 [DEBUG] รอบตรวจ: แท่งล่าสุด 2026-09-11 01:15:00 close 4319.61 spread 28.0 (ประมวลผลแล้ว)
2026-09-11 05:39:46 [DEBUG] รอบตรวจ: แท่งล่าสุด 2026-09-11 01:15:00 close 4319.61 spread 45.0 (ประมวลผลแล้ว)
2026-09-11 05:40:16 [DEBUG] รอบตรวจ: แท่งล่าสุด 2026-09-11 01:15:00 close 4319.61 spread 45.0 (ประมวลผลแล้ว)
2026-09-11 05:40:46 [DEBUG] รอบตรวจ: แท่งล่าสุด 2026-09-11 01:15:00 close 4319.61 spread 45.0 (ประมวลผลแล้ว)
2026-09-11 05:41:16 [DEBUG] รอบตรวจ: แท่งล่าสุด 2026-09-11 01:15:00 close 4319.61 spread 45.0 (ประมวลผลแล้ว)
2026-09-11 05:41:46 [DEBUG] รอบตรวจ: แท่งล่าสุด 2026-09-11 01:15:00 close 4319.61 spread 45.0 (ประมวลผลแล้ว)
2026-09-11 05:42:16 [DEBUG] รอบตรวจ: แท่งล่าสุด 2026-09-11 01:15:00 close 4319.61 spread 45.0 (ประมวลผลแล้ว)
2026-09-11 05:42:46 [DEBUG] รอบตรวจ: แท่งล่าสุด 2026-09-11 01:15:00 close 4319.61 spread 45.0 (ประมวลผลแล้ว)
2026-09-11 05:43:16 [DEBUG] รอบตรวจ: แท่งล่าสุด 2026-09-11 01:15:00 close 4319.61 spread 45.0 (ประมวลผลแล้ว)
2026-09-11 05:43:46 [DEBUG] รอบตรวจ: แท่งล่าสุด 2026-09-11 01:15:00 close 4319.61 spread 45.0 (ประมวลผลแล้ว)
2026-09-11 05:44:16 [DEBUG] รอบตรวจ: แท่งล่าสุด 2026-09-11 01:15:00 close 4319.61 spread 45.0 (ประมวลผลแล้ว)
2026-09-11 05:44:46 [DEBUG] รอบตรวจ: แท่งล่าสุด 2026-09-11 01:15:00 close 4319.61 spread 45.0 (ประมวลผลแล้ว)
2026-09-11 05:45:16 [DEBUG] รอบตรวจ: แท่งล่าสุด 2026-09-11 01:30:00 close 4316.02 spread 45.0 (แท่งใหม่)
2026-09-11 05:45:16 [INFO] แท่งปิด 2026-09-11 01:30:00 | Close 4316.02 | H1 DOWNTREND | M5 DOWNTREND | RSI 28.2 | ADX 50.9 | ATR 8.39 | Spread 45.0
2026-09-11 05:45:16 [INFO] คำตัดสิน: [2mHOLD — ยังไม่มีสัญญาณตัดกัน[0m
2026-09-11 05:45:16 [DEBUG]   [ไม่ผ่าน] สัญญาณตัดกัน M15: MA20/MA50 ให้ HOLD
2026-09-11 05:45:16 [DEBUG] Starting new HTTPS connection (1): api.telegram.org:443
2026-09-11 05:45:17 [DEBUG] https://api.telegram.org:443 "POST /bot8624918359:AAGleKax3bKKXX_pdgTMX49IIYtUJVqWf48/sendMessage HTTP/1.1" 200 1432
2026-09-11 05:45:47 [DEBUG] รอบตรวจ: แท่งล่าสุด 2026-09-11 01:30:00 close 4316.02 spread 45.0 (ประมวลผลแล้ว)
2026-09-11 05:46:17 [DEBUG] รอบตรวจ: แท่งล่าสุด 2026-09-11 01:30:00 close 4316.02 spread 45.0 (ประมวลผลแล้ว)
2026-09-11 05:46:47 [DEBUG] รอบตรวจ: แท่งล่าสุด 2026-09-11 01:30:00 close 4316.02 spread 45.0 (ประมวลผลแล้ว)
2026-09-11 05:47:17 [DEBUG] รอบตรวจ: แท่งล่าสุด 2026-09-11 01:30:00 close 4316.02 spread 45.0 (ประมวลผลแล้ว)
2026-09-11 05:47:47 [DEBUG] รอบตรวจ: แท่งล่าสุด 2026-09-11 01:30:00 close 4316.02 spread 45.0 (ประมวลผลแล้ว)
2026-09-11 05:48:17 [DEBUG] รอบตรวจ: แท่งล่าสุด 2026-09-11 01:30:00 close 4316.02 spread 45.0 (ประมวลผลแล้ว)
2026-09-11 05:48:47 [DEBUG] รอบตรวจ: แท่งล่าสุด 2026-09-11 01:30:00 close 4316.02 spread 45.0 (ประมวลผลแล้ว)
2026-09-11 05:49:17 [DEBUG] รอบตรวจ: แท่งล่าสุด 2026-09-11 01:30:00 close 4316.02 spread 45.0 (ประมวลผลแล้ว)
2026-09-11 05:49:47 [DEBUG] รอบตรวจ: แท่งล่าสุด 2026-09-11 01:30:00 close 4316.02 spread 45.0 (ประมวลผลแล้ว)
2026-09-11 05:50:17 [DEBUG] รอบตรวจ: แท่งล่าสุด 2026-09-11 01:30:00 close 4316.02 spread 45.0 (ประมวลผลแล้ว)
2026-09-11 05:50:47 [DEBUG] รอบตรวจ: แท่งล่าสุด 2026-09-11 01:30:00 close 4316.02 spread 45.0 (ประมวลผลแล้ว)
2026-09-11 05:51:17 [DEBUG] รอบตรวจ: แท่งล่าสุด 2026-09-11 01:30:00 close 4316.02 spread 45.0 (ประมวลผลแล้ว)
2026-09-11 05:51:47 [DEBUG] รอบตรวจ: แท่งล่าสุด 2026-09-11 01:30:00 close 4316.02 spread 45.0 (ประมวลผลแล้ว)
2026-09-11 05:52:17 [DEBUG] รอบตรวจ: แท่งล่าสุด 2026-09-11 01:30:00 close 4316.02 spread 45.0 (ประมวลผลแล้ว)
2026-09-11 05:52:47 [DEBUG] รอบตรวจ: แท่งล่าสุด 2026-09-11 01:30:00 close 4316.02 spread 45.0 (ประมวลผลแล้ว)
2026-09-11 05:53:17 [DEBUG] รอบตรวจ: แท่งล่าสุด 2026-09-11 01:30:00 close 4316.02 spread 45.0 (ประมวลผลแล้ว)
2026-09-11 05:53:47 [DEBUG] รอบตรวจ: แท่งล่าสุด 2026-09-11 01:30:00 close 4316.02 spread 45.0 (ประมวลผลแล้ว)
2026-09-11 05:54:17 [DEBUG] รอบตรวจ: แท่งล่าสุด 2026-09-11 01:30:00 close 4316.02 spread 45.0 (ประมวลผลแล้ว)
2026-09-11 05:54:47 [DEBUG] รอบตรวจ: แท่งล่าสุด 2026-09-11 01:30:00 close 4316.02 spread 45.0 (ประมวลผลแล้ว)
2026-09-11 05:55:17 [DEBUG] รอบตรวจ: แท่งล่าสุด 2026-09-11 01:30:00 close 4316.02 spread 45.0 (ประมวลผลแล้ว)
2026-09-11 05:55:47 [DEBUG] รอบตรวจ: แท่งล่าสุด 2026-09-11 01:30:00 close 4316.02 spread 45.0 (ประมวลผลแล้ว)
2026-09-11 05:56:17 [DEBUG] รอบตรวจ: แท่งล่าสุด 2026-09-11 01:30:00 close 4316.02 spread 45.0 (ประมวลผลแล้ว)
2026-09-11 05:56:47 [DEBUG] รอบตรวจ: แท่งล่าสุด 2026-09-11 01:30:00 close 4316.02 spread 45.0 (ประมวลผลแล้ว)
2026-09-11 05:57:17 [DEBUG] รอบตรวจ: แท่งล่าสุด 2026-09-11 01:30:00 close 4316.02 spread 45.0 (ประมวลผลแล้ว)
2026-09-11 05:57:47 [DEBUG] รอบตรวจ: แท่งล่าสุด 2026-09-11 01:30:00 close 4316.02 spread 45.0 (ประมวลผลแล้ว)
2026-09-11 05:58:17 [DEBUG] รอบตรวจ: แท่งล่าสุด 2026-09-11 01:30:00 close 4316.02 spread 45.0 (ประมวลผลแล้ว)
2026-09-11 05:58:47 [DEBUG] รอบตรวจ: แท่งล่าสุด 2026-09-11 01:30:00 close 4316.02 spread 45.0 (ประมวลผลแล้ว)
2026-09-11 05:59:17 [DEBUG] รอบตรวจ: แท่งล่าสุด 2026-09-11 01:30:00 close 4316.02 spread 45.0 (ประมวลผลแล้ว)
2026-09-11 05:59:47 [DEBUG] รอบตรวจ: แท่งล่าสุด 2026-09-11 01:30:00 close 4316.02 spread 45.0 (ประมวลผลแล้ว)
2026-09-11 06:00:17 [DEBUG] รอบตรวจ: แท่งล่าสุด 2026-09-11 01:45:00 close 4318.47 spread 45.0 (แท่งใหม่)
2026-09-11 06:00:17 [INFO] แท่งปิด 2026-09-11 01:45:00 | Close 4318.47 | H1 DOWNTREND | M5 DOWNTREND | RSI 31.6 | ADX 51.5 | ATR 8.08 | Spread 45.0
2026-09-11 06:00:17 [INFO] คำตัดสิน: [2mHOLD — ยังไม่มีสัญญาณตัดกัน[0m
2026-09-11 06:00:17 [DEBUG]   [ไม่ผ่าน] สัญญาณตัดกัน M15: MA20/MA50 ให้ HOLD
2026-09-11 06:00:17 [DEBUG] Starting new HTTPS connection (1): api.telegram.org:443
2026-09-11 06:00:19 [DEBUG] https://api.telegram.org:443 "POST /bot8624918359:AAGleKax3bKKXX_pdgTMX49IIYtUJVqWf48/sendMessage HTTP/1.1" 200 1402
2026-09-11 06:00:49 [DEBUG] รอบตรวจ: แท่งล่าสุด 2026-09-11 01:45:00 close 4318.47 spread 45.0 (ประมวลผลแล้ว)
2026-09-11 06:01:19 [DEBUG] รอบตรวจ: แท่งล่าสุด 2026-09-11 01:45:00 close 4318.47 spread 45.0 (ประมวลผลแล้ว)
2026-09-11 06:01:49 [DEBUG] รอบตรวจ: แท่งล่าสุด 2026-09-11 01:45:00 close 4318.47 spread 45.0 (ประมวลผลแล้ว)
2026-09-11 06:02:19 [DEBUG] รอบตรวจ: แท่งล่าสุด 2026-09-11 01:45:00 close 4318.47 spread 45.0 (ประมวลผลแล้ว)
2026-09-11 06:02:49 [DEBUG] รอบตรวจ: แท่งล่าสุด 2026-09-11 01:45:00 close 4318.47 spread 45.0 (ประมวลผลแล้ว)
2026-09-11 06:03:19 [DEBUG] รอบตรวจ: แท่งล่าสุด 2026-09-11 01:45:00 close 4318.47 spread 45.0 (ประมวลผลแล้ว)
2026-09-11 06:03:49 [DEBUG] รอบตรวจ: แท่งล่าสุด 2026-09-11 01:45:00 close 4318.47 spread 45.0 (ประมวลผลแล้ว)
2026-09-11 06:04:19 [DEBUG] รอบตรวจ: แท่งล่าสุด 2026-09-11 01:45:00 close 4318.47 spread 45.0 (ประมวลผลแล้ว)
2026-09-11 06:04:49 [DEBUG] รอบตรวจ: แท่งล่าสุด 2026-09-11 01:45:00 close 4318.47 spread 45.0 (ประมวลผลแล้ว)
2026-09-11 06:05:19 [DEBUG] รอบตรวจ: แท่งล่าสุด 2026-09-11 01:45:00 close 4318.47 spread 45.0 (ประมวลผลแล้ว)
2026-09-11 06:05:49 [DEBUG] รอบตรวจ: แท่งล่าสุด 2026-09-11 01:45:00 close 4318.47 spread 45.0 (ประมวลผลแล้ว)
2026-09-11 06:06:19 [DEBUG] รอบตรวจ: แท่งล่าสุด 2026-09-11 01:45:00 close 4318.47 spread 45.0 (ประมวลผลแล้ว)
2026-09-11 06:06:49 [DEBUG] รอบตรวจ: แท่งล่าสุด 2026-09-11 01:45:00 close 4318.47 spread 45.0 (ประมวลผลแล้ว)
2026-09-11 06:07:19 [DEBUG] รอบตรวจ: แท่งล่าสุด 2026-09-11 01:45:00 close 4318.47 spread 45.0 (ประมวลผลแล้ว)
2026-09-11 06:07:49 [DEBUG] รอบตรวจ: แท่งล่าสุด 2026-09-11 01:45:00 close 4318.47 spread 45.0 (ประมวลผลแล้ว)
2026-09-11 06:08:19 [DEBUG] รอบตรวจ: แท่งล่าสุด 2026-09-11 01:45:00 close 4318.47 spread 45.0 (ประมวลผลแล้ว)
2026-09-11 06:08:49 [DEBUG] รอบตรวจ: แท่งล่าสุด 2026-09-11 01:45:00 close 4318.47 spread 45.0 (ประมวลผลแล้ว)
2026-09-11 06:09:19 [DEBUG] รอบตรวจ: แท่งล่าสุด 2026-09-11 01:45:00 close 4318.47 spread 45.0 (ประมวลผลแล้ว)
2026-09-11 06:09:49 [DEBUG] รอบตรวจ: แท่งล่าสุด 2026-09-11 01:45:00 close 4318.47 spread 45.0 (ประมวลผลแล้ว)
2026-09-11 06:10:19 [DEBUG] รอบตรวจ: แท่งล่าสุด 2026-09-11 01:45:00 close 4318.47 spread 45.0 (ประมวลผลแล้ว)
2026-09-11 06:10:49 [DEBUG] รอบตรวจ: แท่งล่าสุด 2026-09-11 01:45:00 close 4318.47 spread 45.0 (ประมวลผลแล้ว)
2026-09-11 06:11:19 [DEBUG] รอบตรวจ: แท่งล่าสุด 2026-09-11 01:45:00 close 4318.47 spread 45.0 (ประมวลผลแล้ว)
2026-09-11 06:11:49 [DEBUG] รอบตรวจ: แท่งล่าสุด 2026-09-11 01:45:00 close 4318.47 spread 45.0 (ประมวลผลแล้ว)
2026-09-11 06:12:19 [DEBUG] รอบตรวจ: แท่งล่าสุด 2026-09-11 01:45:00 close 4318.47 spread 45.0 (ประมวลผลแล้ว)
2026-09-11 06:12:49 [DEBUG] รอบตรวจ: แท่งล่าสุด 2026-09-11 01:45:00 close 4318.47 spread 45.0 (ประมวลผลแล้ว)
2026-09-11 06:13:19 [DEBUG] รอบตรวจ: แท่งล่าสุด 2026-09-11 01:45:00 close 4318.47 spread 45.0 (ประมวลผลแล้ว)
2026-09-11 06:13:49 [DEBUG] รอบตรวจ: แท่งล่าสุด 2026-09-11 01:45:00 close 4318.47 spread 45.0 (ประมวลผลแล้ว)
2026-09-11 06:14:19 [DEBUG] รอบตรวจ: แท่งล่าสุด 2026-09-11 01:45:00 close 4318.47 spread 45.0 (ประมวลผลแล้ว)
2026-09-11 06:14:49 [DEBUG] รอบตรวจ: แท่งล่าสุด 2026-09-11 01:45:00 close 4318.47 spread 45.0 (ประมวลผลแล้ว)
2026-09-11 06:15:19 [DEBUG] รอบตรวจ: แท่งล่าสุด 2026-09-11 02:00:00 close 4319.64 spread 39.0 (แท่งใหม่)
2026-09-11 06:15:19 [INFO] แท่งปิด 2026-09-11 02:00:00 | Close 4319.64 | H1 DOWNTREND | M5 DOWNTREND | RSI 33.3 | ADX 51.9 | ATR 7.74 | Spread 39.0
2026-09-11 06:15:19 [INFO] คำตัดสิน: [2mHOLD — ยังไม่มีสัญญาณตัดกัน[0m
2026-09-11 06:15:19 [DEBUG]   [ไม่ผ่าน] สัญญาณตัดกัน M15: MA20/MA50 ให้ HOLD
2026-09-11 06:15:19 [DEBUG] Starting new HTTPS connection (1): api.telegram.org:443
2026-09-11 06:15:20 [DEBUG] https://api.telegram.org:443 "POST /bot8624918359:AAGleKax3bKKXX_pdgTMX49IIYtUJVqWf48/sendMessage HTTP/1.1" 200 1402
2026-09-11 06:15:50 [DEBUG] รอบตรวจ: แท่งล่าสุด 2026-09-11 02:00:00 close 4319.64 spread 39.0 (ประมวลผลแล้ว)
2026-09-11 06:16:20 [DEBUG] รอบตรวจ: แท่งล่าสุด 2026-09-11 02:00:00 close 4319.64 spread 39.0 (ประมวลผลแล้ว)
2026-09-11 06:16:50 [DEBUG] รอบตรวจ: แท่งล่าสุด 2026-09-11 02:00:00 close 4319.64 spread 39.0 (ประมวลผลแล้ว)
2026-09-11 06:17:20 [DEBUG] รอบตรวจ: แท่งล่าสุด 2026-09-11 02:00:00 close 4319.64 spread 38.0 (ประมวลผลแล้ว)
2026-09-11 06:17:50 [DEBUG] รอบตรวจ: แท่งล่าสุด 2026-09-11 02:00:00 close 4319.64 spread 37.0 (ประมวลผลแล้ว)
2026-09-11 06:18:20 [DEBUG] รอบตรวจ: แท่งล่าสุด 2026-09-11 02:00:00 close 4319.64 spread 33.0 (ประมวลผลแล้ว)
2026-09-11 06:18:50 [DEBUG] รอบตรวจ: แท่งล่าสุด 2026-09-11 02:00:00 close 4319.64 spread 39.0 (ประมวลผลแล้ว)
2026-09-11 06:19:20 [DEBUG] รอบตรวจ: แท่งล่าสุด 2026-09-11 02:00:00 close 4319.64 spread 39.0 (ประมวลผลแล้ว)
2026-09-11 06:19:50 [DEBUG] รอบตรวจ: แท่งล่าสุด 2026-09-11 02:00:00 close 4319.64 spread 39.0 (ประมวลผลแล้ว)
2026-09-11 06:20:20 [DEBUG] รอบตรวจ: แท่งล่าสุด 2026-09-11 02:00:00 close 4319.64 spread 39.0 (ประมวลผลแล้ว)
2026-09-11 06:20:50 [DEBUG] รอบตรวจ: แท่งล่าสุด 2026-09-11 02:00:00 close 4319.64 spread 39.0 (ประมวลผลแล้ว)
2026-09-11 06:21:20 [DEBUG] รอบตรวจ: แท่งล่าสุด 2026-09-11 02:00:00 close 4319.64 spread 36.0 (ประมวลผลแล้ว)
2026-09-11 06:21:50 [DEBUG] รอบตรวจ: แท่งล่าสุด 2026-09-11 02:00:00 close 4319.64 spread 39.0 (ประมวลผลแล้ว)
2026-09-11 06:22:20 [DEBUG] รอบตรวจ: แท่งล่าสุด 2026-09-11 02:00:00 close 4319.64 spread 39.0 (ประมวลผลแล้ว)
2026-09-11 06:22:50 [DEBUG] รอบตรวจ: แท่งล่าสุด 2026-09-11 02:00:00 close 4319.64 spread 37.0 (ประมวลผลแล้ว)
2026-09-11 06:23:20 [DEBUG] รอบตรวจ: แท่งล่าสุด 2026-09-11 02:00:00 close 4319.64 spread 38.0 (ประมวลผลแล้ว)
2026-09-11 06:23:50 [DEBUG] รอบตรวจ: แท่งล่าสุด 2026-09-11 02:00:00 close 4319.64 spread 39.0 (ประมวลผลแล้ว)
2026-09-11 06:24:20 [DEBUG] รอบตรวจ: แท่งล่าสุด 2026-09-11 02:00:00 close 4319.64 spread 39.0 (ประมวลผลแล้ว)
2026-09-11 06:24:50 [DEBUG] รอบตรวจ: แท่งล่าสุด 2026-09-11 02:00:00 close 4319.64 spread 38.0 (ประมวลผลแล้ว)
2026-09-11 06:25:20 [DEBUG] รอบตรวจ: แท่งล่าสุด 2026-09-11 02:00:00 close 4319.64 spread 39.0 (ประมวลผลแล้ว)
2026-09-11 06:25:50 [DEBUG] รอบตรวจ: แท่งล่าสุด 2026-09-11 02:00:00 close 4319.64 spread 38.0 (ประมวลผลแล้ว)
2026-09-11 06:26:20 [DEBUG] รอบตรวจ: แท่งล่าสุด 2026-09-11 02:00:00 close 4319.64 spread 28.0 (ประมวลผลแล้ว)
2026-09-11 06:26:50 [DEBUG] รอบตรวจ: แท่งล่าสุด 2026-09-11 02:00:00 close 4319.64 spread 39.0 (ประมวลผลแล้ว)
2026-09-11 06:27:20 [DEBUG] รอบตรวจ: แท่งล่าสุด 2026-09-11 02:00:00 close 4319.64 spread 37.0 (ประมวลผลแล้ว)
2026-09-11 06:27:50 [DEBUG] รอบตรวจ: แท่งล่าสุด 2026-09-11 02:00:00 close 4319.64 spread 38.0 (ประมวลผลแล้ว)
2026-09-11 06:28:20 [DEBUG] รอบตรวจ: แท่งล่าสุด 2026-09-11 02:00:00 close 4319.64 spread 31.0 (ประมวลผลแล้ว)
2026-09-11 06:28:50 [DEBUG] รอบตรวจ: แท่งล่าสุด 2026-09-11 02:00:00 close 4319.64 spread 34.0 (ประมวลผลแล้ว)
2026-09-11 06:29:20 [DEBUG] รอบตรวจ: แท่งล่าสุด 2026-09-11 02:00:00 close 4319.64 spread 38.0 (ประมวลผลแล้ว)
2026-09-11 06:29:50 [DEBUG] รอบตรวจ: แท่งล่าสุด 2026-09-11 02:00:00 close 4319.64 spread 34.0 (ประมวลผลแล้ว)
2026-09-11 06:30:20 [DEBUG] รอบตรวจ: แท่งล่าสุด 2026-09-11 02:15:00 close 4318.18 spread 39.0 (แท่งใหม่)
2026-09-11 06:30:20 [INFO] แท่งปิด 2026-09-11 02:15:00 | Close 4318.18 | H1 DOWNTREND | M5 DOWNTREND | RSI 32.2 | ADX 52.1 | ATR 7.39 | Spread 39.0
2026-09-11 06:30:20 [INFO] คำตัดสิน: [2mHOLD — ยังไม่มีสัญญาณตัดกัน[0m
2026-09-11 06:30:20 [DEBUG]   [ไม่ผ่าน] สัญญาณตัดกัน M15: MA20/MA50 ให้ HOLD
2026-09-11 06:30:20 [DEBUG] Starting new HTTPS connection (1): api.telegram.org:443
2026-09-11 06:30:22 [DEBUG] https://api.telegram.org:443 "POST /bot8624918359:AAGleKax3bKKXX_pdgTMX49IIYtUJVqWf48/sendMessage HTTP/1.1" 200 1402
2026-09-11 06:30:52 [DEBUG] รอบตรวจ: แท่งล่าสุด 2026-09-11 02:15:00 close 4318.18 spread 39.0 (ประมวลผลแล้ว)
2026-09-11 06:31:22 [DEBUG] รอบตรวจ: แท่งล่าสุด 2026-09-11 02:15:00 close 4318.18 spread 39.0 (ประมวลผลแล้ว)
2026-09-11 06:31:52 [DEBUG] รอบตรวจ: แท่งล่าสุด 2026-09-11 02:15:00 close 4318.18 spread 37.0 (ประมวลผลแล้ว)
2026-09-11 06:32:16 [DEBUG] Starting new HTTPS connection (1): api.telegram.org:443
2026-09-11 06:32:17 [DEBUG] https://api.telegram.org:443 "POST /bot8624918359:AAGleKax3bKKXX_pdgTMX49IIYtUJVqWf48/sendMessage HTTP/1.1" 200 895
